Timestamp,Username,Tweet Content,Retweets,Likes,Replies
2023-10-31,BTC_Archive,NEW: #Bitcoin’s hard money properties make it an attractive ‘safe haven’ asset. Bitcoin has consistently outperformed gold since its inception - Bernstein Research,21,125,40
2023-10-31,BTC_Archive,NEW: #Bitcoin’s hard money properties make it an attractive ‘safe haven’ asset. Bitcoin has consistently outperformed gold since its inception - Bernstein Research https://t.co/oNJJcfOyXl,26,183,42
2023-10-31,BTC_Archive,#Bitcoin is digital energy https://t.co/GZmOzaY180,47,321,47
2023-10-31,BTC_Archive,FACT: #Bitcoin’s hard money properties make it an attractive ‘safe haven’ asset. Bitcoin has consistently outperformed gold since its inveption - Bernstein Research https://t.co/U3PMzzuCa1,25,128,30
2023-10-31,BTC_Archive,BREAKING: A #Bitcoin ETF in early Jan is now looking like a ‘done deal' - Bernstein Research https://t.co/O1obxCRzMQ,255,1441,85
2023-10-31,BTC_Archive,JUST IN - Allianz Chief Economist: People are talking about #Bitcoin as a 'safe asset' because they've lost confidence in government bonds. https://t.co/bUwjaEpXZY,189,1093,91
2023-10-31,BTC_Archive,"The #Bitcoin ETF is a big deal and its coming!

James Lavish and Joe Consorti explain why in The Bitcoin Report.    

GET IT👉https://t.co/8SPLWqqdRe… 

✅ 30 Day Free Trial 
✅ Cancel anytime

Just try it! https://t.co/hQt1FuSyIm https://t.co/8S0NZGIhcF",3,35,6
2023-10-31,BTC_Archive,"The #Bitcoin Whitepaper was published on this day 15 years ago - October 31, 2008.

Thank you Satoshi! 🙏 https://t.co/VSpNjCeKDk",918,3009,151
2023-10-31,BTC_Archive,"I only have coffee with friends who own #Bitcoin 😅

gm :)) https://t.co/GE4beTv7cU",35,415,76
2023-10-31,BTC_Archive,"I only have coffee friends who own #Bitcoin 😅

gm :)) https://t.co/aUhlfOviR3",0,3,5
2023-10-31,BTC_Archive,"JUST IN: 🇧🇬 Bulgaria’s oldest football club, Botev Plovdiv, adopts #Bitcoin Lightning payments and joins Nostr - Cointelegraph 

Goal! ⚽️🌹 https://t.co/ompmk0gEx5",287,1560,122
2023-10-31,BTC_Archive,RT @BTC_Archive: JUST IN: #Bitcoin provides you with risk mitigation in a world where bonds and equities are both selling off - Mohamed El-…,501,0,0
2023-10-31,BTC_Archive,RT @BTC_Archive: BREAKING: 🇭🇰 $840B global bank Standard Chartered to launch #Bitcoin and crypto custody services for institutions in Hong…,860,0,0
2023-10-30,BTC_Archive,"RT @BTC_Archive: #Bitcoin closed at the highest price in 78 weeks!  
Just getting started... https://t.co/mwTVqLTUap",306,0,0
2023-10-30,BTC_Archive,"JUST IN: Spot #Bitcoin ETF will be approved this year - Mike Novogratz, Galaxy Digital https://t.co/WoYYfoE7SV",607,3402,234
2023-10-30,BTC_Archive,"RT @BTC_Archive: #Bitcoin just made a 'Golden Cross'
50 DAY MA crossed the 200 DAY MA.

Bullish! 🚀 https://t.co/kw24sYzolQ",753,0,0
2023-10-30,BTC_Archive,"RT @stackhodler: ""I don't own any #Bitcoin... but I should."" 
- Stanley Druckenmiller

They all need it, but they don't have any yet.

Blac…",168,0,0
2023-10-30,BTC_Archive,#Bitcoin about to make heads explode! 💥 🤯💥 https://t.co/XH9gJCBQW2,202,1332,160
2023-10-30,BTC_Archive,JUST IN: Institutions are driving demand for #Bitcoin and crypto in Hong Kong - CEO of Standard Chartered-owned Zodia Custody https://t.co/alQb87D3Je,322,1821,122
2023-10-30,BTC_Archive,BREAKING: 🇭🇰 $840B global bank Standard Chartered to launch #Bitcoin and crypto custody services for institutions in Hong Kong. https://t.co/viMWRcS3D7,860,3533,171
2023-10-30,BTC_Archive,"JUST IN: #Bitcoin provides you with risk mitigation in a world where bonds and equities are both selling off - Mohamed El-Erian, Chief Economist at $2 Trillion Allianz

Safe haven asset... 😉 https://t.co/2Du2Z6GTq9",501,2305,182
2023-10-30,BTC_Archive,"#Bitcoin closed at the highest price in 78 weeks!  
Just getting started... https://t.co/mwTVqLTUap",306,1926,146
2023-10-30,BTC_Archive,"RT @BTC_Archive: The Wall Street bull now has laser eyes. 

The #Bitcoin takeover is here… https://t.co/S4lVeKKEzx",723,0,0
2023-10-30,BTC_Archive,"#Bitcoin just made a 'Golden Cross'
50 DAY MA crossed the 200 DAY MA.

Bullish! 🚀 https://t.co/kw24sYzolQ",753,3677,229
2023-10-30,BTC_Archive,"#Bitcoin just made a 'Golden Cross'
50 week MA crossed the 200 week MA.

Bullish! 🚀 https://t.co/93iYcc8V60",61,408,47
2023-10-30,BTC_Archive,"They don't own #Bitcoin yet.
We're so early... ⏰

gm:)) ☕️ https://t.co/7SRgFEEAw8",138,1123,242
2023-10-29,BTC_Archive,"POLL: Have you noticed more of your family, friends and randoms asking you about #Bitcoin lately?",37,303,158
2023-10-29,BTC_Archive,"#Bitcoin  about to close at the highest price in 78 weeks!

Looking strong!💪 https://t.co/MQXUzSpsvM",634,3249,191
2023-10-29,BTC_Archive,RT @BTC_Archive: NEW: Video emerges of Gary Gensler admitting it was inconsistent that a #Bitcoin futures ETF existed but not a spot Bitcoi…,914,0,0
2023-10-29,BTC_Archive,"RT @BTC_Archive: JUST IN: Google searches #Bitcoin have surged globally in the last 3 weeks.

Probably nothing... 👀 https://t.co/zc9mF315e2",798,0,0
2023-10-29,BTC_Archive,"The Wall Street bull now has laser eyes. 

The #Bitcoin takeover is here… https://t.co/S4lVeKKEzx",723,3971,249
2023-10-29,BTC_Archive,RT @BTC_Archive: JUST IN: #Bitcoin is a “safe haven asset” that consistently outperforms gold - $676 Billion fund manager Alliance Bernstei…,334,0,0
2023-10-29,BTC_Archive,"RT @BTC_Archive: #Bitcoin up +29% this month 🚀 

Uptober delivers again. https://t.co/RRmcnmNnfr",512,0,0
2023-10-28,BTC_Archive,"NEW: Video emerges of Gary Gensler admitting it was inconsistent that a #Bitcoin futures ETF existed but not a spot Bitcoin ETF, when he was teaching at MIT.  🧐 

 https://t.co/7GDXinYH32",914,3748,372
2023-10-28,BTC_Archive,RT @BTC_Archive: 🇺🇸 SEC Chairman says 8 to 10 spot #Bitcoin ETFs are under consideration for approval. https://t.co/310uWu5mpc,818,0,0
2023-10-28,BTC_Archive,RT @BTC_Archive: $600 BILLION could pour into #Bitcoin and crypto when a spot Bitcoin ETF is approved - Bernstein Research 👀 https://t.co/v…,682,0,0
2023-10-28,BTC_Archive,"RT @BTC_Archive: 🚨 The first spot #Bitcoin ETF will be approved between October and March, 2024, says $676 BILLION fund manager AB Bernstei…",486,0,0
2023-10-28,BTC_Archive,"RT @TechDev_52: Every 3 to 3.5 years, this signal says the next several months will be explosive for #Bitcoin. https://t.co/OQkoCVgbwH",401,0,0
2023-10-28,BTC_Archive,"#Bitcoin has turned the corner 🌞
Sunny days ahead... https://t.co/5ZeR9UZUCj",297,1830,133
2023-10-27,BTC_Archive,"#Bitcoin up +29% this month 🚀 

Uptober delivers again. https://t.co/RRmcnmNnfr",512,2942,185
2023-10-27,BTC_Archive,JUST IN: #Bitcoin is a “safe haven asset” that consistently outperforms gold - $676 Billion fund manager Alliance Bernstein https://t.co/PH0YsvQNd4,334,1857,138
2023-10-27,BTC_Archive,"🚨 The first spot #Bitcoin ETF will be approved between October and March, 2024, says $676 BILLION fund manager AB Bernstein. https://t.co/wXMaG9hw66",486,2663,197
2023-10-27,BTC_Archive,$600 BILLION could pour into #Bitcoin and crypto when a spot Bitcoin ETF is approved - Bernstein Research 👀 https://t.co/vTZYX7YMon,682,3164,230
2023-10-27,BTC_Archive,JUST IN: $676 Billion fund manager Alliance Bernstein calls  #Bitcoin a “safe haven asset” that consistently outperforms gold. https://t.co/GViHiInFKB,35,265,40
2023-10-27,BTC_Archive,JUST IN: $676 Billion fund manager Alliance Bernstein calls  #Bitcoin a “safe haven asset” that consistently outperforms gold. https://t.co/7Npj96URth,2,28,4
2023-10-27,BTC_Archive,🇺🇸 SEC Chairman says 8 to 10 spot #Bitcoin ETFs are under consideration for approval. https://t.co/310uWu5mpc,818,4245,332
2023-10-27,BTC_Archive,#Bitcoin is just getting started... 🚀 https://t.co/UO4PDMEX3M,318,1690,174
2023-10-27,BTC_Archive,"JUST IN: Google searches #Bitcoin have surged globally in the last 3 weeks.

Probably nothing... 👀 https://t.co/zc9mF315e2",798,4017,206
2023-10-27,BTC_Archive,NEW: #Bitcoin is $5K away from recovering the full price drop from the 2022 altcoin demolition. https://t.co/SRx3BUVYm2,402,2063,159
2023-10-27,BTC_Archive,RT @BTC_Archive: BREAKING: Argentina's pro-#Bitcoin presidential candidate has secured the endorsement of the 3rd-place candidate who has n…,687,0,0
2023-10-27,BTC_Archive,RT @BTC_Archive: JUST IN: Institutional demand is fuelling #Bitcoin price - JPMorgan https://t.co/IZrGmrBeOV,606,0,0
2023-10-27,BTC_Archive,"RT @BTC_Archive: Stocks down.
#Bitcoin up!

BlackRock CEO said Bitcoin is a ""flight to quality"" because of the global chaos.

Billionaire h…",807,0,0
2023-10-26,BTC_Archive,"RT @jameslavish: I'm super excited to be working with @BTC_Archive and @JoeConsorti to bring pure #Bitcoin signal to you every week

You ca…",42,0,0
2023-10-26,BTC_Archive,RT @BTC_Archive: JUST IN: US institutions are embracing the news that a spot #Bitcoin ETF appears imminent - Matrixport research note 👀 htt…,820,0,0
2023-10-26,BTC_Archive,"RT @BTC_Archive: “Yeah Bitcoin trades like a tech stock just check the Nasdaq.”

De-coupling is here… 😎 https://t.co/jTMVv5l2gf",567,0,0
2023-10-26,BTC_Archive,"RT @BTC_Archive: JUST IN: Bitwise files an updated spot #Bitcoin ETF application after SEC feedback.  

It will trade under $BITB ticker an…",675,0,0
2023-10-26,BTC_Archive,"RT @JoeConsorti: I'm stoked to be launching YET ANOTHER newsletter!

This time with @JamesLavish &amp; @BTC_Archive 

Pure #Bitcoin and market…",29,0,0
2023-10-26,BTC_Archive,JUST IN: Institutional demand is fuelling #Bitcoin price - JPMorgan https://t.co/IZrGmrBeOV,606,3054,193
2023-10-26,BTC_Archive,"BREAKING: Argentina's pro-#Bitcoin presidential candidate has secured the endorsement of the 3rd-place candidate who has now dropped out ahead of the run-off election.

A pro-#Bitcoin president is getting closer for a nation 20x bigger than El Salvador! https://t.co/6kMoy736HC",687,3882,210
2023-10-26,BTC_Archive,"Stocks down.
#Bitcoin up!

BlackRock CEO said Bitcoin is a ""flight to quality"" because of the global chaos.

Billionaire hedge fund manager Paul Tudor Jones said ""Bitcoin is the fastest horse in the race"" in an inflationary recession.

Is the De-Coupling finally here? https://t.co/mfkYvzkiAe",807,3327,183
2023-10-26,BTC_Archive,"Sipping coffee before the morning rush is like buying #Bitcoin before the bull market stampede.

gm gm :)) ☕️👌😎 https://t.co/zJ3TNLk5Or",234,1465,257
2023-10-25,BTC_Archive,"JUST IN: Bitwise files an updated spot #Bitcoin ETF application after SEC feedback.  

It will trade under $BITB ticker and when the SEC approves it. 👀      

h/t: @JSeyff https://t.co/2zZAttnirf",675,2830,152
2023-10-25,BTC_Archive,"JUST IN: Bitwise files an updated spot #Bitcoin ETF application after SEC feedback.  

It will trade under $BITB ticker and when the SEC approves it. 👀      h/t: @JSeyff https://t.co/QaxGobXFM6",0,8,3
2023-10-25,BTC_Archive,"JUST IN: Bitwise files an updated spot #Bitcoin ETF application after SEC feedback.  

It will trade under $BITB ticker and when the SEC approves it. 👀 https://t.co/43Q7XtPz6y",4,13,4
2023-10-25,BTC_Archive,"RT @BTC_Archive: **BREAKING🚨

James Lavish &amp; Joe Consorti are joining me to launch THE BITCOIN REPORT!

Institutional quality insights stra…",74,0,0
2023-10-25,BTC_Archive,"“Yeah Bitcoin trades like a tech stock just check the Nasdaq.”

De-coupling is here… 😎 https://t.co/jTMVv5l2gf",567,2948,185
2023-10-25,BTC_Archive,"“Yeah Bitcoin trades like a tech stock just check the Nasdaq.”

Cool story bro… 😎 https://t.co/qGD583Z3zL",11,71,20
2023-10-25,BTC_Archive,"RT @BTC_Archive: NEW: CFTC Commissioner Summer Mersinger says  ""the market is ready"" for a spot #Bitcoin ETF.

""There's a lot of interest.""…",501,0,0
2023-10-25,BTC_Archive,RT @BTC_Archive: This New York City bath house uses #Bitcoin mining to heat the water in the spa and pools. 🍃🍀🍃 https://t.co/OAWwg2Wp8N,356,0,0
2023-10-25,BTC_Archive,"Year of the camel 🐫 
Yallaaaa #Bitcoin https://t.co/CeGAPhPvyb",206,1481,116
2023-10-25,BTC_Archive,JUST IN: US institutions are embracing the news that a spot #Bitcoin ETF appears imminent - Matrixport research note 👀 https://t.co/uUxsKIIYtq,820,3697,212
2023-10-25,BTC_Archive,"James and Joe are both prolific and insightful writers in the Bitcoin space.  

Give them a follow: 👇
- James @jameslavish 
- Joe @JoeConsorti",1,57,7
2023-10-25,BTC_Archive,"**BREAKING🚨

James Lavish &amp; Joe Consorti are joining me to launch THE BITCOIN REPORT!

Institutional quality insights straight to your inbox!
👉https://t.co/k5MyGdnZmP

- James is a brilliant financial educator.
- Joe is an incredibly sharp analyst.

JOIN US:… https://t.co/9aRAanChXO https://t.co/bDhtVDsezZ",74,488,112
2023-10-25,BTC_Archive,"**BREAKING🚨

James Lavish &amp; Joe Consorti are joining me to launch THE BITCOIN REPORT!

Institutional quality insights straight to your inbox!

- James is a brilliant financial educator.
- Joe is an incredibly sharp analyst.

JOIN US: https://t.co/k5MyGdnZmP https://t.co/7mR4pXg3pg https://t.co/h6Qa7sp5BL",3,4,2
2023-10-25,BTC_Archive,"Institutions are coming to #Bitcoin 

You’re not bullish enough 🚀 https://t.co/eMrIxsa43k",397,1796,130
2023-10-25,BTC_Archive,RT @stacyherbert: Adam Back believes that El Salvador’s $1 billion bitcoin mining and energy infrastructure project @Volcano_Energy can hel…,161,0,0
2023-10-25,BTC_Archive,A #Bitcoin mining circuit board by Jack Dorsey's Block will be launched next year 🙌 https://t.co/Nbx6C9yDKc,258,1517,165
2023-10-25,BTC_Archive,"🇺🇸 The first spot #Bitcoin ETF will be approved between October and March, 2024, says $676b fund manager AB Bernstein. https://t.co/xQIUhIw2Oj",671,3242,268
2023-10-25,BTC_Archive,"🇺🇸 Founder of $300 billion fund manager, Ric Edelman predicts #Bitcoin to hit $150,000 by summer of 2025 https://t.co/nVwp8GEqmL",438,2400,253
2023-10-25,BTC_Archive,"#Bitcoin is shining...

gm plebs :)) https://t.co/rUUnzP07p4",97,737,88
2023-10-25,BTC_Archive,"NEW: #Bitcoin is mispriced.  It should already be over $100,000  - cypherpunk Adam Back 

Yes. 🤝 https://t.co/MqrBEUEuDv",668,3883,281
2023-10-25,BTC_Archive,"NEW: Sell bonds, Buy #Bitcoin, says Billionaire Ricardo Salinas. 🤝 https://t.co/QppN98RAAm",519,2815,189
2023-10-25,BTC_Archive,This New York City bath house uses #Bitcoin mining to heat the water in the spa and pools. 🍃🍀🍃 https://t.co/OAWwg2Wp8N,356,2019,164
2023-10-25,BTC_Archive,"NEW: CFTC Commissioner Summer Mersinger says  ""the market is ready"" for a spot #Bitcoin ETF.

""There's a lot of interest."" https://t.co/fF87h5OTY1",501,2494,166
2023-10-24,BTC_Archive,"BREAKING: BlackRock's iShares #Bitcoin Trust has now been re-listed on the DTCC. 

Gary got a call ☎️",686,4412,189
