Timestamp,Username,Tweet Content,Retweets,Likes,Replies
2023-11-17,krakenfx,@Bitcoin Empowering individuals to control their own financial destiny 🧡 💪,2,24,5
2023-11-17,krakenfx,"Bitcoin ordinal NFTs are breaking barriers, reaching an incredible all-time high in 24-hour volume. 🔥 

Do you own any? Show us your Ordinal!

Learn more 👉 https://t.co/C2JM5oxySx https://t.co/1qetDPbqNV",9,83,42
2023-11-16,krakenfx,@RobertKennedyJr It's great to see more politicians take an interest in #Bitcoin! 🧡,0,15,3
2023-11-16,krakenfx,@BitcoinMagazine @RobertKennedyJr @thebtcmag The future is orange and places Bitcoin first policy as a key issue in upcoming elections! 🧡,0,27,3
