Timestamp,Username,Tweet Content,Retweets,Likes,Replies
2023-10-31,Bitcoin,"€32,316.40

#Bitcoin  #BTC  $BTC  $EUR",44,300,73
2023-10-31,Bitcoin,https://t.co/nh5hiGcN3E,386,1699,145
2023-10-31,Bitcoin,"#Bitcoin: A seed of innovation, now blooming into a decentralized garden of financial possibility, nurturing the future of finance. https://t.co/83mVhj5qqS",181,844,187
2023-10-31,Bitcoin,"#Bitcoin shatters the frozen confines of traditional finance, thawing minds to the potential of a decentralized future. https://t.co/9CtTnQyF6I",473,1860,286
2023-10-30,Bitcoin,"(BTC-Silver):     💿 1,456.69 oz

#Bitcoin  #BTC  $BTC $SILVER",130,544,139
2023-10-30,Bitcoin,#Bitcoin is a digital heartbeat echoing across the financial landscape. 🧡 https://t.co/gu26GuYtep,704,2402,312
2023-10-30,Bitcoin,RT @denverbitcoin: I find it quite humorous how often people (especially staunch critics) pontificate about #bitcoin’s hashrate and a 51% b…,75,0,0
2023-10-30,Bitcoin,#Bitcoin is the fire that melts the old to forge the new.🔥🌋 https://t.co/yj5LXVUxAO,780,2603,440
2023-10-29,Bitcoin,"$34,435.00

#Bitcoin  #BTC  $BTC $USD",799,1758,244
2023-10-29,Bitcoin,This #Bitcoin train cannot be stopped! https://t.co/xQ2UFNnBk6,1847,6523,711
2023-10-29,Bitcoin,"(BTC-Silver):     💿 1,454.27 oz

#Bitcoin  #BTC  $BTC $SILVER",272,788,189
2023-10-29,Bitcoin,"#Bitcoin is the grandmaster of financial chess, where every move is a calculated strategy in the game of decentralized wealth ♟💰 https://t.co/kuPD9odm39",898,2478,398
2023-10-28,Bitcoin,Why stop at the moon? #Bitcoin is aiming for the stars! 🌒🌃 https://t.co/X3tF0R7s59,1059,3123,434
2023-10-28,Bitcoin,"At least the 18-30 voting block has something positive to look forward to with the 2024 elections.

""Last year, Congress appeared on the precipice of making women register [for the draft] with what's formally called the Selective Service System...""

https://t.co/hfeDDw1i3z https://t.co/bRyOhhoB38",180,711,170
2023-10-28,Bitcoin,"$34,071.90

#Bitcoin  #BTC  $BTC $USD",435,1618,273
2023-10-28,Bitcoin,#Bitcoin security is a fortress of encryption protecting the currency of tomorrow. 🛡 🏰 https://t.co/fls1chRF1j,887,2504,365
2023-10-27,Bitcoin,"(BTC-Gold):     📀 17.1461 oz

#Bitcoin  #BTC  $BTC $GOLD",139,476,132
2023-10-27,Bitcoin,"The CEO of @jpmorgan has sold $140m of stock. Is he preparing for 7% interest rates, buying #Bitcoin or what?

""I want to point out the central banks 18 months ago were 100% dead wrong,"" Dimon added.

""I would be quite cautious about what might happen next year.""… https://t.co/VTMGJankPr https://t.co/8BCpeBYO1q",355,1187,220
2023-10-27,Bitcoin,"Rise with #Bitcoin, the phoenix of decentralization, and embrace a future of financial empowerment and sovereignty from the ashes of traditional finance. 🐦‍🔥 https://t.co/UCxDUaGFz7",611,2016,320
2023-10-27,Bitcoin,So long as NGU. https://t.co/zJfTh3zn7A,485,2814,267
2023-10-27,Bitcoin,"$34,094.50

#Bitcoin  #BTC  $BTC $USD",322,1445,259
2023-10-27,Bitcoin,"All aboard the #Bitcoin train! Next stop, Decentralized City. https://t.co/YgYw2nFbj0",850,3052,380
2023-10-26,Bitcoin,"£27,985.03

#Bitcoin  #BTC  $BTC $GBP",149,750,168
2023-10-26,Bitcoin,"In the maze of finance, #Bitcoin is our guiding light. https://t.co/HtyJoa1uqE",661,2430,395
2023-10-26,Bitcoin,"(BTC-Gold):     📀 17.3835 oz

#Bitcoin  #BTC  $BTC $GOLD",188,705,160
2023-10-26,Bitcoin,Every firework begins with a spark. #Bitcoin https://t.co/BjoAoWJzQt,777,2928,394
2023-10-25,Bitcoin,"Team #Bitcoin: The disruptors, the innovators, outpacing the traditional playbook of team fiat and rewriting the rules of the financial game. https://t.co/wjkwacFmMf",370,1252,223
2023-10-25,Bitcoin,"(BTC-Silver):     💿 1,469.88 oz

#Bitcoin  #BTC  $BTC $SILVER",181,665,234
2023-10-25,Bitcoin,"#Bitcoin: Where borders blur, and the whole world finds a common ledger.🌎📒 https://t.co/jnP3Bzq96y",908,2929,372
2023-10-24,Bitcoin,"£27,815.69

#Bitcoin  #BTC  $BTC $GBP",135,855,156
