Timestamp,Username,Tweet Content,Retweets,Likes,Replies
2023-10-17 11:25:19,DocumentingBTC,"RT @DocumentingBTC: ₿𝗥𝗘𝗔𝗞𝗜𝗡𝗚: New record #bitcoin hashrate!
440,000,000,000,000,000,000x per second https://t.co/DKeYDiGdPs",512,0,0
2023-10-16 20:22:18,DocumentingBTC,"Larry Fink is the CEO of BlackRock.

BlackRock is the largest money manager in the world holding $9,000,000,000,000.

He says #bitcoin is “flight to quality” https://t.co/L3sbBvho00",679,3121,166
2023-10-16 16:03:40,DocumentingBTC,"₿𝗥𝗘𝗔𝗞𝗜𝗡𝗚: New record #bitcoin hashrate!
440,000,000,000,000,000,000x per second https://t.co/DKeYDiGdPs",512,2827,178
2023-10-14 23:00:56,DocumentingBTC,"#Bitcoin explained like you’re in 5th grade. 
https://t.co/Mm5h5cfYDw",415,1268,84
2023-10-14 21:22:35,DocumentingBTC,"The global #bitcoin network calculates ~430,000,000,000,000,000,000 algorithms every second protecting the blockchain.

https://t.co/enTtiOLfJr",464,1598,107
2023-10-13 21:05:12,DocumentingBTC,"The next generation understands #bitcoin

https://t.co/QNgqB9VKgS",307,1020,304
2023-10-13 13:39:22,DocumentingBTC,"Dr. Arthur Laffer was a member of U.S President Reagan's Economic Policy Advisory Board. He is know for the Laffer curve theory and as ‘father of supply-side economics’.

He argues the #bitcoin standard can work. https://t.co/4b3m5tfiWc",216,818,57
2023-10-12 17:00:31,DocumentingBTC,"₿𝗥𝗘𝗔𝗞𝗜𝗡𝗚: New record #bitcoin hashrate!
430,000,000,000,000,000,000x per second https://t.co/C6FKzio93f",633,3164,283
2023-10-12 12:37:18,DocumentingBTC,"#Bitcoin is a breakthrough technology. 

https://t.co/FI3G4eRjrb",383,1313,81
2023-10-11 14:27:24,DocumentingBTC,"#Bitcoin is like internet, built in layers.

The Lightning Network is built on top of the blockchain to enable faster and cheaper payments.

- TCP/IP connects computers
- HTTP transfers web data

- BTC connects ledgers
- LN transfers payment data

Map of the #bitcoin⚡️ industry: https://t.co/p4iDIXBvtH",495,1452,102
2023-10-10 18:04:20,DocumentingBTC,"Paul T. Jones is worth $8,100,000,000 and pioneered the modern hedge fund industry.

He says, “I think #bitcoin takes on a larger percentage of your portfolio. I like #bitcoin” https://t.co/cn8Xtgg3kp",911,3930,151
2023-10-10 13:14:30,DocumentingBTC,"Fidelity @DigitalAssets Research Study

""Bitcoin First Revisited""
""Why investors need to consider bitcoin separately from other digital assets""

https://t.co/Beyiu4K1Nd",34,201,11
2023-10-10 13:14:30,DocumentingBTC,"10/ Fidelity concludes ""#bitcoin should be considered first and separate from all other digital assets that have followed it"" https://t.co/EeM0IgNHWS",44,235,11
2023-10-10 13:14:29,DocumentingBTC,"9/ Fidelity agrees #bitcoin is useful.

""It appears at this point that Bitcoin has found a role in the digital asset ecosystem as a scarce, store of value asset at the very least."" https://t.co/8w16IUB8mG",25,162,2
2023-10-10 13:14:29,DocumentingBTC,"8/ Fidelity writes, ""#Bitcoin continues to dominate the market capitalization of all competing currency tokens"" https://t.co/17VIJnYac0",26,169,4
2023-10-10 13:14:28,DocumentingBTC,"7/ Fidelity compares #bitcoin to internet.

""The internet protocol suite known as TCP/ IP is an open-source base layer...applications on top of which to be built.""

Owning #bitcoin ""would be akin to being able to own the base layer of the Internet"" https://t.co/5yVyTJYMnW",37,235,7
2023-10-10 13:14:28,DocumentingBTC,"6/ Fidelity provides hard numerical data showing how secure #bitcoin is compared to other coins.

""In terms of sheer computational power required to alter the network’s consensus, bitcoin far exceeds any remaining proof-of-work competitors."" https://t.co/pRu0OfUg7c",25,179,5
2023-10-10 13:14:27,DocumentingBTC,"5/ Fidelity is amazed #bitcoin survived.

""Every minute, hour, day, and year that Bitcoin survives increases its chances of continuing into the future...people would probably underestimate all of the negative events that Bitcoin has already endured"" https://t.co/hIKRcYhxBc",26,201,3
2023-10-10 13:14:27,DocumentingBTC,"4/ Fidelity compares #bitcoin to the wheel.

""The invention of the wheel represented an entirely new technology that, once invented, could never be reinvented. Similarly, never in human history had the problem of peer-to-peer electronic cash been solved until Bitcoin"" https://t.co/WiGOOsD5of",33,226,4
2023-10-10 13:14:26,DocumentingBTC,"3/ Fidelity explains ""Virtuous Cycle of Bitcoin""

""This #bitcoin network competition is likely to result in a winnertake-all scenario as the network grows and becomes more valuable"" https://t.co/3gG10AYxjD",27,202,7
2023-10-10 13:14:26,DocumentingBTC,"2/ Fidelity finds #bitcoin is the best money.

""Bitcoin clearly possesses a lot of good qualities of money, combining the scarcity and durability of gold with the ease of use, storage, and transportability of fiat"" https://t.co/kFxzUcjF5Q",43,239,19
2023-10-10 13:14:25,DocumentingBTC,"Fidelity manages $4,500,000,000,000.

43,000,000 investors trust Fidelity. 

Yesterday, they published new research explaining why investors should consider #bitcoin 

Here are 10 key points  🧵👇 https://t.co/mXLEYZpnRr",1507,4619,157
