Timestamp,Username,Tweet Content,Retweets,Likes,Replies
2023-11-15,Bitcoin,"(BTC-Gold):     📀 18.0654 oz

#Bitcoin  #BTC  $BTC $GOLD",62,411,173
2023-11-15,Bitcoin,"As autumn gracefully bows out, it symbolizes the beauty of letting go and the promise of rejuvenation in the cycle of seasons. #Bitcoin https://t.co/neRwGHlT86",323,1326,276
2023-11-14,Bitcoin,"(BTC-Gold):     📀 18.1502 oz

#Bitcoin  #BTC  $BTC $GOLD",79,433,116
2023-11-14,Bitcoin,"#Bitcoin is carving pathways through the financial frontier, sculpting a decentralized future. https://t.co/EuA0hIuRxC",345,1545,211
2023-11-14,Bitcoin,"We are building a new financial world with #Bitcoin. The pieces are all there, we just have to build it together! https://t.co/GWOJ1vH4YX",745,3031,447
2023-11-14,Bitcoin,"$36,539.90

#Bitcoin  #BTC  $BTC $USD",222,1294,271
2023-11-14,Bitcoin,#Bitcoin is the hero we deserve and the hero we need! https://t.co/WrKw8NFpjr,665,3153,496
2023-11-13,Bitcoin,"#Bitcoin is the rockstar of the financial world, playing a disruptive tune that's shaking the very foundation of traditional finance. https://t.co/F62azxxnTt",575,2249,313
2023-11-13,Bitcoin,"£30,123.44

#Bitcoin  #BTC  $BTC $GBP",182,1030,220
2023-11-13,Bitcoin,Ready for the #Bitcoin bulls! https://t.co/NKLEMXSHNc,1308,6729,697
2023-11-13,Bitcoin,"November 13, 2023 @ 03:07 AM (UTC)
Current Price of Bitcoin

(BTC-USD):        $37,150.80
(BTC-EUR):        €34,777.24",173,870,220
2023-11-13,Bitcoin,"#Bitcoin is a digital wizard in the realm of finance, casting its blockchain spells to conjure a decentralized and magical world of currency. https://t.co/pvARR9SCV1",678,2821,402
2023-11-12,Bitcoin,"(BTC-Gold):     📀 19.1483 oz

#Bitcoin  #BTC  $BTC $GOLD",149,717,129
2023-11-12,Bitcoin,RT @lopp: Bitcoin has been discussed on Twitter since the first week of the network's operation. The following is my attempt to cover major…,113,0,0
2023-11-12,Bitcoin,"If you are looking for a sign, the answer might just be right in front of you. #Bitcoin https://t.co/vg8lRYQ21j",543,2364,307
2023-11-12,Bitcoin,"November 12, 2023 @ 03:00 PM (UTC)
Current Price of Bitcoin

(BTC-USD):        $37,137.50
(BTC-EUR):        €34,660.43",192,1086,203
2023-11-12,Bitcoin,#Bitcoin HODLer in the making! https://t.co/I4Av6ayDk4,722,3794,425
2023-11-12,Bitcoin,"$36,886.00

#Bitcoin  #BTC  $BTC $USD",234,1274,247
2023-11-12,Bitcoin,#Bitcoin is your financial armor. https://t.co/cFOBs9XAIg,849,4065,413
2023-11-11,Bitcoin,Protect your #Bitcoin. https://t.co/qd7sa98v2K,808,4165,355
2023-11-11,Bitcoin,"November 11, 2023 @ 11:59 AM (UTC)
Current Price of Bitcoin

(BTC-USD):        $37,010.20
(BTC-EUR):        €34,541.62",148,757,149
2023-11-11,Bitcoin,"#Bitcoin is a blueprint for a decentralized universe of financial possibilities, transcending earthly boundaries.🌌🪐☀ https://t.co/4pW05WA2Mm",604,2396,352
2023-11-11,Bitcoin,"€34,642.23

#Bitcoin  #BTC  $BTC  $EUR",171,1003,256
2023-11-11,Bitcoin,"Follow your dreams, they know the way. #Bitcoin https://t.co/mKHkK3MZqL",735,2989,420
2023-11-10,Bitcoin,"RT @WClementeIII: Wow, the real flippening that no one is talking about:

CME just flipped Binance for the largest share of Bitcoin futures…",345,0,0
2023-11-10,Bitcoin,Join the rise of #Bitcoin and be part of transforming the way we perceive and interact with money and technology. https://t.co/7LwShEggNe,654,2664,299
2023-11-10,Bitcoin,"$37,035.80

#Bitcoin  #BTC  $BTC $USD",262,1649,217
2023-11-10,Bitcoin,"Reach for #Bitcoin to grasp the future of finance, as it constantly evolves and beckons us to be a part of the digital financial revolution. https://t.co/kvhVY4xwWJ",585,2254,306
2023-11-10,Bitcoin,"In the midst of financial obscurity, #Bitcoin shines as a beacon of transparency and decentralization, redefining the way we think about money. https://t.co/WON0prLS7B",653,2355,314
2023-11-09,Bitcoin,"November 09, 2023 @ 09:01 PM (UTC)
Current Price of Bitcoin

(BTC-USD):        $36,566.10
(BTC-EUR):        €34,281.27",117,652,148
2023-11-09,Bitcoin,"The @BlackRock CEO: ""you have to force behaviors... we're going to have to force the change."" https://t.co/CLJBRg5nmP",201,926,168
2023-11-09,Bitcoin,"The #Bitcoin rocket, with dreams of reaching the moon, has blasted off into the boundless expanse of space, carrying the aspirations of humanity's next giant leap. https://t.co/ruRiQLqJ0E",991,2559,466
2023-11-09,Bitcoin,"(BTC-Silver):     💿 1,622.50 oz

#Bitcoin  #BTC  $BTC $SILVER",187,854,318
2023-11-09,Bitcoin,"The power of the #Bitcoin blockchain lies in its ability to create a trustless and immutable ledger, revolutionizing how we securely exchange and store value in the digital age. https://t.co/DsNkf56vPG",607,2364,337
2023-11-09,Bitcoin,"(BTC-Silver):     💿 1,601.70 oz

#Bitcoin  #BTC  $BTC $SILVER",122,663,187
2023-11-09,Bitcoin,#Bitcoin is a hidden treasure in plain sight waiting to be discovered by those who venture into the world of cryptocurrency. https://t.co/mlqOP24yu0,776,3032,441
2023-11-08,Bitcoin,#Bitcoin bulls are sitting pretty and ready to charge! Are you ready? https://t.co/8BpwcEXyo0,965,4237,456
2023-11-08,Bitcoin,"€33,156.74

#Bitcoin  #BTC  $BTC  $EUR",165,847,152
2023-11-08,Bitcoin,"#Bitcoin continues to make waves in the financial world, challenging traditional systems and inspiring a new era of digital currency innovation. https://t.co/FPqhGTjYje",658,2256,337
