Timestamp,Username,Tweet Content,Retweets,Likes,Replies
2023-11-04,APompliano,"This is a great appearance by @billfour describing the difference between bitcoin &amp; crypto, the importance of the halving, why US citizens are slow to understand the technology, and how bitcoin continues to outperform all other asset classes. https://t.co/m7QcwV5rl9",59,246,33
2023-11-02,APompliano,"People are really enjoying this episode with @LynAldenContact on everything from broken money to bonds to bitcoin.

She articulates problems and solutions better than most. 

https://t.co/28q570G5gM",20,123,21
2023-11-01,APompliano,"Here is my full conversation with @LynAldenContact uploaded to X.

We talk about broken money, national debt, interest rates, declining interest in Treasuries, and bitcoin. https://t.co/uVYRiDaAZd",36,205,23
2023-11-01,APompliano,"RT @polina_marinova: My interview with @JJWatt is now live!

We discuss:

- Where he invests his money (including bitcoin?)
- How to deal w…",39,0,0
