Timestamp,Username,Tweet Content,Retweets,Likes,Replies
2023-10-17 11:59:45,maxkeiser,"Fiat money makes people on all sides stupid, greedy &amp; violent. 

#Bitcoin fixes this. 

I will pray for you. https://t.co/pIlshUEIRA https://t.co/0iwoUXqS2l",2,20,9
2023-10-17 07:11:38,maxkeiser,The #Bitcoin hashrate is skyrocketing because God wants #Bitcoin to win the AI v. Bitcoin energy war.,19,243,31
2023-10-17 07:10:23,maxkeiser,"People ask ‘When’ $220,000 for #Bitcoin ? 

Keep in mind, #Bitcoin trades at these levels AFTER social unrest and societal breakdown are irreversibly causing havoc. 

You have to prepare for higher prices AND economic collapse. 

Good luck!",37,369,31
2023-10-17 07:04:35,maxkeiser,"The spot ETF news is meaningless. 

$220,000 in play. 

#Bitcoin https://t.co/ObSuiMO0ha",24,282,31
2023-10-17 00:26:42,maxkeiser,"This is where fiat money (and Gold) lead you. 2 rival McDonald’s are fighting a proxy war in the Mideast. 

Fiat money and Gold are violence-magnets that bring misery and destruction. 

#Bitcoin fixes this 

H/t @WallStreetSilv https://t.co/nn0DZ1cjXu",14,86,24
2023-10-17 00:24:32,maxkeiser,"This is where fiat money (and Gold) lead you. 2 rival McDonald’s are fighting a proxy war in the Mideast. 

Fiat money and Gold are violence-magnets that being misery and destruction. 

#Bitcoin fixes this 

H/t @WallStreetSilv https://t.co/aIOClzew35",2,6,5
2023-10-16 23:42:34,maxkeiser,"RT @maxkeiser: Gold is the poor man’s #Bitcoin 

It encourages thievery, war, violence &amp; excess stupidity like Peter Schiff &amp; Nassim Taleb…",169,0,0
2023-10-16 23:22:55,maxkeiser,"RT @GMONEYPEPE: ""An evolutionary step so those who are not getting into #Bitcoin now is because their DNA was not meant to survive into the…",26,0,0
2023-10-16 23:21:59,maxkeiser,"RT @CryptoNewsYes: 💥""All wars (&amp; violence) are fiat money, central bank-caused. #Bitcoin fixes this with unconfiscatable property that crea…",6,0,0
2023-10-16 19:59:50,maxkeiser,"This is how fiat money fools fix problems. The central banks, the fiat money mindset, always leads to war, violence &amp; genocide. It’s built into the fiat money cake. It’s a choice in the age of #Bitcoin 

#Bitcoin fixes this. https://t.co/PlzzgD1kYK",40,244,36
2023-10-16 19:43:13,maxkeiser,"RT @jdennehy_writes: A new #Bitcoin community in Argentina is born!

This is how we win

Excellent work @escuelitabtc, @MyfirstBitcoin_  y…",15,0,0
2023-10-16 19:42:44,maxkeiser,"Fiat money pimps have no shame. 

#Bitcoin fixes this. https://t.co/46fcSnEzoE",13,194,16
2023-10-16 19:38:28,maxkeiser,"RT @CryptoNewsYes: ➡️The implied hashrate adjusted price at 440 (quintillion EH/s) is $340,000 for #BTC""-@MaxKeiser

➡️#Bitcoin Jumps to $3…",8,0,0
2023-10-16 19:07:22,maxkeiser,"RT @Swan: ""Bitcoin has no top, because fiat has no bottom."" -@maxkeiser",29,0,0
2023-10-16 19:05:41,maxkeiser,"RT @Volcano_Energy: During this spooky season, no more horror stories with Fiat money. Use Bitcoin instead. 🎃👻💰 #Bitco
—
During esta spooky…",5,0,0
2023-10-16 16:31:38,maxkeiser,"RT @FOMO21shop: @alextalkstweets @stacyherbert You can get them here!

Use code STACY for 10% OFF!

https://t.co/8kmyr1naIA

#bitcoin https…",7,0,0
2023-10-16 16:31:22,maxkeiser,RT @SimplyBitcoinTV: NEWS - US Treasury Secretary Janet Yellen says that the United States is financially capable of sustaining two wars. (…,36,0,0
2023-10-16 16:29:54,maxkeiser,"RT @bitcoinmunger: Bitcoin's network security is growing exponentially and unparalleled to all other networks. 

At the same time, security…",7,0,0
2023-10-16 15:39:00,maxkeiser,"You’re fighting for fiat money, so there is no “win” 

#Bitcoin fixes this. https://t.co/ozKi3boARi",18,208,27
2023-10-16 15:34:37,maxkeiser,"RT @BitcoinMagazine: El Salvador Vice President: #Bitcoin is driving tourism, investment and the ""rebirth of our country."" 🇸🇻 https://t.co/…",901,0,0
2023-10-16 11:11:00,maxkeiser,RT @lopp: Do you want to better understand what's going on inside of Bitcoin nodes right now? Check out https://t.co/fbDePthEQH for realtim…,14,0,0
2023-10-16 10:27:36,maxkeiser,"RT @BitPaine: At this point, all “crypto” companies should either completely pivot to #bitcoin-only or at least offer #bitcoin-only product…",40,0,0
2023-10-16 10:10:00,maxkeiser,"Vitalik never understood #Bitcoin It’s no surprise he turned ETH into a pure, fiat money, centralized, shitcoin. https://t.co/jYBiChCjJl",141,1117,100
2023-10-16 10:06:38,maxkeiser,"All wars (and violence) are fiat money, central bank-caused. 

#Bitcoin fixes this with unconfiscatable property that creates for the first time, individual sovereignty and the demonetization of war &amp; violence. https://t.co/miwBw9hy1v",114,494,34
2023-10-16 10:03:17,maxkeiser,"Vitalik never understood #Bitcoin It’s surprise he turned ETH into a pure, fiat money, centralized, shitcoin. https://t.co/jYBiChCjJl",3,29,14
2023-10-16 09:27:16,maxkeiser,RT @BitcoinNewsCom: Max Keiser explains to Tucker Carlson how #Bitcoin is unconfiscatable  property outside the current system 😮 https://t.…,151,0,0
2023-10-16 06:03:31,maxkeiser,"RT @JackLeePV: Two Maxi are going to jointly promote the world, from West to East, adopting #bitcoin ! 
@maxkeiser https://t.co/JsB4laTHhI",2,0,0
2023-10-16 01:24:21,maxkeiser,RT @mcshane_writes: 🇦🇷 Argentine administration abolishing income tax a week before the presidential elections to undermine candidate Javie…,259,0,0
2023-10-16 00:23:12,maxkeiser,"RT @gersonmartinez: While endless wars continue to be waged across the world, @google is setting up its LatAm hub El Salvador, the safest c…",21,0,0
2023-10-15 19:57:26,maxkeiser,"RT @CryptoNewsYes: ➡️""Everyone of 7 million Salvadorans will be have #Bitcoin nodes to ensure their country never goes backwards. This is a…",16,0,0
2023-10-15 19:16:50,maxkeiser,"RT @Volcano_Energy: A wallpaper you can have this Halloween season. Don't let fiat currency inflation spook you. 🎃💀 #Halloween #Bitcoin

Un…",8,0,0
2023-10-15 19:14:09,maxkeiser,"RT @jdennehy_writes: El Salvador is #Bitcoin Country

A list of upcoming events:

Thur Oct 26 @MyfirstBitcoin_ meetup (San Salvador)
Fri Oc…",25,0,0
2023-10-15 17:32:00,maxkeiser,"RT @realPauloBagu: @maxkeiser “A man was going down from Jerusalem to Jericho, and fell among robbers, and they stripped him and beat him,…",7,0,0
2023-10-15 17:31:52,maxkeiser,RT @FMTadvisory: @maxkeiser Max is right on this: the separation of state and religion was a great thing for peace and humanity in the west…,2,0,0
2023-10-15 17:29:05,maxkeiser,Gold is being demonetized by #Bitcoin,81,726,89
2023-10-15 17:26:46,maxkeiser,"RT @BitcoinNewsCom: NEW: #Bitcoin MACD forms a golden cross for the 2nd time in history! 📈

This technical indicator has only formed once b…",144,0,0
2023-10-15 15:51:17,maxkeiser,"RT @allenf32: when you go from the UK to the US and you sell your pounds for dollars, you aren’t “speculating”, you’re just pretty sure the…",182,0,0
2023-10-15 15:25:49,maxkeiser,"@Wodin92 Study #bitcoin.  You’re missing it, my son.",0,1,0
2023-10-15 15:24:21,maxkeiser,"RT @alanbwt: Fiat funds the war machine.
#Bitcoin is a peace machine. https://t.co/Sb254xuTPa",72,0,0
2023-10-15 15:23:13,maxkeiser,"RT @Bitcoin_Xoe: Warren Buffett's best-performing investment this year is #bitcoin and crypto-friendly Nubank in #Brazil.

This is also one…",83,0,0
2023-10-15 15:19:32,maxkeiser,This was my thesis buying #Bitcoin in 2011. https://t.co/ZAjOT7j0LX,100,737,47
2023-10-15 15:18:01,maxkeiser,RT @CraigShipp: The folks in El Salvador have tasted #freedom and they are never going back. Hopefully the USA is next to embrace #Bitcoin…,5,0,0
2023-10-15 15:17:50,maxkeiser,"RT @CryptoNewsYes: 💥💥💥 @MaxKeiser been covering #Bitcoin since 2011, back when it was only $1. Mainstream media proven wrong! https://t.co/…",6,0,0
2023-10-15 12:09:05,maxkeiser,"You ALWAYS become what you hate. 

We see a great example of this in the ME this week. 

#Bitcoin fixes this.",20,206,34
2023-10-15 11:15:26,maxkeiser,"Nope. 

#Bitcoin is God. 

See the difference? https://t.co/CkLqQBXMfl",4,45,26
2023-10-15 10:03:43,maxkeiser,"Tell me you don’t understand  Pyrrhic victory without telling me you don’t understand Pyrrhic victory. 

#Bitcoin fixes this. https://t.co/ejr8TYoh1C",77,397,42
2023-10-15 09:59:34,maxkeiser,"#Bitcoiners never waste #Bitcoin on silly s*** like that. 

Are you beginning to see the light, brother? https://t.co/RGlZZInQqZ",21,120,26
2023-10-15 09:40:41,maxkeiser,"RT @TheBTCTherapist: I don’t need much to be happy.

Coffee when I wake up.
The freedom to do what I love.
Bitcoin to store my hard work.…",89,0,0
2023-10-15 09:37:14,maxkeiser,"Remember, 

God sent #Bitcoin to his creation humans as an upgrade. 

Not everybody gets it, as we see in the Mideast and Eurasia today. 

Those throwing themselves onto the fiat money cuck central bank bonfire  have a choice. 

I will pray for them. https://t.co/RHjiRvk3kb",26,208,34
2023-10-15 09:03:15,maxkeiser,RT @maxkeiser: All countries that haven’t made #Bitcoin legal tender within the next 3 years will disappear. That’s what makes these violen…,53,0,0
2023-10-15 08:58:35,maxkeiser,"This passage, we now know, is effectively about #Bitcoin God’s only money. https://t.co/sPizs8fwax",19,140,35
2023-10-15 08:51:01,maxkeiser,"Fiat money cucks fighting over fiat money is the end game of fiat money. 

#Bitcoin fixes this. https://t.co/FOjFmp19LS",14,85,14
2023-10-15 08:42:33,maxkeiser,"The deaths are unnecessary and wouldn’t happen under a #Bitcoin standard. An inconvenient truth for some, but the truth nevertheless. https://t.co/MX36OuHdoB",11,136,17
2023-10-15 07:48:15,maxkeiser,#Bitcoin fixes this. https://t.co/2tB3U30pU8,20,135,43
2023-10-14 22:27:26,maxkeiser,Everyone of 7 million Salvadorans will be have #Bitcoin nodes to ensure their country never goes backwards. This is a project we’re working on now. https://t.co/LOhTpW6jIs,55,583,50
2023-10-14 22:12:22,maxkeiser,"@jjgdesigns @itscharliecrown I just did. 

https://t.co/LcN7Sbugce",0,1,0
2023-10-14 22:10:31,maxkeiser,"Mesh net 
👉 https://t.co/LcN7Sbugce https://t.co/BCAXEPZDzE",11,62,18
2023-10-14 22:06:56,maxkeiser,"RT @CryptoNewsYes: 💥""#Bitcoin is unconfiscatable. No amount of violence can confiscate your bitcoin.""-@MaxKeiser🇸🇻

💥SEC won’t appeal court…",6,0,0
2023-10-14 22:01:53,maxkeiser,"You’re at war with global central banks, just like everybody else, and there are no winners. 

#Bitcoin fixes this. https://t.co/YtSGw2sDan",56,265,27
2023-10-14 21:27:01,maxkeiser,"All countries that haven’t made #Bitcoin legal tender within the next 3 years will disappear. That’s what makes these violent skirmishes so silly. The prize is: everyone not on a #Bitcoin standard loses. 

I will pray for them. https://t.co/0IfovnQrEG",53,372,61
2023-10-14 21:23:56,maxkeiser,"@taloslav Neither side will survive the fiat money apocalypse. 

#Bitcoin fixes this.",0,5,0
2023-10-14 21:11:49,maxkeiser,"#Bitcoin is individual sovereignty. The complete opposite of totalitarianism. 

I will pray for you, my son. https://t.co/aJr4QCY43F",19,166,22
2023-10-14 21:00:46,maxkeiser,"RT @alanbwt: The only sensible path forward in the Israel-Palestine situation is a two state solution.

#Bitcoin makes this more feasible t…",6,0,0
2023-10-14 20:56:10,maxkeiser,More fiat money foolishness. #Bitcoin fixes this. https://t.co/LQEK4qRhG4,11,111,21
2023-10-14 20:54:55,maxkeiser,RT @alanbwt: #Bitcoin gives peace a chance.,23,0,0
2023-10-14 20:54:46,maxkeiser,#Bitcoin fixes this. https://t.co/r2saLz4ND4,15,149,44
2023-10-14 20:53:00,maxkeiser,RT @ALexogenous: @maxkeiser #Bitcoin as the alchemy linking conscious thought to subconscious desire,1,0,0
2023-10-14 20:38:22,maxkeiser,#Bitcoin as humanity’s collective unconscious. https://t.co/R09sTpgeYb,16,116,18
2023-10-14 19:21:50,maxkeiser,"RT @Martez305: Get high on life and bitcoin. 
And not on dope!",5,0,0
2023-10-14 19:21:07,maxkeiser,RT @adam3us: @nayibbukele #bitcoin bera hunting 🎯 https://t.co/ijyjy0RhgO,50,0,0
2023-10-14 19:19:10,maxkeiser,The only response is to own #Bitcoin https://t.co/Twd2mCon5V,29,217,29
2023-10-14 19:18:15,maxkeiser,#Bitcoin will be the *ultimate* winner. https://t.co/SUs9NI77wS,18,145,28
2023-10-14 19:17:33,maxkeiser,"The prize is . . . MORE FIAT MONEY!!! 

#Bitcoin fixes this. https://t.co/bZuPDYBgZn",7,69,13
2023-10-14 16:25:41,maxkeiser,#Bitcoin fixes this. https://t.co/PyQgDZGzBV,18,131,23
2023-10-14 15:47:06,maxkeiser,"RT @Volcano_Energy: We are Volcano Energy, a Bitcoin revolution. 🌋 Watch this video to learn more about this exciting revolution. 👇 #Volcan…",50,0,0
2023-10-14 15:25:51,maxkeiser,RT @MoonyBaggins: @gaborgurbacs @maxkeiser Agree. I would say #Bitcoin is far more important though for property rights in a world where yo…,3,0,0
2023-10-14 15:21:17,maxkeiser,"RT @BettyReynoIds: If Satoshi had released Bitcoin 10 yrs. earlier, 9/11 would never have happened.
– Max Keiser",2,0,0
2023-10-14 15:17:47,maxkeiser,RT @saylor: #Bitcoin is Forever. https://t.co/AUIhxc9gbZ,1551,0,0
2023-10-14 12:53:08,maxkeiser,"RT @sunnyraycom: Bitcoin isn’t just a token, it’s a ticket to financial self-sovereignty. https://t.co/pj1rUw2Fkw",9,0,0
2023-10-14 12:34:18,maxkeiser,"RT @BitcoinPierre: Microsoft fought against Linux, their former CEO accused open-source of “communism”. Now they’re doing it again, fightin…",95,0,0
2023-10-14 12:33:52,maxkeiser,"RT @TheBTCTherapist: Luna collapsed and BILLIONS were lost

Celsius collapsed and BILLIONS were lost

FTX collapsed and BILLIONS were lost…",147,0,0
2023-10-14 12:33:00,maxkeiser,"The 2A in the US hasn’t worked in practice. In theory it’s Ok, but obviously, we can see that it has failed to do what the framers intended.

There’s a better way. 

#Bitcoin",44,413,246
2023-10-14 02:14:57,maxkeiser,"You are wrong. 

Property seizing has been around from the start. 

#Bitcoin is unconfiscatable property. https://t.co/EIRASJdenZ",16,173,26
2023-10-14 02:01:40,maxkeiser,"RT @ABtcusd: Did you know that Bitcoin, a decentralized digital currency, can contribute to peace, a state of harmony characterized by the…",11,0,0
2023-10-14 02:00:07,maxkeiser,@BarryATurner Search max keiser Bitcoin demonetizes violence,1,34,4
2023-10-14 01:59:32,maxkeiser,RT @maxkeiser: #ElSalvador made #Bitcoin legal tender and in less than 2 years it went from being the most violent country in the hemispher…,234,0,0
2023-10-14 01:37:24,maxkeiser,RT @beeforbacon1: I agree with @maxkeiser. The incentives for war disappear when the people choose sound money. And #bitcoin is the soundes…,11,0,0
2023-10-14 01:34:19,maxkeiser,"You are wrong. 

#Bitcoin is unconfiscatable. No amount of violence can confiscate your bitcoin. 

This disincentives violence for all of humanity. 

#Bitcoin monetizes peace. 

LOOK AT #ELSALVADOR 

After making #Bitcoin legal tender they went from most violent to least violent… https://t.co/aMqND5S9cO https://t.co/bibxfgI9eB",56,347,74
2023-10-14 01:31:05,maxkeiser,"RT @Volcano_Energy: LAVA POOL's PLEB Miner Initiative! 🔥 ⛏️

At LAVA POOL, we truly believe in the power of decentralization. The more dist…",10,0,0
2023-10-14 01:29:20,maxkeiser,RT @CryptoNews2050: Max Keiser Makes Controversial Claim That Bitcoin Could Prevent 9/11 Attacks https://t.co/a4m1Agz3Sy https://t.co/P3oOU…,6,0,0
2023-10-14 01:28:53,maxkeiser,#Bitcoin is peace. https://t.co/Rd8jiFnDRg,17,114,22
2023-10-14 01:27:49,maxkeiser,@marcuscouch #Bitcoin’s been around since 2009. Such a waste. I will pray for them.,0,4,1
2023-10-14 01:23:00,maxkeiser,"#Bitcoin is peace. 

What we see here is the result of voluntarily using violence-backed, inferior fiat money. 

I will pray for them. https://t.co/7amqIb9XFs",25,115,16
2023-10-14 01:20:39,maxkeiser,"The US dollar (all fiat money) is backed by violence. 

#Bitcoin is backed by peace. 

The violence perpetrated by the US reflects poorly on the US because they choose the $ and violence over #Bitcoin #shameful 

I will pray for them. https://t.co/JZb1Sai4On",110,647,65
2023-10-14 01:10:10,maxkeiser,"RT @newrencap: We can listen to @stacyherbert talk about the New Renaissance in El Salvador @PubKey_NYC all night along

#bitcoin https://t…",8,0,0
2023-10-13 21:02:30,maxkeiser,"@IntroduceZeBugs It has everything to do with #Bitcoin 

Study more. I will pray for you.",3,27,4
2023-10-13 18:40:28,maxkeiser,RT @sunnyraycom: Bitcoin gives us hope https://t.co/0YA1cQiOQB,21,0,0
2023-10-13 18:21:55,maxkeiser,"100% of Salvadorans know about #Bitcoin

This means 100% of Salvadorans are on the adoption curve. https://t.co/fvwDxuJaPk",21,236,24
2023-10-13 18:11:23,maxkeiser,RT @saylor: #Bitcoin is Digital Energy.  https://t.co/iuKvyyplCd,1221,0,0
2023-10-13 18:10:06,maxkeiser,"#ElSalvador made #Bitcoin legal tender and in less than 2 years it went from being the most violent country in the hemisphere to THE LEAST VIOLENT in the hemisphere. 

Any country can do this and become a peaceful country. 

To the folks fighting wars in Eurasia, the Middle East,… https://t.co/ze6Ev8wnpT",234,1514,90
