Timestamp,Username,Tweet Content,Retweets,Likes,Replies
2023-11-15,kucoincom,"The GBTC discount has been narrowing amid the exciting buzz around crypto ETFs. 

Dive into the nuances of GBTC for investment, its premium/discount to NAV, SEC regulation, and a potential Grayscale Spot Bitcoin ETF. 🔍

#CryptoInvestment #BitcoinETF #Grayscale #GBTC",14,95,61
2023-11-14,kucoincom,"🚀 Discover recent #crypto events on #KuCoinMarketWatch ⤵️

🟢 #Bitcoin mining difficulty hits new high

🟢 #Memecoins and new #altcoins on the rise

🟢 $XRP surges on false news

Swipe right for more news ➡️",14,141,82
2023-11-12,kucoincom,"💰🌐Tick-tock, the countdown clock to Bitcoin halving is ticking. Beyond Bitcoin, what other cryptos can you mine? Discover the 7 most profitable cryptos to mine in the dynamic world of #cryptomining. 

#Bitcoin #Ethereum #Litecoin #Zcash #Dogecoin #Filecoin #Ravencoin 🚀🔐",127,484,328
2023-11-10,kucoincom,"It's historic - two years ago on Nov 10, 2021, #Bitcoin hit its all-time high of around $69,000. 🚀📈

Where will $BTC be in the next two years? 🤔 https://t.co/8klDzZIInK",55,270,88
2023-11-09,kucoincom,"What is a #BRC20 Token? Discover how it operates, why it's trending, and its impact on the #Bitcoin and crypto community. 

#Bitcoin #CryptoExplained #memecoins #BitcoinNFTs #Ordinals 🚀🔍🪙",50,218,93
