Timestamp,Username,Tweet Content,Retweets,Likes,Replies
2023-11-06,BTC_Archive,RT @BTC_Archive: BREAKING: 🇭🇰 Hong Kong considers allowing spot #Bitcoin ETFs in bid to create Asian digital asset hub - Bloomberg https://…,1027,0,0
2023-11-06,BTC_Archive,RT @BTC_Archive: The #Bitcoin ₿ull is Back https://t.co/ce5zGUpM3U,815,0,0
2023-11-06,BTC_Archive,When #Bitcoin is up 111% this year but your “model” said #Bitcoin to $10k… 😅 https://t.co/PgVc1HvArI,585,3094,251
2023-11-06,BTC_Archive,"Before the Christmas rush...
#Bitcoin is ready :)

gm plebs ☕️👌 https://t.co/O8awYZYnAN",251,1609,139
2023-11-06,BTC_Archive,BREAKING: 🇭🇰 Hong Kong considers allowing spot #Bitcoin ETFs in bid to create Asian digital asset hub - Bloomberg https://t.co/XlhrUQqenP,1027,4717,207
2023-11-05,BTC_Archive,"RT @carlabitcoin: #Bitcoin is Bulletproof

 https://t.co/ldYZ3MCR0l",313,0,0
2023-11-05,BTC_Archive,"-----------------------------------------
Remember, remember, the Bitcoin ascent,
On ledgers vast, a new covenant writ.
No more shall coins by fiat be spent,
A cryptographic crusade, in cyberspace lit.

Nakamoto, enigma, charting the course,
To unseat old guards, with digital… https://t.co/lugFKccALg https://t.co/CiaKZqKFPo",217,732,102
2023-11-05,BTC_Archive,"Beneath this mask there is an idea... 
and ideas are bulletproof.
#Bitcoin
-----------------------------------------
Remember, remember, the Bitcoin ascent,
On ledgers vast, a new covenant writ.
No more shall coins by fiat be spent,
A cryptographic crusade, in cyberspace lit.… https://t.co/e1pgHKfmxm https://t.co/5mp04MLif1",21,101,22
2023-11-05,BTC_Archive,"Beneath this mask there is an idea... 
and ideas are bulletproof.
#Bitcoin

Remember, remember, the Bitcoin ascent,
On ledgers vast, a new covenant writ.
No more shall coins by fiat be spent,
A cryptographic crusade, in cyberspace lit.

Nakamoto, enigma, charting the course,
To… https://t.co/BImdlJ1jAJ https://t.co/VnXgf2FaCR",1,14,9
2023-11-04,BTC_Archive,The #Bitcoin ₿ull is Back https://t.co/ce5zGUpM3U,815,4091,221
2023-11-04,BTC_Archive,The #Bitcoin ₿ull is Back https://t.co/wplYm1l3YJ,15,123,22
2023-11-04,BTC_Archive,"#Bitcoin breaks $35,000 https://t.co/hgreMjHefy",646,3800,205
2023-11-04,BTC_Archive,"RT @BTC_Archive: NEW: There's a 71% chance that #Bitcoin hits $56,000 this year - Matrixport

Bullish... 😏 https://t.co/cpjhtGyzUD",985,0,0
2023-11-04,BTC_Archive,RT @BTC_Archive: BREAKING: 🇨🇭Switzerland to restrict bank withdrawals and impose 'exit fees' on customers who take their money out under ne…,829,0,0
2023-11-04,BTC_Archive,"RT @BTC_Archive: BREAKING: 🇦🇹 ⚽️ One of Austria's oldest football clubs, FC Admira Wacker, puts #Bitcoin logo on jersey and will integrate…",379,0,0
2023-11-03,BTC_Archive,"RT @BTC_Archive: JUST IN: Cathie Wood says she would choose #Bitcoin over gold ""hands down"".

""Bitcoin is digital gold. It is a hedge again…",568,0,0
2023-11-03,BTC_Archive,RT @saylor: I discuss the transformation of the crypto industry into a more stable &amp; scalable marketplace of digital assets based on #Bitco…,979,0,0
2023-11-03,BTC_Archive,"RT @BTC_Archive: 🇦🇷 Argentina's 2 remaining Presidential candidates:

Sergio Massa - Wants to mine #Bitcoin with excess natural gas.

Javie…",892,0,0
2023-11-03,BTC_Archive,RT @BTC_Archive: BREAKING: 🇦🇷 The leading Presidential candidate in Argentina Sergio Massa wants to mine #Bitcoin using excess natural gas…,488,0,0
2023-11-03,BTC_Archive,RT @BTC_Archive: #Bitcoin halving in 162 days... 🚀 https://t.co/d6qjSqHxc4,766,0,0
2023-11-03,BTC_Archive,"RT @BTC_Archive: NEW: Fidelity’s Director of Global Macro says ""#Bitcoin is in another universe"" for risk vs return... and ""with those huge…",283,0,0
2023-11-03,BTC_Archive,"The Fed's payment system ACH is down.

#Bitcoin is never down. 😎",279,1842,138
2023-11-03,BTC_Archive,"RT @BTC_Archive: NOW! Michael Saylor tells CNBC about the #Bitcoin halving as ETF approval is imminent:

""Demand is going to increase, supp…",606,0,0
2023-11-03,BTC_Archive,"RT @BTC_Archive: JUST IN: Fidelity’s Director of Global Macro:  “#Bitcoin is exponential gold."" https://t.co/kWrYKkV3BY",617,0,0
2023-11-03,BTC_Archive,"BREAKING: 🇬🇧 UK bank NatWest is telling customers to reduce their carbon footprint, eat vegetarian, and stop drinking dairy milk after scanning their transaction data - Telegraph  

Social credit score is coming...
#Bitcoin is the exit. https://t.co/7kUwMUdhGp",348,1527,132
2023-11-03,BTC_Archive,✊ #Bitcoin https://t.co/aaqp28H7R0,234,1533,94
2023-11-03,BTC_Archive,"NEW: There's a 71% chance that #Bitcoin hits $56,000 this year - Matrixport

Bullish... 😏 https://t.co/cpjhtGyzUD",985,4982,278
2023-11-03,BTC_Archive,"BREAKING: 🇦🇹 ⚽️ One of Austria's oldest football clubs, FC Admira Wacker, puts #Bitcoin logo on jersey and will integrate Lightning payments. https://t.co/M6wbfGbvoV",379,1792,99
2023-11-03,BTC_Archive,"BREAKING: 🇦🇹 ⚽️ One of Austria's oldest football clubs, FC Admira Wacker, adopts #Bitcoin https://t.co/gBsSp3Wjr5",7,29,8
2023-11-03,BTC_Archive,"RT @BTC_Archive: NEW: MicroStrategy is now $936 million in profit on its 158,400 #Bitcoin holdings. https://t.co/nOHecIfH0t",514,0,0
2023-11-03,BTC_Archive,"🇦🇷 Argentina's 2 remaining Presidential candidates:

Sergio Massa - Wants to mine #Bitcoin with excess natural gas.

Javier Milei - Says #Bitcoin can eliminate the central bank.

Argentina's economy is 20x bigger than El Salvador's. https://t.co/CDLBbOPPSV",892,4800,218
2023-11-03,BTC_Archive,"🇦🇷 Argentina's 2 remaining Presidential candidates:

Sergio Massa - Wants to mine #Bitcoin with excess natural gas.

Javier Milei - #Bitcoin can eliminate the central bank.

Argentina's economy is 20x bigger than El Salvador's. https://t.co/B2fHPFIgpM https://t.co/j1UOwMrEat",3,13,5
2023-11-03,BTC_Archive,BREAKING: 🇦🇷 The leading Presidential candidate in Argentina Sergio Massa wants to mine #Bitcoin using excess natural gas from oil fields. https://t.co/gWkSkLn0ki,488,2989,220
2023-11-03,BTC_Archive,MICHAEL SAYLOR: You can never have too much #Bitcoin 🤝 https://t.co/AHqLfuTmfI,249,1824,88
2023-11-03,BTC_Archive,"JUST IN: Cathie Wood says she would choose #Bitcoin over gold ""hands down"".

""Bitcoin is digital gold. It is a hedge against inflation AND deflation."" https://t.co/xdwqnnOstK https://t.co/pnWjXmvuh1",568,3141,131
2023-11-03,BTC_Archive,"MICHAEL SAYLOR on CNBC explaining the #Bitcoin halving:  Demand is going to increase, supply is going to contract — and this is fairly unprecedented in the history of Wall Street.

""So that’s why all of us are fairly bullish..."" https://t.co/9yPDOPNnUZ https://t.co/A2dhtbm7CD",317,1712,85
2023-11-03,BTC_Archive,"MICHAEL SAYLOR on CNBC explaining the #Bitcoin halving:  Demand is going to increase, supply is going to contract — and this is fairly unprecedented in the history of Wall Street. https://t.co/agYXRM8VG9 https://t.co/2OU8WYrvKn",10,57,15
2023-11-03,BTC_Archive,NEW: Jack Dorsey's Cash App sold $2.4 billion worth of #Bitcoin to customers in Q3. https://t.co/qwnYSpZ3vb,247,1857,70
2023-11-03,BTC_Archive,"BREAKING: 🇨🇭Switzerland to restrict bank withdrawals and impose 'exit fees' on customers who take their money out under new rules being considered  - Reuters

#Bitcoin is the exit.... https://t.co/ewOg3Buhzn",829,3264,301
2023-11-03,BTC_Archive,"#Bitcoin is entering a bright new era. ☀️

gm plebs :) https://t.co/rSGdQLj7yY",85,833,94
2023-11-02,BTC_Archive,RT @BTC_Archive: 🇺🇸 Institutions accept that a spot #Bitcoin ETF appears imminent - Matrixport research note 👀 https://t.co/sAJU3rMW66,522,0,0
2023-11-02,BTC_Archive,RT @BTC_Archive: BREAKING: 🇨🇭One of Switzerland's biggest banks SGKB to offer #Bitcoin trading to customers. https://t.co/WGG5fW6Ppy,767,0,0
2023-11-02,BTC_Archive,"Bitcoin's volatility is a sign of life.
No pain, no gain.

More 👇👇👇

https://t.co/0d5XkFHlxB",10,65,6
2023-11-02,BTC_Archive,"NEW: Fidelity’s Director of Global Macro says ""#Bitcoin is in another universe"" for risk vs return... and ""with those huge drawdowns also come large gains.""

That's why we BTFD + HODL 💪 https://t.co/S3yJgt2rBQ",283,1501,106
2023-11-02,BTC_Archive,"JUST IN: Fidelity’s Director of Global Macro:  “#Bitcoin is exponential gold."" https://t.co/kWrYKkV3BY",617,3083,129
2023-11-02,BTC_Archive,"NOW! Michael Saylor tells CNBC about the #Bitcoin halving as ETF approval is imminent:

""Demand is going to increase, supply is going to contract!"" 🔥 https://t.co/reX7guVyFr",606,2770,118
2023-11-02,BTC_Archive,RT @BTC_Archive: BREAKING: MicroStrategy bought another $5.3 million #Bitcoin in October! https://t.co/CV9SjFQMvG,298,0,0
2023-11-02,BTC_Archive,RT @BTC_Archive: BREAKING: 🇬🇧 PayPal just got approved to offer #Bitcoin and crypto services in the UK. https://t.co/z75R9qHj20,1490,0,0
2023-11-02,BTC_Archive,#Bitcoin halving in 162 days... 🚀 https://t.co/d6qjSqHxc4,766,3445,218
2023-11-02,BTC_Archive,NEW: 🇹🇼 Taiwan puts forward bill regulate #Bitcoin and crypto services and mandate separation of customer assets. https://t.co/HV7ptp6SNE,308,1652,107
2023-11-02,BTC_Archive,NEW: Grayscale's Bitcoin Trust discount vs #Bitcoin has fallen from -44%  to -15% in just 5 months. https://t.co/hBHLu9x5F5,148,937,84
2023-11-02,BTC_Archive,🇺🇸 Institutions accept that a spot #Bitcoin ETF appears imminent - Matrixport research note 👀 https://t.co/sAJU3rMW66,522,2773,170
2023-11-02,BTC_Archive,"RT @BTC_Archive: SEC Chairman is reviewing up to 12 spot #Bitcoin ETFs for approval.

Get the FULL report: 👇
https://t.co/8SPLWqqdRe https:…",610,0,0
2023-11-02,BTC_Archive,"NEW: MicroStrategy is now $936 million in profit on its 158,400 #Bitcoin holdings. https://t.co/nOHecIfH0t",514,3517,246
2023-11-02,BTC_Archive,BREAKING: 🇨🇭One of Switzerland's biggest banks SGKB to offer #Bitcoin trading to customers. https://t.co/WGG5fW6Ppy,767,3645,157
2023-11-02,BTC_Archive,"Waking up #Bitcoin +35,000...  ☺️👌
gm plebs :) https://t.co/486thDO4W1",151,1285,92
2023-11-01,BTC_Archive,$40K is next for #Bitcoin,257,2269,142
2023-11-01,BTC_Archive,"#Bitcoin up +$1,000 in one hour (3%) https://t.co/OrWcVfOc7a",318,1919,119
2023-11-01,BTC_Archive,"$35,000 #Bitcoin https://t.co/iOUQfvCuCe",624,3549,118
2023-11-01,BTC_Archive,BREAKING: MicroStrategy bought another $5.3 million #Bitcoin in October! https://t.co/CV9SjFQMvG,298,2498,95
2023-11-01,BTC_Archive,"JUST IN: MicroStrategy now holds 158,400 #Bitcoin worth $5.46 Billion. 

He’s never stopping! 😎 https://t.co/cw6lHEvXxz",578,4110,146
2023-11-01,BTC_Archive,BREAKING: MicroStrategy bought another $5.3 million #Bitcoin in October!,56,470,39
2023-11-01,BTC_Archive,"RT @BTC_Archive: FACT: #Bitcoin just made the highest monthly closing price in 18 months!

Uptober delivered +28.5% 🚀 https://t.co/QLDd3EOp…",361,0,0
2023-11-01,BTC_Archive,RT @BTC_Archive: JUST IN: BlackRock seeks world's largest market-makers to provide liquidity for its #Bitcoin ETF - CoinDesk https://t.co/I…,911,0,0
2023-11-01,BTC_Archive,RT @BTC_Archive: NEW: Spot #Bitcoin ETF for Invesco and Galaxy gets the ticker $BTCO listed on the DTCC. https://t.co/XvVGIvXJ6h,753,0,0
2023-11-01,BTC_Archive,"SEC Chairman is reviewing up to 12 spot #Bitcoin ETFs for approval.

Get the FULL report: 👇
https://t.co/8SPLWqqdRe https://t.co/SdgTc1LuG6",610,2805,98
2023-11-01,BTC_Archive,"SEC Chairman is reviewing up to 12 spot #Bitcoin ETFs for approval.

Get the FULL report: 👇https://t.co/8SPLWqqdRe https://t.co/12g2KW3FpK",1,7,4
2023-11-01,BTC_Archive,"RT @BTC_Archive: 🇺🇸 If the Spot #Bitcoin  ETF gets approved… the clearing price of #Bitcoin will be over $150,000 – Tom Lee, Fundstrat http…",948,0,0
2023-11-01,BTC_Archive,PayPal has officially registered with the FCA which has approved its registration to offer Bitcoin and crypto services and also to advertise such services to the public.,30,184,17
2023-11-01,BTC_Archive,BREAKING: 🇬🇧 PayPal just got approved to offer #Bitcoin and crypto services in the UK. https://t.co/z75R9qHj20,1490,6481,257
2023-11-01,BTC_Archive,"JUST IN: $296m flowed into #Bitcoin funds this week, more than 90% of the total inflows into digital asset funds - CoinShares https://t.co/jWlHULum92",295,1535,101
2023-11-01,BTC_Archive,RT @BTC_Archive: BREAKING: A #Bitcoin ETF in early Jan is now looking like a ‘done deal' - Bernstein Research https://t.co/O1obxCRzMQ,562,0,0
2023-11-01,BTC_Archive,RT @BTC_Archive: JUST IN - Allianz Chief Economist: People are talking about #Bitcoin as a 'safe asset' because they've lost confidence in…,590,0,0
2023-11-01,BTC_Archive,"RT @BTC_Archive: JUST IN: Spot #Bitcoin ETF will be approved this year - Mike Novogratz, Galaxy Digital https://t.co/WoYYfoE7SV",675,0,0
2023-11-01,BTC_Archive,#Bitcoin 👀,96,1181,95
2023-11-01,BTC_Archive,"FACT: #Bitcoin just made the highest monthly closing price in 18 months!

Uptober delivered +28.5% 🚀 https://t.co/QLDd3EOpVS",361,2131,97
2023-11-01,BTC_Archive,NEW: Spot #Bitcoin ETF for Invesco and Galaxy gets the ticker $BTCO listed on the DTCC. https://t.co/XvVGIvXJ6h,753,3469,149
2023-11-01,BTC_Archive,JUST IN: BlackRock seeks world's largest market-makers to provide liquidity for its #Bitcoin ETF - CoinDesk https://t.co/IECkmh7Ex5,911,4512,183
2023-11-01,BTC_Archive,"#Bitcoin &amp; Beauty.
All else is a form of waiting... ☕️ https://t.co/AqSoegLotX",68,527,53
2023-11-01,BTC_Archive,"“The #Bitcoin whitepaper is one of the most seminal works of Computer Science in the last 30 years"" - @Jack Dorsey

 https://t.co/LebBC3VpiA",369,2012,86
2023-10-31,BTC_Archive,"RT @BTC_Archive: The #Bitcoin Whitepaper was published on this day 15 years ago - October 31, 2008.

Thank you Satoshi! 🙏 https://t.co/VSpN…",1897,0,0
2023-10-31,BTC_Archive,"RT @BTC_Archive: JUST IN: 🇧🇬 Bulgaria’s oldest football club, Botev Plovdiv, adopts #Bitcoin Lightning payments and joins Nostr - Cointeleg…",491,0,0
2023-10-31,BTC_Archive,"🇺🇸 If the Spot #Bitcoin  ETF gets approved… the clearing price of #Bitcoin will be over $150,000 – Tom Lee, Fundstrat https://t.co/eH7pSV0ANW",948,4644,209
2023-10-31,BTC_Archive,"NEW: Elizabeth Warren corrected by expert who told her #Bitcoin and crypto are not major concerns regarding terrorism finance.  

Fiat payment networks are the major source of terrorism financing. 

https://t.co/wF6avaNJC3",454,2291,136
2023-10-31,BTC_Archive,JUST IN: #Bitcoin about to close the 2nd biggest monthly gain since the Bull Market peak in October 2021! 🚀 https://t.co/YZejmv4W9c,298,1773,64
2023-10-31,BTC_Archive,#Bitcoin is digital energy https://t.co/GZmOzaY180,250,1429,90
2023-10-31,BTC_Archive,BREAKING: A #Bitcoin ETF in early Jan is now looking like a ‘done deal' - Bernstein Research https://t.co/O1obxCRzMQ,562,3154,155
2023-10-31,BTC_Archive,JUST IN - Allianz Chief Economist: People are talking about #Bitcoin as a 'safe asset' because they've lost confidence in government bonds. https://t.co/bUwjaEpXZY,590,3143,158
2023-10-31,BTC_Archive,"The #Bitcoin Whitepaper was published on this day 15 years ago - October 31, 2008.

Thank you Satoshi! 🙏 https://t.co/VSpNjCeKDk",1897,5880,277
2023-10-31,BTC_Archive,"I only have coffee with friends who own #Bitcoin 😅

gm :)) https://t.co/GE4beTv7cU",72,741,100
2023-10-31,BTC_Archive,"I only have coffee friends who own #Bitcoin 😅

gm :)) https://t.co/aUhlfOviR3",0,4,5
2023-10-31,BTC_Archive,"JUST IN: 🇧🇬 Bulgaria’s oldest football club, Botev Plovdiv, adopts #Bitcoin Lightning payments and joins Nostr - Cointelegraph 

Goal! ⚽️🌹 https://t.co/ompmk0gEx5",491,2499,181
