Timestamp,Username,Tweet Content,Retweets,Likes,Replies
2023-11-13,APompliano,"Whenever the spot bitcoin ETF is approved, we will see what the true global demand looks like for the investment asset.

Large institutions aren’t buying bitcoin for transactions, they will want exposure to the best store of value currently available.",119,1068,88
2023-11-11,APompliano,"@GhostofWhitman Literally millions of people are using stablecoins instead of bitcoin as a medium of exchange. Stablecoins are more popular for that use case.

Just one example that disproved your theory.",0,0,1
2023-11-11,APompliano,"@GhostofWhitman What did I say that was inaccurate?

Bitcoin is the king. Other assets are going to go up in value as well. The entire market cap of industry will be worth tens of trillions of dollars.

If you disagree, give me your argument. If you just want to complain, I can’t help you.",0,1,5
2023-11-10,APompliano,"I always enjoy talking with @LizClaman about the insane market dynamics that have positioned bitcoin to fly in 2024.

Let me know what you all think :) https://t.co/GEQ57hoTep",61,366,47
2023-11-10,APompliano,"RT @WClementeIII: Those juicy Bitcoin yields are back and are now trading at a premium to treasuries. 

This will reflexively benefit Bitco…",129,0,0
2023-11-10,APompliano,"I’ll be on Fox Business with @LizClaman at 3:39pm EST to talk bitcoin, ETFs, regulation, and why the world is clamoring for the apex predator of financial markets.

See you there :)",10,108,37
2023-11-09,APompliano,TLT down double-digits this year and bitcoin up triple-digits in a high interest rate environment has Wall Street fuming.,23,189,13
2023-11-09,APompliano,UPDATE: Bitcoin did not go to $0 as some critics predicted last year.,183,2209,130
2023-11-09,APompliano,"Year-to-date returns for various assets

TLT: - 11.7%
Gold: 6.5%
S&amp;P: 14.8%
QQQ: 41%
Bitcoin: 121%

Tech and bitcoin are destroying value investors and S&amp;P indexers even though interest rates are high.",73,513,40
2023-11-09,APompliano,@AS_Bitcoin Social Security,0,15,2
2023-11-08,APompliano,"@besttrousers The currency doesn’t fluctuate in value.

The exchange rate does. 

For example, the dollar has crashed against bitcoin since the start of the pandemic, but no one is claiming the dollar fluctuates wildly.",0,9,2
2023-11-08,APompliano,"Bitcoin has appreciated 113% this year.

There will be a persistent long-term bid for the decentralized, digital currency against a systemic crisis of undisciplined monetary policy.

Somewhere in the world, someone is always learning that the new technology can help them.",105,850,40
