Timestamp,Username,Tweet Content,Retweets,Likes,Replies
2023-10-24,maxkeiser,"RT @BitcoinNewsCom: JUST IN: #Bitcoin setting new ALL-TIME HIGHS in countries around the world including:

🇦🇷 Argentina
🇪🇬 Egypt
🇱🇦 Laos
🇱🇧…",280,0,0
2023-10-24,maxkeiser,"The fiat money world’s imploding. #Bitcoin’s heading to $220,000 short-term. 

Exactly playing out the script I predicted. 

Knuckleheads waging war &amp; violence going extinct. 

Bitcoin is immortal. https://t.co/aPJta0Elej",111,667,39
2023-10-23,maxkeiser,"$220,000 in play, short term. 

#Bitcoin price has lagged hash and will now catch up 

Larry Fink is 50x bigger than Saylor. https://t.co/7xfTLOQSUq",188,1785,111
2023-10-23,maxkeiser,"RT @maxkeiser: “Speaking about El Salvador's move bitcoin pioneer Max Keiser told https://t.co/lPno7zDv7d: ""Bitcoin was designed to be a ce…",47,0,0
2023-10-23,maxkeiser,"RT @PacificBitcoin: The Volcano Energy was incredibly strong this year, especially at the book signing with @maxkeiser! 🌋

The Book of Max…",4,0,0
2023-10-23,maxkeiser,"New ATH’s for #Bitcoin and then $220,000 before the hash adjusted implied price in mid-$300,000’s https://t.co/BNaLbqYvh4",162,1386,67
2023-10-23,maxkeiser,RT @bitcoinmunger: Someone is bidding like an animal at these levels. #bitcoin https://t.co/vx7BNpjuHN,13,0,0
2023-10-23,maxkeiser,"RT @DeDinero_ES: #DeDinero El proyecto será desarrollado en conjunto entre Volcano Energy y Luxor Technologies.

https://t.co/B2JY9JDWH9",6,0,0
2023-10-23,maxkeiser,RT @adam3us: @TheRealKNTX @BitcoinEkasi @stacyherbert @lynx2223 @maxkeiser @filmfestbtc @LuganoPlanB i'm not sure about that. i've explaine…,4,0,0
2023-10-23,maxkeiser,"RT @TheBTCTherapist: Alex Jones claims Max Keiser gave him 10,000 bitcoin over a decade ago and he lost the laptop. 💻 

That #Bitcoin is ~…",132,0,0
2023-10-23,maxkeiser,"RT @elbrandonmartin: “People ask, Is #Bitcoin is #Bitcoin Maximalism a religion? YOUR DAMN RIGHT ITS A RELIGION!”…",3,0,0
2023-10-23,maxkeiser,RT @maxkeiser: #Bitcoin Maximalists right now. https://t.co/r2773I0TGk,12,0,0
2023-10-23,maxkeiser,"RT @maxkeiser: As predicted: All hell breaking loose. 

#Bitcoin $220,000 (short term) in play.",166,0,0
2023-10-23,maxkeiser,"@adam3us @BitcoinEkasi @stacyherbert @lynx2223 @filmfestbtc @LuganoPlanB We stick to what #Bitcoin has taught us. We are inspired by the leadership of Pres. @nayibbukele 
Our 🧡 keeps us sane.",0,11,1
2023-10-23,maxkeiser,"RT @SimplyBitcoinTV: ⚡️| FinCen Attacks #Bitcoin and Lightning Bugs? 

""#Btc was designed to be attacked"" - @maxkeiser 

As the state attac…",21,0,0
2023-10-23,maxkeiser,RT @Bitcoinbeach: Legendary panel talking about how #ElSalvador is leading the world forward through #Bitcoin adoption ⁦@BitcoinEkasi⁩ ⁦@st…,19,0,0
2023-10-23,maxkeiser,RT @bitcoinmunger: Bitcoin looking strong AF while Tradfi is fearful of an epic drawdown. It's finally happening. https://t.co/F2yX6Ex1jP,12,0,0
2023-10-23,maxkeiser,"RT @BitcoinEkasi: Panel discussion with @stacyherbert, @maxkeiser, and @adam3us on manifesting freedom, #ElSalvador, #Bitcoin    and financ…",21,0,0
2023-10-23,maxkeiser,"#Bitcoin accelerated the wars &amp; collapse by triggering the worst of us to commit most vile &amp; heinous acts in a vain attempt to save fiat money and central banks from collapse. (Similar to how MLK Jr, Gandhi, Christ, and a few others, triggered baddies to act badder and good folks… https://t.co/9jgcn97k2H https://t.co/jJD2xQ05Ou",49,327,19
2023-10-23,maxkeiser,Nothing goes beyond #Bitcoin https://t.co/e5A8QUt4Pz,4,135,14
2023-10-23,maxkeiser,"The stupid, bomb throwing, genocidal maniac, fiat money world &amp; central banks is self-destructing. 

$220,000 in play. 

#Bitcoin https://t.co/FIhbWT7XHl",87,754,43
2023-10-22,maxkeiser,RT @Volcano_Energy: Did you know? Bitcoin's price has increased with every halving event. Don't miss out on the next one. 🌋 #Bitcoin #Halvi…,20,0,0
2023-10-22,maxkeiser,"RT @CryptoNewsYes: ➡️""#Bitcoin hash keeps going higher in the fight against AI. AI will die💀 from energy starvation.""-@MaxKeiser

➡️""Spot B…",5,0,0
2023-10-22,maxkeiser,#Bitcoin is the globalist killer. https://t.co/SHd5fFmI5n,20,187,26
2023-10-22,maxkeiser,True. It’s also why #Bitcoin is Perfect Money; God’s only money. https://t.co/jQ85w8Qf6D,20,235,29
2023-10-22,maxkeiser,"When you remove wash-trading from all the non-#Bitcoin coins, Bitcoin’s dominance rises to 98% https://t.co/973pnNtqjd",62,486,36
2023-10-22,maxkeiser,RT @BTC_Archive: FACT: 🇦🇷 Argentina's economy is about 20x bigger than El Salvador's  and a pro-#Bitcoin candidate is leading the polls hea…,715,0,0
2023-10-22,maxkeiser,"RT @BitcoinMagazine: ""This is the biggest story of this decade."" @maxkeiser on #Bitcoin, 2011. https://t.co/taMBY4Sm0q",539,0,0
2023-10-22,maxkeiser,"RT @bitfinex: “#Bitcoin has revolutionised El Salvador, changing the way people think about money. It’s a mindset that brings individual so…",15,0,0
2023-10-22,maxkeiser,"RT @bitcoinofficesv: For the past two weeks, some of El Salvador’s elite bitcoin and Lightning devs students of @cuboplus had the opportuni…",25,0,0
2023-10-22,maxkeiser,"Globalism is global centralization. 

#Bitcoin is global decentralization. 

Globalism is mono-sovereignty by one centralized state with one state sponsored currency and central bank. 

#Bitcoin is individual sovereignty for 8 billion people that separates money from state with… https://t.co/I9BME9TnPi https://t.co/SHd5fFmI5n",88,405,36
2023-10-22,maxkeiser,".@PeterSchiff’s epitaph: 

“Max told me to buy #Bitcoin at $1 and all the way up to $10,000 but I ignored him” https://t.co/Vla187vI3D",14,242,29
2023-10-22,maxkeiser,"@spade_tech1 #Bitcoin has zero risk. 

Study harder.",0,1,0
2023-10-22,maxkeiser,"RT @bitfinex: “El Salvador’s transformation showcases the power of #Bitcoin - it’s about adoption, distribution, and necessary innovation.…",12,0,0
2023-10-22,maxkeiser,"I’m surprised by this particular nonsense by @PeterSchiff 

It’s as if he’s never actually worked on Wall St. 

I tried to get him into #Bitcoin at $1, $10, $100, $1000 &amp; 10,000 - then I gave up. https://t.co/aioFyCnANV",1,12,8
2023-10-22,maxkeiser,"RT @stacyherbert: Once again, the smash hit of yet another bitcoin conference was @CheritoCafe 

They pay their Salvadoran coffee growers f…",32,0,0
2023-10-22,maxkeiser,"When the 🇱🇧 central bank went bust I predicted a war wound ensue. *ALL*  central banks are insolvent. Wars are breaking out globally. 

#Bitcoin fixes this. https://t.co/hNYbm3Iv22",74,449,27
2023-10-22,maxkeiser,"RT @stacyherbert: Here is a review of El Salvador’s bitcoin only, no NFT @CheritoCafe 👇",11,0,0
2023-10-22,maxkeiser,RT @paoloardoino: . @bitfinex running 2 of the 3 biggest #bitcoin lightning network ⚡️ nodes since 2019.,32,0,0
2023-10-22,maxkeiser,"#Bitcoin hash keeps going higher in the fight against AI 

AI will die💀 from energy starvation.",71,728,81
2023-10-22,maxkeiser,"@pearl1373w All paper money fiat central bank whores on all sides are sick. 

#Bitcoin fixes this.",0,3,3
2023-10-22,maxkeiser,"Move to #ElSalvador - Bitcoin Country 

We are working to make 🇸🇻 the most welcoming destination in the world for Bitcoin Maximalists. https://t.co/kJRO3jKE7q",38,338,33
2023-10-22,maxkeiser,"RT @CRYPTOJIM2023: #Bitcoin is designed to be attacked … 👀 

- @maxkeiser 

#studyBitcoin #unstoppable #ideasarebulletproof #btc 
⚡️ 🎥 @Bit…",11,0,0
2023-10-22,maxkeiser,"RT @AlexDelConde: One throne, The Bitcoin Throne, will rule the FIAT scam 🌎 

Happy to see the Bitcoin Throne being used to sit on like a B…",3,0,0
2023-10-22,maxkeiser,RT @geekboyireland: Got #bitcoin? https://t.co/Ygte4CpGEo,3,0,0
2023-10-22,maxkeiser,RT @saylor: #Bitcoin is Digital Gold. https://t.co/yVET8NqBed,1392,0,0
2023-10-22,maxkeiser,RT @maxkeiser: #Bitcoin is the ultimate safe haven,148,0,0
2023-10-22,maxkeiser,"Perceived ‘Utility’ value interferes with price discovery in the case of money. 

The fact that a small percent of Gold is used in electronics, for example, clouds its role as a medium of exchange. 

Because #Bitcoin is *only* used as money, none such ‘utility’ clouding… https://t.co/bnDPQddD5J https://t.co/wQlbiuIH2u",14,213,35
2023-10-22,maxkeiser,"Oh boy 🙄, 

Watching fiat money cucks destroy themselves over worthless pieces of paper is a curious phenomenon to #Bitcoin ‘ers. 

Don’t get caught up in the insanity. Divest into God’s only money Bitcoin. https://t.co/fFJu84GHGL",38,219,27
2023-10-21,maxkeiser,RT @BitcoinNewsCom: Max Keiser - #Bitcoin is designed to be attacked 👀 https://t.co/rAoEpjl13f,127,0,0
2023-10-21,maxkeiser,#Bitcoin is the ultimate safe haven,148,1194,73
2023-10-21,maxkeiser,"RT @maxxdami: From following @maxkeiser for the past 4 years on social media, to watching him live in person at various panels today @Lugan…",2,0,0
2023-10-21,maxkeiser,"RT @CryptoNewsYes: ""By 2030, the market capitalization of Volcano Energy &amp; the GDP of El Salvador will both reach $50 billion, as we expand…",39,0,0
2023-10-21,maxkeiser,"RT @stacyherbert: Bitcoin, not crypto is the only way https://t.co/greYNvOMtW",20,0,0
2023-10-21,maxkeiser,RT @bitcoinofficesv: Big investors are also impressed with the Made in El Salvador bitcoin technology designed to distribute revenue and ro…,26,0,0
2023-10-21,maxkeiser,RT @stacyherbert: Packed house at the ⁦@LuganoPlanB⁩ panel talking about building new capital markets on bitcoin https://t.co/GFqBRtBYJ5,24,0,0
2023-10-21,maxkeiser,"As I predicted: The third poorest country in the world would drop to become the poorest because they allowed shitcoiners in. 

#ElSalvador avoided this thanks to great leadership! In fact, because of #Bitcoin Maximalism, El Salvador is BOOMING!!!! 

https://t.co/nUmy3rjvAC",25,252,18
2023-10-21,maxkeiser,"RT @criptoluis: For every coffee you buy from @CheritoCafe at @LuganoPlanB, each farmer involved in its production receives #Bitcoin tips b…",16,0,0
2023-10-21,maxkeiser,"RT @BitcoinNewsCom: President Bukele, Max Keiser, Michael Saylor, Marty Bent

Was Tucker Carlson the most open minded voice in mainstream m…",96,0,0
2023-10-21,maxkeiser,"RT @lopp: Fiat funds wars.
Bitcoin builds peace.",47,0,0
2023-10-21,maxkeiser,"RT @GusGrillasca: Last day of @LuganoPlanB  ⚡️

and also the last day for the Art Gallery with some of the best #Bitcoin artists 💥

here's…",10,0,0
2023-10-21,maxkeiser,RT @brianhoonjong: @stacyherbert The most resilient currency ever conceived in human history is already ushering in an era of prosperity fo…,2,0,0
2023-10-21,maxkeiser,RT @zenerbtc: Who needs coffee when we had @maxkeiser and @stacyherbert on Stage! @LuganoPlanB #Bitcoin https://t.co/9Qn4Jt11kq,7,0,0
2023-10-21,maxkeiser,RT @Surfbitcoincafe: Very inspiring - thank you so much @stacyherbert @maxkeiser @jimmysong @nayibbukele  #Bitcoin #BTC,10,0,0
2023-10-21,maxkeiser,RT @Volcano_Energy: Don't leave home without the essentials! 😷🔑📱 What are your must-haves when you're on the go? Share them with us! #Essen…,3,0,0
2023-10-20,maxkeiser,"RT @Volcano_Energy: 🌋 LAVA POOL's PLEB Miner Initiative! 🌋
At LAVA POOL, we're firm believers in the magic of decentralization. The more ou…",6,0,0
2023-10-20,maxkeiser,"RT @Volcano_Energy: At Lava Pool, our main differentiator lies in our unwavering commitment to support miners actively contributing to the…",2,0,0
2023-10-20,maxkeiser,RT @MarcusConnorNH: Save these and use them for replies. #Bitcoin 😂 https://t.co/8Vs6FliY2D,161,0,0
2023-10-20,maxkeiser,"RT @BITDOUGH: @maxkeiser “Fiat money is war. #Bitcoin is Peace.”
Up the ante on the “f🧡ck you” money to decode the key, Max. 
Let’s demonst…",43,0,0
2023-10-20,maxkeiser,#Bitcoin fixes this. https://t.co/TwKoIUmWm4,10,116,24
2023-10-20,maxkeiser,#Bitcoin fixes this. https://t.co/edw5Be7Hw9,5,79,24
2023-10-20,maxkeiser,"What an incredible waste. 

#Bitcoin is immortal &amp; unconfiscatable. It’s our *only* path to enlightenment. 

Are you ready for peace &amp; love? https://t.co/kQWFowxCbJ",16,118,24
2023-10-20,maxkeiser,"RT @Gambler2012: @maxkeiser Nayib Bukele is the Philosopher King.
Bitcoin is the philosopher's stone. https://t.co/SWWCK0uzER",2,0,0
2023-10-20,maxkeiser,RT @spliffymagoo: @maxkeiser It should be mining bitcoin,2,0,0
2023-10-20,maxkeiser,RT @MrAwesomeOB: It’s all going your way zero against #Bitcoin - @maxkeiser  Don’t $hitcoin! https://t.co/xyTQhXNOYB,21,0,0
2023-10-20,maxkeiser,"RT @saifedean: A clip from my recent conversation with bitcoiner, programmer, and Islamic scholar Muaawiyah Tucker. We discussed his journe…",88,0,0
2023-10-20,maxkeiser,RT @geekboyireland: LFG #Bitcoin ! https://t.co/pADewxvD4q,6,0,0
2023-10-20,maxkeiser,"RT @BTC_Archive: #Bitcoin is the best performing asset class in 2023 🔥 
...and it's not even close! https://t.co/U0TqxDOMQx",883,0,0
2023-10-20,maxkeiser,RT @stacyherbert: El Salvador’s elite bitcoin and Lightning devs student of ⁦@cuboplus⁩ in the ⁦@satoshigallery⁩ room at @LuganoPlanB⁩ 🇨🇭🤌🎨…,35,0,0
2023-10-20,maxkeiser,"RT @lopp: There are 350 merchants accepting bitcoin in Lugano, Switzerland. This makes it the highest density of adoption in Europe. https:…",91,0,0
2023-10-20,maxkeiser,"Fiat money seppuku is always how it ends for all fiat money whores ON ALL SIDES. 

#Bitcoin fixes this. https://t.co/Yl2dxIRLsH",18,120,19
2023-10-20,maxkeiser,RT @BitcoinNewsCom: JUST IN: #Bitcoin close to new ALL-TIME HIGHS in 🇦🇷 Argentina 😮 https://t.co/NdHe2IfDhz,513,0,0
2023-10-20,maxkeiser,"RT @duczko: the world 🌎 going into energy crisis and meanwhile El Salvador 🇸🇻 is going into energy abundance

@nayibbukele opening the new…",181,0,0
2023-10-20,maxkeiser,"RT @stacyherbert: Next stop: Bitcoin Country

Bitcoiners build energy infrastructure 

🇸🇻🌋🌊🔉⚡️👷‍♂️⛏️ https://t.co/aWaEaBi2sA",65,0,0
2023-10-20,maxkeiser,"The US is committing financial seppuku. 

The deep shame of supporting so many immoral regimes and senseless wars has driven the country to do this.  

If financial seppuku is not for you, divest everything into #Bitcoin and escape the madness. https://t.co/eqg7bmsa7h",84,368,17
2023-10-19,maxkeiser,"RT @ChrisKnight407: The Influential Max Kaiser

Make sure you follow @maxkeiser 

@bramk  Bitcoin for Millennials

#Bitcoin https://t.co/Wx…",1,0,0
2023-10-19,maxkeiser,"RT @SGTreport: 100% FACT: We live is an era dominated by ""Financial terrorism"".  #RothschildCentralBanks
#Bitcoin fixes this.",34,0,0
2023-10-19,maxkeiser,RT @BitcoinNewsCom: NEW: Tether CEO Paolo Ardoino says the RGB protocol is the “best opportunity” for issuing stablecoins on #Bitcoin and t…,12,0,0
2023-10-19,maxkeiser,RT @RiggsBTC: The fiat money supply is increased to fund war. The bitcoin supply cannot be increased - this promotes peace and cooperation.…,7,0,0
2023-10-19,maxkeiser,"RT @EvanderSmartBTC: @maxkeiser Mad Max Keiser
The Bitcoin OG
The Sultan of El Salvador",5,0,0
2023-10-19,maxkeiser,"All fiat money whores ON ALL SIDES are pathological liars. 

#Bitcoin fixes this. https://t.co/FQCRnLlKcW",29,204,27
2023-10-19,maxkeiser,"@LaughCoin69 Exactly! 

The more #Bitcoin is attacked, the stringer it gets, the higher it goes.",0,1,1
2023-10-19,maxkeiser,"People always ask me, when #Bitcoin $220,000 and why? 

What’s happening in the ME &amp; Eurasia will crash the global fiat money, central bank Ponzi scheme. 

So the timing is now. $220,000 is a short term target. 

#Bitcoin is immortal. You can’t stop it. 

Ponzi schemes are… https://t.co/E0NnjIfbdD https://t.co/D13vrlJyq9",213,1049,85
2023-10-19,maxkeiser,"RT @paoloardoino: 1 day to the #lugano PlanB forum @LuganoPlanB .
More than 2k tickets and growing.
115 speakers.
2 days of #bitcoin and fr…",36,0,0
2023-10-18,maxkeiser,"RT @HonestMentor: @maxkeiser #BITCOIN makes wars less profitable 💪

Each time you buy Bitcoin and take it into self-custody, you're voting…",11,0,0
2023-10-18,maxkeiser,"Remember, 

#Bitcoin is designed to be attacked. The bigger the better. 

As you see, hash rate is skyrocketing in the face of all these attacks, exactly as designed. #Bitcoin monetizes peace &amp; love buy disenfranchising war and violence with Perfect Money. God’s only money. 

And… https://t.co/cU8zuFYaJ1 https://t.co/skigCrtCbN",138,724,48
2023-10-18,maxkeiser,RT @Volcano_Energy: We believe Bitcoin was designed to be decentralized and launched Lava Pool to strive to keep it that way. Join us at ht…,7,0,0
2023-10-18,maxkeiser,RT @BitcoinMagazine: NEW: 🇺🇸 Gas station in Florida becomes first in the U.S. to accept #Bitcoin Lightning payments 🙌 https://t.co/9Z4Re7pw…,249,0,0
2023-10-18,maxkeiser,"RT @CryptoNewsYes: 💥💥💥 ""#Bitcoin is designed to be attacked. Please attack me so that my price can go to $100,000, $200,000, $1,000,000 a c…",4,0,0
2023-10-18,maxkeiser,"RT @BigSeanHarris: #Bitcoin is revealing what we had all feared. We knew our politicians were dumb, but we never dreamed in a million years…",33,0,0
