Timestamp,Username,Tweet Content,Retweets,Likes,Replies
2023-11-23,Bitcoin,"$37,331.30

#Bitcoin  #BTC  $BTC $USD",111,673,170
2023-11-23,Bitcoin,No army can withstand the strength of an idea whose time has come. - Victor Hugo #Bitcoin https://t.co/WnTTNjQeWL,491,1925,311
2023-11-22,Bitcoin,"At its core, #Bitcoin holds untapped power—a transformative force for financial autonomy. https://t.co/NneCcqAAWv",512,1759,254
2023-11-22,Bitcoin,Why not implement #Lightning? @YouTube https://t.co/0pI8GNrIOx,101,567,139
2023-11-22,Bitcoin,"€33,458.72

#Bitcoin  #BTC  $BTC  $EUR",103,656,166
2023-11-22,Bitcoin,"In a world of uncertainty, #Bitcoin offers a tranquil haven. https://t.co/nWUnd3rXz1",573,2403,290
2023-11-22,Bitcoin,The bull is here to supercharge your #Bitcoin. https://t.co/pWhWXCiLL5,919,4187,486
2023-11-21,Bitcoin,"RT @MirceaQuotes: ""In short : Bitcoin is a sovereign. Accepting this matter of fact is a sine qua non prerequisite for playing. No exceptio…",33,0,0
2023-11-21,Bitcoin,https://t.co/r9ivjSzMIc,213,1516,194
2023-11-21,Bitcoin,"$36,881.60

#Bitcoin  #BTC  $BTC $USD",134,764,151
2023-11-21,Bitcoin,"Decentralization is the revolution, and #Bitcoin is at its forefront. https://t.co/1EgqhA8Xou",815,3517,387
2023-11-21,Bitcoin,#Bitcoin: Making millionaires out of early-adopter nerds since 2009. https://t.co/JPFfF5teT7,713,2754,475
2023-11-21,Bitcoin,"Gift someone the power of financial literacy, wrap it with #Bitcoin knowledge, and watch potential flourish. 🎁 📚 https://t.co/R26QjhkCN4",568,2048,359
2023-11-20,Bitcoin,"#Bitcoin emerges as the frontrunner, winning the race towards decentralized, borderless, and secure transactions! https://t.co/Z6P60F9x44",585,2019,341
2023-11-20,Bitcoin,"€34,002.13

#Bitcoin  #BTC  $BTC  $EUR",180,864,222
2023-11-20,Bitcoin,#Bitcoin is stability and balance. https://t.co/o2K7c0T8rN,909,3759,492
2023-11-20,Bitcoin,#Bitcoin is still in the early stages of a revolutionary financial journey. #HODL https://t.co/EyIhKz04eW,950,3639,412
2023-11-19,Bitcoin,"£29,691.69

#Bitcoin  #BTC  $BTC $GBP",138,718,151
2023-11-19,Bitcoin,Study #Bitcoin and unveil a rich educational experience. https://t.co/2S6yrHyomG,548,2069,303
2023-11-19,Bitcoin,"HODL strong, #Bitcoin pioneers; the rewards of patience and belief in the decentralized future are on the horizon. https://t.co/CrtEJok85z",610,2698,497
2023-11-19,Bitcoin,"(BTC-Silver):     💿 1,523.66 oz

#Bitcoin  #BTC  $BTC $SILVER",135,614,167
2023-11-19,Bitcoin,One coin to rule them all! #Bitcoin https://t.co/5zBjzZrlgK,610,2674,391
2023-11-18,Bitcoin,"November 18, 2023 @ 07:18 PM (UTC)
Current Price of Bitcoin

(BTC-USD):        $36,722.40
(BTC-EUR):        €33,639.55",165,616,140
2023-11-18,Bitcoin,#Bitcoin is seeing an unprecedented surge in demand... #HODL https://t.co/7sWbxJXJfr,694,3197,384
2023-11-18,Bitcoin,"€33,390.57

#Bitcoin  #BTC  $BTC  $EUR",158,744,190
2023-11-18,Bitcoin,"#Bitcoin enables secure, transparent, and borderless transactions. https://t.co/45YWHyS6eb",542,2308,346
2023-11-18,Bitcoin,The time is now. #Bitcoin https://t.co/8GxqmfuqSX,1152,5390,622
2023-11-17,Bitcoin,#Bitcoin is empowering individuals across the globe. 🌍 https://t.co/Z7709s5JOE,768,3068,408
2023-11-17,Bitcoin,Pick your lane. #Bitcoin https://t.co/VyvtQPnRzf,637,2682,372
2023-11-17,Bitcoin,#Bitcoin is art. https://t.co/spgXnK7zuU,616,2874,529
2023-11-16,Bitcoin,"€33,201.67

#Bitcoin  #BTC  $BTC  $EUR",155,720,176
2023-11-16,Bitcoin,"As the glow of #Bitcoin illuminates the financial landscape, it becomes the guiding light, signaling a new era of decentralized possibilities. https://t.co/cTvH0TkC7K",563,2056,264
2023-11-16,Bitcoin,#Bitcoin charts are illustrations of a digital revolution and an upward trajectory of decentralized potential. https://t.co/6j8hQKBdF5,614,2268,383
