Timestamp,Username,Tweet Content,Retweets,Likes,Replies
2023-12-05,APompliano,Bitcoin now up 163% year-to-date. https://t.co/yjF22lYOHN,51,566,41
2023-12-05,APompliano,"There is way more demand for bitcoin than the amount available for purchase.

Buyers have to bid higher and higher to convince holders to part with their bitcoin. 

This is why the price is rapidly rising.",103,1018,84
2023-12-05,APompliano,"It has been fun to watch @JoeSquawk, @BeckyQuick, and @andrewrsorkin cover bitcoin and its rise in popularity over the years. 

Give each of them a follow if you have not already.",1,55,6
2023-12-05,APompliano,"Bitcoin is a free market asset that predicts the future of what will happen with interest rates and liquidity.

Investors are allocating to the asset &amp; holders aren't selling.

Always great to join @SquawkCNBC to discuss this important part of financial markets. https://t.co/kIacI1avs5",238,1480,138
2023-12-05,APompliano,"I’ll be on @SquawkCNBC at 8:30am EST discussing bitcoin’s recent rise and why holders refuse to sell their bitcoin to Wall Street. 

See you there.",14,297,30
2023-12-05,APompliano,"RT @APompliano: Bitcoin Is Surging and Holders Refuse To Sell

Gold and bitcoin surged in price over the weekend. Gold hit an all-time high…",133,0,0
2023-12-04,APompliano,The bitcoin ETF issuers are updating their applications so fast that you have to think they are all preparing for an approval at the same time that will kick off one of the most insane marketing blitzes in financial markets history as these large firms compete for billions in AUM,209,2057,91
2023-12-04,APompliano,"Many people don't realize how much more popular gold is than bitcoin in terms of search traffic. 

Bitcoin has only eclipsed gold twice in the last 5 years. https://t.co/NFg2PdyZpn",41,446,80
2023-12-04,APompliano,GBTC is up almost 2x more than bitcoin year-to-date. https://t.co/GLUr0A2gpH,32,333,32
2023-12-04,APompliano,"Bitcoin Is Surging and Holders Refuse To Sell

Gold and bitcoin surged in price over the weekend. Gold hit an all-time high crossing over $2,130. Bitcoin touched $42,000 early this morning. These meaningful movements in price say more about the state of fiat currencies than it… https://t.co/UJ8KjXHphh https://t.co/K9G45Nu4aD",133,1059,58
2023-12-04,APompliano,"An interesting data point is that although bitcoin's price has been rapidly rising in recent months, the illiquid circulating supply metrics continues to hit new all-time highs.

Now sits at 70.5% — bitcoin holders aren't selling. https://t.co/yrCwWdUYlO",66,522,43
2023-12-04,APompliano,"An interesting data point is that although bitcoin's price has been rapidly rising in recent months, the illiquid circulating supply metric continues to hit new all-time highs.

Now sits at 70.5% — bitcoin holders aren't selling. https://t.co/6v9f7DmPXp",1,2,1
2023-12-04,APompliano,"NVIDIA has outperformed Bitcoin over the last 5 years.

I would not have expected that.",95,1567,191
2023-12-04,APompliano,"@mikealfred Not true.

For example, NVIDIA has outperformed bitcoin over the last 5 years. 

Most would argue that NVIDIA had lower risk. 

Disproves your point.",0,24,6
2023-12-04,APompliano,"Many people are saying bitcoin in the comments, but bitcoin was not even the best performing crypto asset in the last few bull markets. 

If you ignore risk and volatility, the answer will likely be another asset.",2,54,20
2023-12-04,APompliano,"Bitcoin is up approximately 1,000% in the last 5 years. 

Berkshire is up 76% in the same time frame.",7,136,5
2023-12-04,APompliano,Bitcoin's market cap is now higher than Berkshire Hathaway's market cap.,161,1651,91
2023-12-04,APompliano,"Gold and bitcoin both rallying hard right now says more about the state of fiat currencies than it does about hard assets. 

Both communities of hardcore believers want to believe their asset is special, but ultimately global liquidity &amp; currency debasement tell the story.",90,819,33
2023-12-01,APompliano,"Crypto Equities Are Outperforming Bitcoin By 2x

Most of the investor interest in cryptocurrencies has historically been concentrated in the digital tokens. Retail investors were first to the party, followed by family offices, corporations, and financial institutions. The big… https://t.co/3lNFrJXbQO https://t.co/yTZbEakot9",41,190,38
2023-11-29,APompliano,"Crypto equities are outperforming bitcoin by 2x YTD.

This is not reflected in the public narrative at the moment, but will become a bigger story. 

I break it down in today's letter with the help of @alyssachoo_, @singularity7x, and @QwQiao.

READ:
https://t.co/At0J27A8wN",12,45,18
