Timestamp,Username,Tweet Content,Retweets,Likes,Replies
2023-12-05,krakenfx,"@BitcoinMagazine Wake up Honey, new Bitcoin yearly high just dropped!",3,19,2
2023-12-05,krakenfx,"@BTC_Archive All I want for Christmas, is mainstream Bitcoin adoption 🎵 🎶",3,27,1
2023-12-05,krakenfx,"@Bitcoin Bitcoins coming for you, Gold! 😉",4,47,3
2023-12-05,krakenfx,@WatcherGuru Akshually we liked Bitcoin before it was cool ☝️ 🤓,0,35,4
2023-12-05,krakenfx,"@saylor @MDBitcoin Financial freedom is the puzzle, Bitcoin is the key 🧡",0,16,4
2023-12-05,krakenfx,GTA 6 trailer and Bitcoin at 42k? Christmas has come early!,43,430,53
2023-12-04,krakenfx,@WatcherGuru Can't wait to see #Bitcoin at the number one spot by market cap 🤞,3,45,4
2023-12-04,krakenfx,@BitcoinMagazine @nayibbukele Bitcoin first conviction 💪,0,27,5
2023-12-04,krakenfx,@Hermes3Trismeg With all those Bitcoin on the tree we can see why that Kraken is smiling 🤣,1,2,0
2023-12-04,krakenfx,@nayibbukele People can't see the vision until it materializes. Thank you for leading the way in Bitcoin adoption! 🧡,24,725,6
2023-12-01,krakenfx,@AltcoinDailyio Bitcoin 😎,0,4,3
2023-11-30,krakenfx,@X Just like Bitcoin is a global currency -from the people for the people,2,51,9
2023-11-30,krakenfx,@ShannenPill @AdoptingBTC @BullBitcoin_ @Bitcoinbeach @blinkbtc @CheritoCafe @BornTo_BeFree @beefbackbetter @maxkeiser @stacyherbert @bitfinex Great to see more people actively using Bitcoin IRL! 💜 🐙,0,56,4
2023-11-29,krakenfx,@Bitcoin 'Financial tyranny' cancelling technology 😉,0,10,3
2023-11-29,krakenfx,@AltcoinDailyio Bitcoin (that's the tweet),10,48,22
2023-11-29,krakenfx,@BitcoinMagazine We're all bullish on Bitcoin here 💪 🧡,4,36,8
2023-11-29,krakenfx,"@AltcoinDailyio Everything's bigger in Texas, even the Bitcoin miners  💜 🤣",1,10,1
