Timestamp,Username,Tweet Content,Retweets,Likes,Replies
2023-12-15,BTC_archive,$50K #Bitcoin is so close you can almost taste it... https://t.co/N1Oz4FdVRt,120,897,74
2023-12-15,BTC_archive,"RT @BTC_Archive: Global bank Standard Chartered #Bitcoin research note: 

- Expect multiple $BTC ETFs approved in Q1, 2024
- Institutional…",389,0,0
2023-12-14,BTC_archive,"Wouldn’t it be sweet for #Bitcoin to break $50k exactly 2 years later. 

It is written… 🤑 https://t.co/rK1SZ25MdQ",292,1952,157
2023-12-14,BTC_archive,"RT @BTC_Archive: #Bitcoin at $43,100
Buy The Dips... https://t.co/d336uvJ5in",366,0,0
2023-12-14,BTC_archive,BREAKING: 🇷🇺 Russia's Finance Ministry considers treating #Bitcoin earned through mining as export products similar to oil and gas. https://t.co/Uu9OZVlHL3,487,2261,117
2023-12-14,BTC_archive,BREAKING: 🇷🇺 Russia Finance Ministry considers treating #Bitcoin earned through mining as export products similar to oil and gas. https://t.co/KBniALQLxr,10,48,10
2023-12-14,BTC_archive,"JUST IN: 🇨🇭 #Bitcoin and Crypto exchange for institutions just launched in Switzerland, with 7 major banks as clients of the exchange, Rulematch. https://t.co/ja9HDiulr7",647,2753,130
2023-12-14,BTC_archive,"JUST IN: KPMG report says #Bitcoin could allow previously unprofitable, small electrical grids to become financially viable in developing countries and in turn improve electricity access.

Yes! 🤝 https://t.co/qD9iCq0fOz",515,2499,118
2023-12-14,BTC_archive,"RT @BTC_Archive: JUST IN: SEC Chair Gary Gensler on Spot #Bitcoin ETF approval:

""We do things according to our authorities and how courts…",501,0,0
2023-12-14,BTC_archive,"BREAKING: Valkyrie just updated its Spot #Bitcoin ETF application again.

SEC giving clear signals now... 👀 https://t.co/jJKtaMpakv",689,3718,109
2023-12-14,BTC_archive,"Why are so many #Bitcoin ETF applications being re-filed?

🚨SIGNAL - The  SEC is making its approval terms very clear to BlackRock, Fidelity et al and they are all falling into line.

The Bitcoin ETF approval is inevitable. https://t.co/wRDg6jBe2W",264,1475,83
2023-12-14,BTC_archive,"All the people who put the hard work in during the bear market!  👏🙌👏 

I've seen so many new and talented people emerge to add their voices to the #Bitcoin chorus. https://t.co/eeVbsdELzw",98,651,74
2023-12-14,BTC_archive,"Global bank Standard Chartered #Bitcoin research note: 

- Expect multiple $BTC ETFs approved in Q1, 2024
- Institutional money to pour into Bitcoin
- $100,000 price target in 2024 https://t.co/aGCmkou0R9",389,1677,135
2023-12-14,BTC_archive,"#Bitcoin at $43,100
Buy The Dips... https://t.co/d336uvJ5in",366,2252,156
2023-12-14,BTC_archive,"NEW - The #Bitcoin ETF by Bitwise is now listed on the Depository Trust Clearing corporation.  $BITB 

Another one…👀 https://t.co/gR5HPvVIhN",468,2357,85
2023-12-14,BTC_archive,RT @BTC_Archive: JUST IN: 🇺🇸 BlackRock has amended its #Bitcoin ETF structure to make it easier for Wall Street banks like Goldmans and JP…,1410,0,0
2023-12-14,BTC_archive,RT @BTC_Archive: BREAKING: 🇯🇵🇸🇦 -  World's largest oil company Saudi Aramco partners with Japanese finance giant SBI Holdings to explore in…,1155,0,0
2023-12-13,BTC_archive,"RT @BTC_Archive: BREAKING: 🇺🇸 #Bitcoin to be recorded at fair value under new FASB rules issued today - Bloomberg

This is HUGE!  ‼️ 

Prev…",1697,0,0
2023-12-13,BTC_archive,"JUST IN: Federal Reserve leaves rates unchanged in last meeting for the year, as #Bitcoin bounces back over $42,000. https://t.co/5uaidCqAKC",263,1611,65
2023-12-13,BTC_archive,"JUST IN: SEC Chair Gary Gensler on Spot #Bitcoin ETF approval:

""We do things according to our authorities and how courts interpret our authorities and that's what we'll do here.""

- The Court gave a decisive victory in favour of Grayscale.
- The SEC has since started an… https://t.co/2xtPshZuoC https://t.co/2gnejt497n",501,2281,195
2023-12-13,BTC_archive,"JUST IN: SEC Chair Gary Gensler on Spot #Bitcoin ETF approval:
""We do things according to our authorities and how courts interpret our authorities and that's what we'll do here.""

Does the level of SEC engagement signify things are getting easier?  

- Grayscales court victory… https://t.co/Ysd9vJebSh https://t.co/mlY6DUaNBP",26,123,24
2023-12-13,BTC_archive,"JUST IN: 🇺🇸 BlackRock has amended its #Bitcoin ETF structure to make it easier for Wall Street banks like Goldmans and JP Morgan to own Bitcoin — even though regulations prevent banks from holding $BTC directly.

This model is designed to improve investor protection and reduce… https://t.co/e5xMjcJKr8 https://t.co/ySB2gYxi8R",1410,5886,166
2023-12-13,BTC_archive,"JUST IN:  Georgetown University Professor writes letter to SEC urging it to let #Bitcoin ETF operators decide how to best operate the ETFs.

e.g. In-kind vs Cash creation/redemption process. https://t.co/o1KJjb6hTY",334,1610,75
2023-12-13,BTC_archive,"BREAKING: 🇯🇵🇸🇦 -  World's largest oil company Saudi Aramco partners with Japanese finance giant SBI Holdings to explore investing in Digital Assets. 👀

#Bitcoin habibi... https://t.co/AFw4B2dOXy",1155,5473,317
2023-12-13,BTC_archive,"NEW: 🇺🇸 Cantor Fitzgerald CEO: ""I am a fan of Crypto, but let me be very specific — Bitcoin just #Bitcoin.” 

👊😎👊 https://t.co/1pZ5NHbLa3",312,2045,110
2023-12-13,BTC_archive,"RT @BTC_Archive: JUST IN: 🇺🇸 SEC met with BlackRock yesterday for the 3rd time to discuss their #Bitcoin ETF. 

SEC also met Grayscale, Fid…",1118,0,0
2023-12-13,BTC_archive,"Bitcoin quietly sneaks above $42,000... https://t.co/75JQnIAUzk",173,1338,95
2023-12-13,BTC_archive,"Bitcoin gets another 🟢 light on the way to becoming an institutionally recognised treasury asset.

✅ FASB Accounting rules

NEXT: Spot #Bitcoin ETF Approval",349,1680,66
2023-12-13,BTC_archive,MICHAEL SAYLOR: This upgrade to accounting standards will facilitate the adoption of #Bitcoin as a treasury reserve asset by corporations worldwide. https://t.co/ghjy5iQ8ne,444,2469,69
2023-12-13,BTC_archive,"JUST IN: Goldman Sachs says there is ""huge appetite"" for #Bitcoin and crypto as US ETF approval looms, and expects a ""significant uptick"" in trading volumes over the next 12  - Reuters https://t.co/3TTpBroTEn",639,2828,123
2023-12-13,BTC_archive,BREAKING: Coinbase to expand #Bitcoin and Crypto trading globally in push outside US - Bloomberg https://t.co/kMUsTVYnlB,973,4503,197
2023-12-13,BTC_archive,"BREAKING: 🇺🇸 #Bitcoin to be recorded at fair value under new FASB rules issued today - Bloomberg

This is HUGE!  ‼️ 

Previously companies could only value their bitcoin at the lowest price since they bought it, which meant they would have to record losses, but not the gains when… https://t.co/S18zsVNxI7 https://t.co/E94kS1Slrb",1697,6595,220
2023-12-13,BTC_archive,"RT @bitcoinofficesv: 🚨BREAKING NEWS🚨 

The Volcano Bond has just received regulatory approval from the Digital Assets Commission (CNAD).

W…",353,0,0
2023-12-13,BTC_archive,RT @MacroScope17: As someone who just returned from El Salvador (see my previous tweet for a trip report) my personal opinion is: Anyone wh…,27,0,0
2023-12-12,BTC_archive,"BREAKING: 🇦🇷 Argentina devalues peso by over 50%. 

This is why we #Bitcoin https://t.co/TYrMwprDIn",421,2228,121
2023-12-12,BTC_archive,"JUST IN: 🇺🇸 SEC met with BlackRock yesterday for the 3rd time to discuss their #Bitcoin ETF. 

SEC also met Grayscale, Fidelity &amp; Franklin Templeton during the week. 

🚨All ETFs lined up for approval! 

h/t: @JSeyff https://t.co/2yQeKFoazn",1118,4749,162
2023-12-12,BTC_archive,"RT @BTC_Archive: BREAKING:🇸🇻 El Salvador’s #Bitcoin Volcano Bonds will be officially issued in Q1 next year. 

The Volcano Bond has just re…",1229,0,0
2023-12-12,BTC_archive,"RT @BTC_Archive: NEW: Google Searches for #Bitcoin have spiked sharply. 

Probably nothing… 👀 https://t.co/dkOKaIgydb",540,0,0
2023-12-12,BTC_archive,"RT @BTC_Archive: BlackRock scooping up #Bitcoin  from all the weak hands  🐳 🐳🐳

 https://t.co/5nQ4aY8AfB",785,0,0
2023-12-12,BTC_archive,"BREAKING: 🇺🇸 SEC had a meeting with Franklin Templeton to discuss details of their #Bitcoin ETF application.

🏁🚗🚗🚗🚗🚗🚗🚗🚗🚗🚗🚗🚗🚗

Approval any time now... 👀",521,3104,110
2023-12-12,BTC_archive,"BREAKING: 🇺🇸 SEC had a meeting with Franklin Templeton about to discuss details of their #Bitcoin ETF application.

🏁🚗🚗🚗🚗🚗🚗🚗🚗🚗🚗🚗🚗🚗

Approval any time now... 👀",30,226,23
2023-12-12,BTC_archive,"RT @BTC_Archive: JUST IN: 🇺🇸 Google changes policy to allow “Cryptocurrency Coin Trust”advertising — effective from 29th of January. 

Just…",985,0,0
2023-12-12,BTC_archive,JUST IN: 🇺🇸 Donald Trump victory in 2024 would propel #Bitcoin to $2 TRILLION market cap as SEC's hostile regulatory approach would be dismantled - VanEck research note https://t.co/RIrSBQeARQ,768,4020,302
2023-12-12,BTC_archive,"1.) WHAT - 🇺🇸 Senator Elizabeth Warren claims North Korea is using #Bitcoin and crypto to ""fund half its nuclear weapons program."" 🤡 https://t.co/evIXgX1Q3h",347,1971,816
2023-12-12,BTC_archive,"FUN FACT: Elizabeth Warren has tabled more than 30 bills in 7 years. 

ZERO passed to become law! 🤡 

#Bitcoin is unstoppable! https://t.co/QO1DdNpGP7",587,3266,307
2023-12-12,BTC_archive,JUST IN: We show #Bitcoin on the screen every single day because theres a lot ownership and interest in Bitcoin around the world - CNBC host Andrew Ross Sorkin https://t.co/TlClxwqSEC,234,1406,79
2023-12-12,BTC_archive,JUST IN: We show #Bitcoin onthe screen every single day because theres a lot ownership and interest in Bitcoin around the world - CNBC host Andrew Ross Sorkin https://t.co/9XqpUDsrAp,1,22,12
2023-12-12,BTC_archive,"JUST IN: You are hearing from Ray Dalio, Larry Fink and sovereigns that #Bitcoin is an asset one should have exposure to - Circle CEO https://t.co/9E6rEV0K9a",307,1558,69
2023-12-12,BTC_archive,JUST IN: We show #Bitcoin in the screen every single day because theres a lot ownership and interest of Bitcoin around the world - CNBC host Andrew Ross Sorkin https://t.co/wLJhT9gqRO,21,133,30
2023-12-12,BTC_archive,"It took  +160% price increase over 12 months for positive news about #Bitcoin to hit the media headlines. 

It took one day and a 7% drop for the negative news to appear. 🤨 

Stay focused.
Stack &amp; HODL 🙌",273,1614,118
2023-12-12,BTC_archive,"BREAKING:🇸🇻 El Salvador’s #Bitcoin Volcano Bonds will be officially issued in Q1 next year. 

The Volcano Bond has just received regulatory approval from the Digital Assets Commission (CNAD).

History in the making! 🌋 https://t.co/exAfUADmXV",1229,5249,218
2023-12-11,BTC_archive,"RT @BTC_Archive: JUST IN: Financial Times says ""Despite a hellfire of regulatory aggression and legal strife #Bitcoin is up 160% this year…",604,0,0
2023-12-11,BTC_archive,"NEW: Google Searches for #Bitcoin have spiked sharply. 

Probably nothing… 👀 https://t.co/dkOKaIgydb",540,3264,163
2023-12-11,BTC_archive,"BlackRock scooping up #Bitcoin  from all the weak hands  🐳 🐳🐳

 https://t.co/5nQ4aY8AfB",785,3943,227
2023-12-11,BTC_archive,"JUST IN: 🇺🇸 Google changes policy to allow “Cryptocurrency Coin Trust”advertising — effective from 29th of January. 

Just in time for #Bitcoin ETF approval… 😉 https://t.co/0Ed2lVtfWP",985,4280,142
2023-12-11,BTC_archive,"We are armed and ready at all times…

to buy #Bitcoin when it dips… https://t.co/U4DgMuW9Ei",227,1155,115
2023-12-11,BTC_archive,"RT @BTC_Archive: JUST IN: Financial Times says ""it is hard to ignore the startling rally in #Bitcoin""

Pls continue to ignore it... https:/…",729,0,0
2023-12-11,BTC_archive,"Get my FREE #Bitcoin Newsletter and never miss any news!

https://t.co/HHqduAix8N 

👇Just Click👇",52,245,80
2023-12-11,BTC_archive,JUST IN: $103m leveraged #Bitcoin positions liquidated in last 24hrs. https://t.co/hNKh8unHY5,250,1773,126
2023-12-11,BTC_archive,NEW: #Bitcoin price closed UP 8 weeks in a row for the first time since 2017. https://t.co/cH5CrNtktp,366,2034,129
2023-12-10,BTC_archive,"JUST IN: The Pro-#Bitcoin President of Argentina has been sworn in.

His official signature in the inauguration book says: 
 
''VIVA LA LIBERTAD CARAJO''  

Translation: ""Long Live F*cking Freedom""
🥜 🥜🥜 https://t.co/TQRK7KyqOq",464,2377,143
2023-12-10,BTC_archive,"JUST IN: The Pro-#Bitcoin President of Argentina has been sworn in.

His official signature in the inauguration book says: 
 
''VIVA LA LIBERTAD CARAJO''  

TranslationL: ""Long Live F*cking Freedom""🥜 
🥜 https://t.co/XlYOwQM9Pr",6,24,10
2023-12-10,BTC_archive,"JUST IN: Financial Times says ""Despite a hellfire of regulatory aggression and legal strife #Bitcoin is up 160% this year to $44,000.""

Yes...   😎🤝😎 https://t.co/wkFMneq4q3",604,3322,143
2023-12-10,BTC_archive,"JUST IN: Financial Times says ""it is hard to ignore the startling rally in #Bitcoin""

Pls continue to ignore it... https://t.co/cDMENd6Nph",729,4318,176
2023-12-10,BTC_archive,"RT @BTC_Archive: BREAKING: 🚨 SEC just posted this investor alert on ""crypto asset securities""

They did the same thing leading up to the Bi…",997,0,0
2023-12-09,BTC_archive,"RT @BTC_Archive: JUST IN: Financial Times says ""Everything has been thrown at #Bitcoin and it’s held up.  Whether you like it or not, Bitco…",758,0,0
2023-12-09,BTC_archive,"RT @BTC_Archive: NEW: Cathie Wood says a #Bitcoin ETF is the 'final seal of approval' for institutions, who will drive the price higher for…",528,0,0
2023-12-09,BTC_archive,"RT @BTC_Archive: CATHIE WOOD: 🇺🇸 ""SEC is engaging with us on the #Bitcoin ETF application. It shows a change in SEC's behaviour.""

- Bitcoi…",756,0,0
2023-12-09,BTC_archive,RT @BTC_Archive: JUST In: 🇺🇸 Fidelity met with the SEC yesterday and shared details of their #Bitcoin ETF design for 'in-kind' creations.…,695,0,0
2023-12-09,BTC_archive,RT @BTC_Archive: NEW: 🇺🇸 Fidelity just updated its spot #Bitcoin ETF application after discussions with the SEC - Bloomberg's @EricBalchuna…,604,0,0
2023-12-09,BTC_archive,@TXMCtrades All through mid-late 2020 it was the consensus that Bitcoin was about to enter a bull run… and then it did.,0,13,3
2023-12-09,BTC_archive,"RT @BTC_Archive: JUST IN: Bloomberg says ""Even skeptical investors should accept it’s safer to have a small allocation to #Bitcoin than to…",978,0,0
2023-12-09,BTC_archive,RT @BTC_Archive: JUST IN: 🇦🇪 UAE #Bitcoin miner Phoenix signs $380M deal to buy hydro cooling Bitcoin mining equipment. https://t.co/eS2oTi…,601,0,0
2023-12-09,BTC_archive,@intocryptoverse Bitcoin dominance is 💯,2,37,7
2023-12-09,BTC_archive,"JUST In: 🇺🇸 Fidelity met with the SEC yesterday and shared details of their #Bitcoin ETF design for 'in-kind' creations. 

It's happening... 👀 https://t.co/fIMPkYceSC",695,3362,120
2023-12-08,BTC_archive,NEW: 🇺🇸 Fidelity just updated its spot #Bitcoin ETF application after discussions with the SEC - Bloomberg's @EricBalchunas https://t.co/BTWI5pYiXW,604,2987,84
2023-12-08,BTC_archive,"RT @BTC_Archive: US Bank Wachovia laundered $378 BILLION for Mexican cartels.  

That's 45% of Bitcoin's ENTIRE MARKET CAP.  

Criminals pr…",2055,0,0
2023-12-08,BTC_archive,"JUST IN: #Bitcoin hits a new 2023 high of $44,720",400,2828,123
2023-12-08,BTC_archive,"BREAKING: 🚨 SEC just posted this investor alert on ""crypto asset securities""

They did the same thing leading up to the Bitcoin Futures approval.

Spot Bitcoin ETF inevitable now... https://t.co/oOILr9R6Wz",997,4574,163
2023-12-08,BTC_archive,JUST IN: 🇦🇪 UAE #Bitcoin miner Phoenix signs $380M deal to buy hydro cooling Bitcoin mining equipment. https://t.co/eS2oTiQz42,601,2846,107
