Timestamp,Username,Tweet Content,Retweets,Likes,Replies
2023-10-17 09:08:24,Bitcoin,"(BTC-Gold):     📀 14.7634 oz

#Bitcoin  #BTC  $BTC $GOLD",60,367,95
2023-10-17 03:42:08,Bitcoin,"As paper money dwindles, #Bitcoin stands tall. It’s not just a hedge, it’s a hope. https://t.co/kJvj2MOkYJ",310,1365,180
2023-10-16 19:01:43,Bitcoin,Do you think a Bitcoin ETF will be approved by:,80,440,135
2023-10-16 15:59:21,Bitcoin,"#Bitcoin brings back power to the people, one peer at a time. ✊🔗 #PeerToPeer https://t.co/8GhrOOsxPO",443,2013,237
2023-10-16 03:42:02,Bitcoin,"#Bitcoin, like a marathon, rewards those with the stamina to stay in the race, as it paves the path to a decentralized financial finish line.🏃‍♂️🏃‍♀️ https://t.co/msmC86cqra",472,1747,258
2023-10-15 15:59:03,Bitcoin,#Bitcoin is a glimpse into the future of global finance. Are you watching closely? 👀 https://t.co/R0qRqNsRwl,649,2965,502
2023-10-15 03:42:08,Bitcoin,A decentralized journey fueled by innovation. #Bitcoin is the adventure of our time. 🏔 https://t.co/BQyVMKvwn7,656,2827,289
2023-10-14 21:46:32,Bitcoin,"(BTC-Gold):     📀 13.9040 oz

#Bitcoin  #BTC  $BTC $GOLD",158,834,140
2023-10-14 09:08:24,Bitcoin,"€25,642.50

#Bitcoin  #BTC  $BTC  $EUR",186,1118,190
2023-10-14 03:42:10,Bitcoin,"#Bitcoin awareness today shapes the financial literacy of the next generation, empowering children with the knowledge to navigate the digital economy of tomorrow. https://t.co/n2Y8y1GPYD",567,2499,249
2023-10-13 21:46:31,Bitcoin,"€25,506.90

#Bitcoin  #BTC  $BTC  $EUR",157,913,140
2023-10-13 20:37:30,Bitcoin,"The @federalreserve Chairman said that the staff is ""no longer forecasting a recession."" https://t.co/8VTXwEr5rT",334,1371,202
2023-10-13 11:12:13,Bitcoin,So that is where the logo came from... https://t.co/fk3HqpDXZH,2232,15892,1160
2023-10-13 11:07:06,Bitcoin,"The old slaves were in chains. The new slaves are in denial, cognitive dissonance and delusion. https://t.co/gxI5ikA6gG",245,988,142
2023-10-13 03:42:10,Bitcoin,"The journey of #Bitcoin is measured not in speed, but in the steadfastness of its trajectory. Even in slowness, it forges the future of finance. 🐌 🌖 https://t.co/FLUGcTJPPv",516,2049,245
2023-10-12 15:59:20,Bitcoin,I have been through stormy seas and did not waver - #Bitcoin 🌩 🚢 https://t.co/myTTOaPJ6u,533,2425,232
2023-10-12 04:16:02,Bitcoin,"When life gives you lemons, sell the lemons and buy more #Bitcoin. 🍋💰 https://t.co/sm9kxrZKWj",604,2582,347
2023-10-11 21:46:32,Bitcoin,"(BTC-Gold):     📀 14.2366 oz

#Bitcoin  #BTC  $BTC $GOLD",150,623,106
2023-10-11 15:59:04,Bitcoin,#Bitcoin: a monument to the decentralized dreams of a digital revolution. https://t.co/74v2ukeSKQ,500,1955,195
2023-10-11 09:08:23,Bitcoin,"(BTC-Silver):     💿 1,208.50 oz

#Bitcoin  #BTC  $BTC $SILVER",158,608,147
2023-10-11 03:42:08,Bitcoin,#Bitcoin: A digital currency that's changing the way the whole world thinks about money. https://t.co/gxRBj6pzbg,639,2171,262
2023-10-10 21:24:48,Bitcoin,"When the @wef called for 'polycrisis' then perhaps they meant it.

https://t.co/0PrJ39v2vo https://t.co/c01FGt9MQw",108,302,71
2023-10-10 21:23:19,Bitcoin,"Interest stat:

In 2019, $23K could buy about 3 $BTC or a 3-year-old used car.

In 2023, $23K will buy 1.19 $BTC but won't even buy a 6-year-old used car.  (via ISeeCars).

Is #Bitcoin keeping pace with inflation?",232,811,136
2023-10-10 20:46:29,Bitcoin,"#Bitcoin: where innovation meets decentralization, and the future is built on blockchain. https://t.co/1KdoWrkrqX",480,1772,198
2023-10-10 15:58:59,Bitcoin,"#Bitcoin is a beacon of hope in the financial desert, where scarcity becomes the ultimate source of value in a digital wilderness. https://t.co/W10TLYNvSJ",387,1292,216
