Timestamp,Username,Tweet Content,Retweets,Likes,Replies,scores
2023-10-16 13:59:47,binance,"Well that was an interesting 20 minutes.

Anyway, it's still a good time to learn about them.

#Bitcoin Spot ETFs, explained 👇",425,1953,302,0.9139862
2023-10-12 20:00:01,binance,"DCA into #Bitcoin using #Binance Auto-Invest and take advantage of our $100,000 October prize pool.

There’s a total of $500k up for grabs from now until the halving.

Click here to find out more ⤵️",157,639,135,0.29631752
2023-10-12 05:32:09,binance,"Buying Bitcoin is fast, easy, and secure on Binance, the world's largest crypto exchange.",7,37,0,0.9272962
2023-10-12 05:03:23,binance,"Buying Bitcoin is fast, easy, and secure on Binance, the world's largest crypto exchange.",4,58,6,0.9272962
