Timestamp,Username,Tweet Content,Retweets,Likes,Replies
2023-11-15,BTC_Archive,"NEW: Cathie Wood says “something has changed” in SEC’s attitude to a spot #Bitcoin ETF. 

The chances of approval have “gone up”! 🚀 https://t.co/b1RUgx2sLH",69,343,50
2023-11-15,BTC_Archive,"NEW: Cathie Wood says $600,000 #Bitcoin is the base case but could go higher because of scarcity, institutional adoption and a spot bitcoin ETF. 🔥 https://t.co/EUetCOfslV",74,486,69
2023-11-15,BTC_Archive,"Don't be left watching from the sidelines.
#Bitcoin waits for nobody.

gm plebs! ☕️👌 https://t.co/UzhrXr0Lct",67,492,111
2023-11-14,BTC_Archive,RT @BTC_Archive: NEW: 🇭🇰 Hong Kong gaming company Boyaa to buy $45m #Bitcoin for its corporate treasury. https://t.co/SBL1Uwn0Vx,987,0,0
2023-11-14,BTC_Archive,RT @BTC_Archive: JUST IN: The SEC could approve all spot #Bitcoin ETFs at once - Bloomberg’s ETF analyst @JSeyff https://t.co/N8cqPRxncB,400,0,0
2023-11-14,BTC_Archive,"JUST IN: Deadline approaching for 3 spot #Bitcoin ETFs - delay expected. 

Bloomberg ETF analyst @JSeyff says a delay does not change their 90% confidence of an approval by January 10. https://t.co/ibc415omuW",294,1568,114
2023-11-14,BTC_Archive,"BREAKING: CNBC host questions why the SEC hasn't approved a spot #Bitcoin ETF because Chairman Gary Gensler certainly understands Bitcoin. 

“He taught Bitcoin at MIT, he understands it…there has to be something else."" 

I wonder… 🧐 https://t.co/gmPUwWXLbi",604,3041,155
2023-11-14,BTC_Archive,"JUST IN: #Bitcoin and crypto ecosystem will be worth $25 Trillion by 2030 - CNBC

That means #Bitcoin price at $650K 👀🔥 https://t.co/QPL7btJdid",819,3914,280
2023-11-14,BTC_Archive,JUST IN: #Bitcoin and crypto ecosystem will be worth $25 Trillion by 2030 - CNBC https://t.co/70UhXoQIXv,41,350,66
2023-11-14,BTC_Archive,NEW: 🇭🇰 Hong Kong gaming company Boyaa to buy $45m #Bitcoin for its corporate treasury. https://t.co/SBL1Uwn0Vx,987,4751,260
2023-11-14,BTC_Archive,RT @BTC_Archive: BREAKING: #Bitcoin leveraged futures trading to launch on the Chicago Board Options Exchange - Wall Street Journal https:/…,381,0,0
2023-11-14,BTC_Archive,"RT @BTC_Archive: JUST IN: 🇭🇰 Hong Kong considers counting #Bitcoin assets under the Investment Immigration Program, while excluding real es…",418,0,0
2023-11-13,BTC_Archive,JUST IN: The SEC could approve all spot #Bitcoin ETFs at once - Bloomberg’s ETF analyst @JSeyff https://t.co/N8cqPRxncB,400,2225,182
2023-11-13,BTC_Archive,"RT @BTC_Archive: The beauty of the #Bitcoin Lightning Network. 

Data visualisation 😍 https://t.co/AlkP2lqfTP",191,0,0
2023-11-13,BTC_Archive,"RT @BTC_Archive: JUST IN: Over 60,000 #Bitcoin millionaires were made in 2023, based on address $BTC holdings.  

3x more than January. htt…",276,0,0
2023-11-13,BTC_Archive,"RT @BTC_Archive: NEW - Michael Saylor: Demand for #Bitcoin could 10x over the next 12 months, and supply is about to halve.🔥 https://t.co/o…",738,0,0
2023-11-13,BTC_Archive,"RT @BTC_Archive: I write a FREE Bitcoin Newsletter so you don't miss any news.  
https://t.co/pMn7QIVffC

💥It's FREE.  Just click👇
https://…",34,0,0
2023-11-13,BTC_Archive,"RT @BTC_Archive: JUST IN: Grayscale CEO on Spot #Bitcoin ETF:
""We're ready for the main event."" 👀 https://t.co/ei86elgC9r",1183,0,0
2023-11-13,BTC_Archive,"I write a FREE Bitcoin Newsletter so you don't miss any news.  
https://t.co/pMn7QIVffC

💥It's FREE.  Just click👇
https://t.co/pMn7QIVffC",34,223,78
2023-11-13,BTC_Archive,"I write a FREE Bitcoin Newsletter so you don't miss any news.  

💥It's FREE.  Just click👇
https://t.co/pMn7QIVffC",0,11,4
2023-11-13,BTC_Archive,BREAKING: #Bitcoin leveraged futures trading to launch on the Chicago Board Options Exchange - Wall Street Journal https://t.co/yNT2VsovNr,381,1817,155
2023-11-13,BTC_Archive,"I write a FREE Bitcoin Newsletter so you don't miss any news.  

💥It's FREE.  Just click👇
https://t.co/LHJ2SfC33l",5,59,27
2023-11-13,BTC_Archive,BREAKING: #Bitcoin leveraged futures trading to launch on the Chicago Board Options Exchange to allow - Wall Street Journal https://t.co/liNKaSS24z,25,202,38
2023-11-13,BTC_Archive,"JUST IN: 🇭🇰 Hong Kong considers counting #Bitcoin assets under the Investment Immigration Program, while excluding real estate assets. https://t.co/F5yeHTmFg8",418,2201,135
2023-11-13,BTC_Archive,"RT @LynAldenContact: So, @Eric_BIGfund is such a badass.

He has been early at helping UHNW individuals access bitcoin with institutional c…",90,0,0
2023-11-13,BTC_Archive,"NEW - Michael Saylor: Demand for #Bitcoin could 10x over the next 12 months, and supply is about to halve.🔥 https://t.co/oo6stRvvFJ",738,3909,231
2023-11-13,BTC_Archive,"JUST IN: Grayscale CEO on Spot #Bitcoin ETF:
""We're ready for the main event."" 👀 https://t.co/ei86elgC9r",1183,5710,286
2023-11-13,BTC_Archive,"JUST IN: Over 60,000 #Bitcoin millionaires were made in 2023, based on address $BTC holdings.  

3x more than January. https://t.co/m8SnH6nEgx",276,2025,162
2023-11-13,BTC_Archive,"The beauty of the #Bitcoin Lightning Network. 

Data visualisation 😍 https://t.co/AlkP2lqfTP",191,1204,126
2023-11-12,BTC_Archive,"@GoingParabolic Many Bulgarians have told me that it’s unlikely the government still holds this Bitcoin stash. 

Nobody knows what happened to it.",1,82,11
2023-11-12,BTC_Archive,#Bitcoin is digital energy ⚡️ https://t.co/GwqENG51sl,472,2694,197
2023-11-12,BTC_Archive,#Bitcoin mining can capture methane gas emissions from landfill and use it for electricity. 🍃 🍃 🍃 https://t.co/EkmLXEcgTz,268,2038,104
2023-11-12,BTC_Archive,"RT @BTC_Archive: 🇩🇪 ""Nobody needs the digital euro,” says Member of Germany’s Parliament while wearing a #Bitcoin T-shirt. 🤝 https://t.co/R…",1429,0,0
2023-11-11,BTC_Archive,"RT @BTC_Archive: Bitcoin is coming for you, Silver.  

#Bitcoin           vs            Silver
🟧🟧🟧🟧🟧🟧⬜️⬜️⬜️⬜️$1.3T
$0.72T                 5…",557,0,0
2023-11-11,BTC_Archive,"RT @BTC_Archive: MICHAEL SAYLOR: 3 catalysts will take #Bitcoin to $5 million:

1. Spot ETF approval - inevitable. 

2. Banks custody and l…",736,0,0
2023-11-11,BTC_Archive,"RT @BTC_Archive: #Bitcoin made an all-time high of $69,044 on this day exactly 2 years ago. https://t.co/JQWT6aPdZZ",1148,0,0
2023-11-11,BTC_Archive,"RT @BTC_Archive: 1 year ago today Bitcoin was $15,700
Bears pushed FUD about prices dropping under 10K
One genius said Bitcoin had a negati…",305,0,0
2023-11-11,BTC_Archive,"🇩🇪 ""Nobody needs the digital euro,” says Member of Germany’s Parliament while wearing a #Bitcoin T-shirt. 🤝 https://t.co/Rw4qdeKE0h",1429,5530,285
2023-11-11,BTC_Archive,"🟠 is the theme.

gm plebs! ☕️
#Bitcoin https://t.co/EIP5Zo2zB1",106,785,125
2023-11-11,BTC_Archive,"RT @RadarHits: JUST IN: 🇺🇸  US credit outlook downgraded from stable to negative by Moody’s

Got #Bitcoin? 😎 https://t.co/hMSlpzRC9L",206,0,0
2023-11-10,BTC_Archive,RT @BTC_Archive: BREAKING:  BlackRock increasingly confident SEC will approve its Spot #Bitcoin ETF by January - Fox Business https://t.co/…,886,0,0
2023-11-10,BTC_Archive,RT @BTC_Archive: 🇺🇸 U.S. House passed amendment limiting SEC's authority to carry out enforcement actions against #Bitcoin and crypto compa…,1762,0,0
2023-11-10,BTC_Archive,"Bitcoin is coming for you, Silver.  

#Bitcoin           vs            Silver
🟧🟧🟧🟧🟧🟧⬜️⬜️⬜️⬜️$1.3T
$0.72T                 55%

🚀",557,2946,166
2023-11-10,BTC_Archive,"🇺🇸 U.S. House passed amendment limiting SEC's authority to carry out enforcement actions against #Bitcoin and crypto companies.

“Gary Gensler is as ineffective as he is incompetent,” says Congressman Tom Emmer https://t.co/GQZ0MEvJze",1762,5726,280
2023-11-10,BTC_Archive,"1 year ago today Bitcoin was $15,700
Bears pushed FUD about prices dropping under 10K
One genius said Bitcoin had a negative value! 🥸

Maximum fear = time to buy https://t.co/sUHNrmSWhz",305,1841,103
2023-11-10,BTC_Archive,"What’s the highest price you paid for #Bitcoin ? 

I bought at $64,000 😎",194,2324,613
2023-11-10,BTC_Archive,RT @BTC_Archive: JUST IN: Grayscale is ready to operate its #Bitcoin trust as a spot ETF now - CEO Michael Sonnenshein https://t.co/cERAJ4o…,711,0,0
2023-11-10,BTC_Archive,RT @BTC_Archive: BREAKING: Grayscale is in talks with SEC to convert GBTC into a spot #Bitcoin ETF - CoinDesk https://t.co/X1vaVNr4To,557,0,0
2023-11-10,BTC_Archive,"#Bitcoin made an all-time high of $69,044 on this day exactly 2 years ago. https://t.co/JQWT6aPdZZ",1148,3677,180
2023-11-10,BTC_Archive,"RT @BTC_Archive: #Bitcoin market cap is now bigger than Tesla. 

Charlie Munger and Warren Buffett are next 🎯 😎 https://t.co/V8xBUphVYp",1195,0,0
2023-11-10,BTC_Archive,RT @BTC_Archive: Michael Saylor is now $1.27 BILLION in profit on MicroStrategy's #Bitcoin stack. https://t.co/fAva9RghTC,832,0,0
2023-11-10,BTC_Archive,"RT @BTC_Archive: #Bitcoin breaks $37,000 🚀 https://t.co/RC8kdVQL1f",894,0,0
2023-11-10,BTC_Archive,"RT @BTC_Archive: 🟠 Spot Bitcoin ETF Countdown

SEC is now considering 12 Bitcoin ETF applications right now and in active discussions with…",917,0,0
2023-11-10,BTC_Archive,"#Bitcoin also rises...

gm plebs! ☕️☀️👌 https://t.co/dIapemZPuB",151,1218,157
2023-11-09,BTC_Archive,BREAKING:  BlackRock increasingly confident SEC will approve its Spot #Bitcoin ETF by January - Fox Business https://t.co/mtVNzRFfrL,886,4240,169
2023-11-09,BTC_Archive,"RT @BTC_Archive: JUST IN: 🇪🇺🇬🇧 Robinhood to launch #Bitcoin and crypto trading in the EU and UK.

bull market thingz... 👀 https://t.co/AZMj…",724,0,0
2023-11-09,BTC_Archive,RT @BTC_Archive: JUST IN: 🇦🇷 Pro #Bitcoin Presidential candidate Javier Milei is leading the polls in Argentina 48.5 to 44.7. https://t.co/…,789,0,0
2023-11-09,BTC_Archive,RT @BTC_Archive: JUST IN:  Spot #Bitcoin ETF “approval is inevitable” says ex-SEC Chair https://t.co/S6xTNrBmUy,658,0,0
2023-11-09,BTC_Archive,"RT @BTC_Archive: BREAKING: #Bitcoin ETF approval  is "" a matter of when, not a matter of if anymore"" says Grayscale's Chief Legal Officer -…",699,0,0
2023-11-09,BTC_Archive,"🟠 Spot Bitcoin ETF Countdown

SEC is now considering 12 Bitcoin ETF applications right now and in active discussions with applicants.

Bloomberg analysts say today is the opening of an 8-day window in which the SEC could approve ALL of the #Bitcoin ETF applications.

If that… https://t.co/643uSECta3 https://t.co/cQk8uQUVzO",917,3515,153
2023-11-09,BTC_Archive,Michael Saylor is now $1.27 BILLION in profit on MicroStrategy's #Bitcoin stack. https://t.co/fAva9RghTC,832,5560,232
2023-11-09,BTC_Archive,"#Bitcoin market cap is now bigger than Tesla. 

Charlie Munger and Warren Buffett are next 🎯 😎 https://t.co/V8xBUphVYp",1195,5533,283
2023-11-09,BTC_Archive,"#Bitcoin breaks $37,000 🚀 https://t.co/RC8kdVQL1f",894,4766,287
2023-11-09,BTC_Archive,#Bitcoin is up 131% in 12 months! 🚀 https://t.co/EswmC6zzd2,489,2765,142
2023-11-09,BTC_Archive,RT @BTC_Archive: JUST IN: 90% chance SEC approves spot #Bitcoin ETF  by January 10 - Bloomberg analyst @JSeyff https://t.co/r4nrAyBg9u,447,0,0
2023-11-09,BTC_Archive,"JUST IN: 🇪🇺🇬🇧 Robinhood to launch #Bitcoin and crypto trading in the EU and UK.

bull market thingz... 👀 https://t.co/AZMjutK3xR",724,3750,141
2023-11-09,BTC_Archive,NEW: This #Bitcoin pump liquidated $93m of leveraged  positions in 24 hrs. 🫠 https://t.co/v9XWNtRUcE,219,1633,127
2023-11-09,BTC_Archive,JUST IN: Grayscale is ready to operate its #Bitcoin trust as a spot ETF now - CEO Michael Sonnenshein https://t.co/cERAJ4oZjW,711,3572,115
2023-11-09,BTC_Archive,JUST IN:  Spot #Bitcoin ETF “approval is inevitable” says ex-SEC Chair https://t.co/S6xTNrBmUy,658,3651,184
2023-11-09,BTC_Archive,BREAKING: Grayscale is in talks with SEC to convert GBTC into a spot #Bitcoin ETF - CoinDesk https://t.co/X1vaVNr4To,557,2841,143
2023-11-09,BTC_Archive,"#Bitcoin over $36,000 🔥 https://t.co/6dFErhJZn3",210,1605,148
2023-11-09,BTC_Archive,"Nice to wake up and see #Bitcoin pumping!🔥

... and 🙌 if you stacked in the bear market when nobody was watching.

gm plebs :)) https://t.co/tu289K6ksM",143,965,94
2023-11-08,BTC_Archive,"BREAKING: #Bitcoin ETF approval  is "" a matter of when, not a matter of if anymore"" says Grayscale's Chief Legal Officer - Coindesk https://t.co/IJPquJwz21",699,3336,175
2023-11-08,BTC_Archive,JUST IN: 🇦🇷 Pro #Bitcoin Presidential candidate Javier Milei is leading the polls in Argentina 48.5 to 44.7. https://t.co/XMktPRHEmB,789,5344,182
2023-11-08,BTC_Archive,RT @BTC_Archive: NEW: Fidelity says #Bitcoin is cementing it's status as a store of value. https://t.co/rZFhJEWks9,613,0,0
2023-11-08,BTC_Archive,JUST IN: 90% chance SEC approves spot #Bitcoin ETF  by January 10 - Bloomberg analyst @JSeyff https://t.co/r4nrAyBg9u,447,2280,110
2023-11-08,BTC_Archive,BREAKING: 🚨 Bloomberg analysts say a brief 8-day window opens tomorrow for SEC to approve ALL 12 spot #Bitcoin ETFs at once. https://t.co/DZan7QKUpb,970,3989,181
2023-11-08,BTC_Archive,BREAKING: 🚨 Bloomberg analysts say a brief 8-day window opens tomorrow for SEC to approve ALL 12 spot #Bitcoin ETFs at once. https://t.co/CFhL3tif9M,12,49,11
2023-11-08,BTC_Archive,RT @BTC_Archive: JUST IN: 🇸🇻 El Salvador's national #Bitcoin ATM network to upgrade to the Lightning Network! https://t.co/v6B1jgCX3f,787,0,0
2023-11-08,BTC_Archive,RT @BTC_Archive: NEW - Michael Saylor on Fox: Spot #Bitcoin ETFs will at least double demand for Bitcoin.  The only thing that can adjust i…,626,0,0
2023-11-08,BTC_Archive,"RT @BTC_Archive: #Bitcoin is a Global Monetary Network.
Censorship resistant.
Permissionless. https://t.co/Iusz4TjS37",523,0,0
2023-11-08,BTC_Archive,"#Bitcoin is set to close UP 5x 2Week candles. 

The last time this happened was during the bull market.

The previous two times were after extreme sell-offs. https://t.co/JstfTCo9Vb https://t.co/IS4BFQrNJA",180,843,87
2023-11-08,BTC_Archive,"#Bitcoin is set up to close UP 5x 2Week candles. 

The last time this happened was during the bull market.

The previous two times were after extreme sell-offs. https://t.co/DY0rOYAt2Q https://t.co/IV9ZwRaJnv",15,132,29
2023-11-08,BTC_Archive,"BREAKING: Banking giant HSBC to launch digital assets custody services, but NOT for #Bitcoin - Reuters 🤔 https://t.co/4b1wgfCIOa",184,904,179
2023-11-08,BTC_Archive,"NEW: El Salvador's second biggest distributor of consumer goods now accepts #Bitcoin 

40,000 merchants now have the option to pay with Bitcoin! 🔥 https://t.co/CNPcolCmyC",457,2062,133
2023-11-08,BTC_Archive,"RT @lopp: Bitcoin blows minds for many reasons.

Computer scientists say Satoshi solving the Byzantine Generals problem blew their minds.…",1232,0,0
2023-11-08,BTC_Archive,NEW: 🇺🇸 SEC may have to change rule forcing new hires to sell their #Bitcoin before starting work because it is struggling to convince candidates - Reuters https://t.co/TXZWjSYIuk,309,1875,135
2023-11-08,BTC_Archive,NEW: $2 billion in demand for #Bitcoin-backed loans since September - Coindesk,141,1152,85
2023-11-08,BTC_Archive,JUST IN: 🇸🇻 El Salvador's national #Bitcoin ATM network to upgrade to the Lightning Network! https://t.co/v6B1jgCX3f,787,3949,166
