Timestamp,Username,Tweet Content,Retweets,Likes,Replies
2023-11-06,kucoincom,"Let's think big: 

Which #crypto, besides #Bitcoin, is likely to make history?",84,603,758
2023-11-05,kucoincom,What do you wanna say to #Bitcoin critics?,33,271,128
2023-11-05,kucoincom,What do you wanna say to #Bitcoin crtics?,2,21,25
2023-11-03,kucoincom,Was the past month a successful #Uptober for #Bitcoin? https://t.co/35DyBDKZyW,35,280,128
2023-11-01,kucoincom,"🚀 Get your #humpday dose of #crypto news on #KuCoinMarketWatch ⤵️

🟢 #Bitcoin profitable addresses reach record high

🟢 #Ethereum L2 TVL hits historic high

🟢 #Unibot faces attack

Swipe right for more news ➡️",21,93,39
2023-10-31,kucoincom,"RT @lyu_johnny: A revolutionary change in finance, empowerment, sovereignty, trust in math.
 
Happy Bitcoin Whitepaper Day!",24,0,0
2023-10-31,kucoincom,"🇦🇪 #UAE crypto enthusiasts have spoken! 72% choose #Bitcoin. What's driving this trend? 

📊 Uncover the secrets behind this trend with our latest #IntotheCryptoverse UAE report and discover more insights from the country's #crypto landscape. 👇",27,113,55
