Timestamp,Username,Tweet Content,Retweets,Likes,Replies
2023-10-23,BTC_Archive,"#Bitcoin hit $35,000 on Coinbase 🤔 https://t.co/dd7mF4alEQ",573,3381,193
2023-10-23,BTC_Archive,"RT @BTC_Archive: **The Bitcoin Report **

I've been working on something special this year 
and it's finally ready to go LIVE this week.

👉…",49,0,0
2023-10-23,BTC_Archive,"#Bitcoin just smashed $34,000‼️

The Bull is back baby! https://t.co/sfbEU1hzdX",480,2547,101
2023-10-23,BTC_Archive,"#Bitcoin just broke $34,000‼️",10,80,19
2023-10-23,BTC_Archive,"#Bitcoin just hit the highest price in 510 days!

Still waiting for 10K bro? 😅 https://t.co/IsXBkumFBF",693,4317,203
2023-10-23,BTC_Archive,"$32,000 #Bitcoin 🔥 https://t.co/qW2qC2UGAX",143,1045,74
2023-10-23,BTC_Archive,"RT @stacyherbert: Miss El Salvador on the cover of Vogue ahead of Miss Universe. 

Brains, beauty, bitcoin. 

We have it all. 

Read it her…",66,0,0
2023-10-23,BTC_Archive,"RT @saylor: My 11-minute summary of the essence of money, the problem of inflation, the paradox of investing, and the brilliance of #Bitcoi…",1860,0,0
2023-10-23,BTC_Archive,RT @BTC_Archive: #Bitcoin back over 30K and BlackRock says it's a quality asset... 🤑 https://t.co/FSdiOhONVM,364,0,0
2023-10-23,BTC_Archive,#Bitcoin doesn't care about your fake ETF story... https://t.co/D8h730GwaE,207,1728,82
2023-10-23,BTC_Archive,"#Bitcoin weekly RSI has broken out.
MACD just made a bullish cross. 🚀 https://t.co/lBfTE18g7P",193,1144,68
2023-10-23,BTC_Archive,"JUST IN: BlackRock’s #Bitcoin ETF ticker will be $IBTC when it is approved and listed. 

h/t @martypartymusic https://t.co/9suWRCOOID",573,2658,106
2023-10-23,BTC_Archive,"Pure Bitcoin signal? 

It’s in The Bitcoin Report.  

JOIN US: https://t.co/k5MyGdnZmP

👇👇👇",8,74,6
2023-10-23,BTC_Archive,BREAKING: 🇺🇸 US Court of Appeals orders SEC to review Grayscale's spot #Bitcoin ETF application. https://t.co/RiyHU8Mpcp,765,3932,121
2023-10-23,BTC_Archive,"NEW: $200 Trillion of Institutional assets that can't touch #Bitcoin until an ETF is approved - Top 4 global consulting giant Ernst &amp; Young

Bitcoin market cap is $600 billion. 
Barely 0.5% of institutional assets. 

There’s a flood of money coming… 
🌊🌊🌊",485,2445,76
2023-10-23,BTC_Archive,"RT @BTC_Archive: CATHIE WOOD: 🇺🇸 ""SEC is engaging with us on the #Bitcoin ETF application. It shows a change in SEC's behaviour.""

- Bitcoi…",971,0,0
2023-10-23,BTC_Archive,RT @BTC_Archive: JUST IN: Banking giant Morgan Stanley says the 'crypto winter' is over and a new bull market will kick-off after the #Bitc…,543,0,0
2023-10-23,BTC_Archive,FACT: #Bitcoin is up +90% this year so far... 🤑 https://t.co/vW5u6GBplh,195,1282,72
2023-10-23,BTC_Archive,"Want pure BITCOIN SIGNAL without the noise?  

Get The Bitcoin Report.  

SIGN UP: https://t.co/zf2qmH01u8

👇👇👇 https://t.co/vnBaG94MKS",7,90,3
2023-10-23,BTC_Archive,"BREAKING: BlackRock tells SEC it will seed its spot #Bitcoin ETF in October in preparation for approval.

576 ETF applications.
575 ETFs approved.

They know what they're doing... 👀 https://t.co/eRRKPaEyr8",1711,7725,214
2023-10-23,BTC_Archive,"MicroStrategy is $210m in profit on its $4.68 billion Bitcoin investment.

Where are the muppets who said he would get liquidated? https://t.co/DvNoXK7Gmg https://t.co/NTALwTWU5w",405,3261,138
2023-10-23,BTC_Archive,"MicroStrategy is $210m in profit on its $4.68 billion Bitcoin investment.

Bitcoin HODLings = 158,245
Average purchase price = $29,582 
Current Bitcoin price = $30,900
Profit = $1,418 per  

Where are the muppets who said he would get liquidated? https://t.co/FRMHWPHuE2 https://t.co/A3cWNYn0oS",14,129,20
2023-10-23,BTC_Archive,"BREAKING: There is a speculative fervour on Wall Street that Grayscale’s court victory will lead to the approval of a spot #Bitcoin ETF - CNBC 

 https://t.co/toONEzeAdm",268,1365,65
2023-10-23,BTC_Archive,"BREAKING: 🇺🇸 SEC Commissioner says spot #Bitcoin ETF should have been approved 5 years ago. 

“The logic for why we haven’t approved a spot #Bitcoin ETF has always mystified me.” https://t.co/iPm0outyXg",1370,6675,271
2023-10-23,BTC_Archive,#Bitcoin back over 30K and BlackRock says it's a quality asset... 🤑 https://t.co/FSdiOhONVM,364,2531,153
2023-10-23,BTC_Archive,"**The Bitcoin Report **

I've been working on something special this year 
and it's finally ready to go LIVE this week.

👉 https://t.co/zf2qmH01u8

Get Institutional quality #Bitcoin research 
to make sense of global chaos.

🚨SIGN UP NOW
👉 https://t.co/mzUndNR1Ob

Twitter… https://t.co/JIBbWw1gnO",49,248,45
2023-10-23,BTC_Archive,"**The Bitcoin Report **

I've been working on something special this year 
and it's finally ready to go LIVE this week.

👉 https://t.co/mzUndNR1Ob

Get Institutional quality #Bitcoin research 
to make sense of global chaos.

🚨SIGN UP NOW
👉 https://t.co/mzUndNR1Ob

Twitter… https://t.co/Dn1ifmLic3",1,13,9
2023-10-23,BTC_Archive,"**The Bitcoin Report **

I've been working on something special this year 
and it's finally ready to go LIVE this week.

Get Institutional quality #Bitcoin research 
to make sense of global chaos.

🚨SIGN UP NOW
👉 https://t.co/mzUndNR1Ob

Twitter doesn't show you all my tweets.… https://t.co/QOIVeK6qHh",1,14,12
2023-10-23,BTC_Archive,"**The Bitcoin Report **

I've been working on something special this year 
and it's finally ready to go LIVE this week.

Institutional quality #Bitcoin research 
to make sense of global chaos.

🚨SIGN UP NOW
👉 https://t.co/mzUndNR1Ob

Twitter doesn't show you all my tweets.… https://t.co/tlQEStenUq",0,5,8
2023-10-23,BTC_Archive,"**The Bitcoin Report **

I've been working on something special this year 
and it's finally ready to go LIVE this week.

Institutional quality #Bitcoin research 
to make sense of global chaos.

Get exclusive insights first! 

🚨SIGN UP NOW
👉 https://t.co/mzUndNR1Ob

Twitter… https://t.co/cYh6spnejX",0,5,11
2023-10-23,BTC_Archive,#Bitcoin about to surge to a 72 week high! 🚀 https://t.co/6GYGi1jQFb,195,1469,105
2023-10-23,BTC_Archive,"CATHIE WOOD: 🇺🇸 ""SEC is engaging with us on the #Bitcoin ETF application. It shows a change in SEC's behaviour.""

- Bitcoin ETFs will come for sure.
- Multiple ETFs will get approved at the same time. 
- The court is going to mandate the SEC  🔥 https://t.co/qcvhfFhIkG",971,3989,164
2023-10-23,BTC_Archive,"Flight to Safety?
- Gold is up 7% in October
- #Bitcoin is up 13%.

**Stocks are flat**

BlackRock CEO: Bitcoin is a flight to quality.  🤔 https://t.co/iSzaMHSkK6",151,1094,90
2023-10-23,BTC_Archive,"Top 4 consulting giant Ernst &amp; Young: 

""People are buying #Bitcoin as an asset...
When the price of #Bitcoin goes up, you can't mine more Bitcoin - the supply is inelastic.""

Yes. 🤝 https://t.co/mDd8EoduL4 https://t.co/qemintVNoJ",247,1105,85
2023-10-23,BTC_Archive,"JUST IN: There's so much pent up demand for #Bitcoin — $200 Trillion of Institutional assets that can't touch it until an ETF is approved - Top 4 global consulting giant Ernst &amp; Young

It's coming... 🌊🌊🌊 https://t.co/lGqaevJRSE",918,4102,147
2023-10-23,BTC_Archive,JUST IN: Banking giant Morgan Stanley says the 'crypto winter' is over and a new bull market will kick-off after the #Bitcoin halving. https://t.co/V4BYgyp1iB,543,2619,206
2023-10-23,BTC_Archive,#Bitcoin is up +13% in Uptober so far... https://t.co/pacuMG3bGI,205,1403,124
2023-10-23,BTC_Archive,JUST IN: 🇦🇷 Argentina’s pro-#Bitcoin  presidential candidate wins 30% of vote to force a run-off election next month. https://t.co/M9vwDO54Uj,346,2574,141
2023-10-23,BTC_Archive,"It's a glorious morning,
and Bitcoin is over $30,000!
You made it through the bear market! 🙌 https://t.co/bopicyqMW6",201,1392,139
2023-10-23,BTC_Archive,"Nice to wake up and see 
#Bitcoin SMASHED $30,000 🔥",118,1344,138
2023-10-22,BTC_Archive,"RT @BTC_Archive: JUST IN: 🇦🇷 Pro-#Bitcoin Presidential candidate in Argentina leads his rival into the election held today.

Javier Milei:…",784,0,0
2023-10-22,BTC_Archive,RT @BTC_Archive: FACT: 🇦🇷 Argentina's economy is about 20x bigger than El Salvador's  and a pro-#Bitcoin candidate is leading the polls hea…,715,0,0
2023-10-22,BTC_Archive,"RT @BTC_Archive: Argentina’s pro-#Bitcoin Presidential candidate Javier Milei says “Bitcoin can eliminate the central bank” 

He leads the…",554,0,0
2023-10-22,BTC_Archive,"RT @BTC_Archive: #Bitcoin is flying since Jim Cramer said ""Bitcoin is about to go down big!”

Never fails 😅 https://t.co/VdBXiKbNTd",988,0,0
2023-10-22,BTC_Archive,"Paying for dinner in Argentina where inflation is +138%
 
👉 Bitcoin is hope! https://t.co/qXN60V82bZ",357,1957,164
2023-10-22,BTC_Archive,FACT: 🇦🇷 Argentina's economy is about 20x bigger than El Salvador's  and a pro-#Bitcoin candidate is leading the polls heading into today’s election 👀 https://t.co/EJ14ZxmBqA,715,4170,209
2023-10-22,BTC_Archive,"Argentina’s pro-#Bitcoin Presidential candidate Javier Milei says “Bitcoin can eliminate the central bank” 

He leads the polls going into today’s election! 

Another ₿itcoin President? https://t.co/d7P80jrjcV",554,3211,186
2023-10-22,BTC_Archive,"Argentina’s pro-#Bitcoin Presidential candidate Javier Milei says “Bitcoin can eliminate the central bank” 

He leads the polls going into today’s election! 

Another ₿itcoin President? https://t.co/OHU8IqlC9O",8,26,9
2023-10-22,BTC_Archive,"JUST IN: 🇦🇷 Pro-#Bitcoin Presidential candidate in Argentina leads his rival into the election held today.

Javier Milei: 30%
Sergio Massa: 25% https://t.co/7w6TmKb1bG",784,5084,262
2023-10-22,BTC_Archive,"#Bitcoin is the best performing asset class since MicroStrategy first bought it in August, 2020. https://t.co/VATDhWV9z6",379,1801,155
2023-10-22,BTC_Archive,#Bitcoin is up 10% this week and about to close the 5th biggest weekly gain for 2023! 🚀 https://t.co/kmKQ1u7Gxq,255,1553,127
2023-10-22,BTC_Archive,"Bitcoin closing the week like a good coffee...strong 💪
gm gm 😎 https://t.co/AIQw3CxCz5",106,888,134
2023-10-22,BTC_Archive,"RT @BTC_Archive: MicroStrategy is back in profit on its $4.68 billion Bitcoin investment.

Average purchase price = $29,582
Current Bitcoin…",668,0,0
2023-10-21,BTC_Archive,"#Bitcoin just smashed $30K and is higher than the fake ETF news pump.  Flight to safety.

Someone check on Gary... https://t.co/8AsFvo6AVE",478,3043,202
2023-10-21,BTC_Archive,"#Bitcoin is flying since Jim Cramer said ""Bitcoin is about to go down big!”

Never fails 😅 https://t.co/VdBXiKbNTd",988,5457,384
2023-10-21,BTC_Archive,"#Bitcoin breaks $30,000 🚀 https://t.co/bLWNECTfLI",448,2518,194
2023-10-21,BTC_Archive,"#Bitcoin breaks $30,000 🚀 https://t.co/oTf5TodUsv",8,69,21
2023-10-21,BTC_Archive,"MicroStrategy is back in profit on its $4.68 billion Bitcoin investment.

Average purchase price = $29,582
Current Bitcoin price = $29,925
Profit = $343 per 
Bitcoin HODLings = 158,245 

$54.27m profit. https://t.co/ybW3maQxLe",668,4235,261
2023-10-21,BTC_Archive,RT @BTC_Archive: When Gary Gensler finally approves all the #Bitcoin ETFs at once… https://t.co/V22qzdVHA8,414,0,0
2023-10-21,BTC_Archive,"RT @BTC_Archive: #Bitcoin smashed through the ""fake ETF"" price pump! https://t.co/8rDA3ViSpO",489,0,0
2023-10-21,BTC_Archive,RT @BTC_Archive: JUST IN: SEC likely to approve #Bitcoin ETF soon says Coinbase Chief Legal Officer - CNBC https://t.co/uydkcfPQSG,1160,0,0
2023-10-20,BTC_Archive,RT @BTC_Archive: NEW: $155 Billion will flow into #Bitcoin once ETFs are approved - CryptoQuant https://t.co/nQYcu2u4zV,754,0,0
2023-10-20,BTC_Archive,"RT @BTC_Archive: #Bitcoin is the best performing asset class in 2023 🔥 
...and it's not even close! https://t.co/U0TqxDOMQx",883,0,0
2023-10-20,BTC_Archive,RT @BTC_Archive: NEW: JPMorgan expects spot #Bitcoin ETF approved 'within months' https://t.co/BAiDEqLYuq,531,0,0
2023-10-20,BTC_Archive,"RT @BTC_Archive: JUST IN: SEC’s chairman says they are currently reviewing all the applications for spot #Bitcoin ETFs. 

**APPROVE THEM AL…",694,0,0
2023-10-20,BTC_Archive,"RT @BTC_Archive: #Bitcoin smashed $29,000 🔥 https://t.co/EcG7eEwL92",435,0,0
2023-10-20,BTC_Archive,RT @BTC_Archive: BREAKING: BlackRock just updated its #Bitcoin ETF application this morning in response to SEC feedback and questions - Blo…,736,0,0
2023-10-20,BTC_Archive,"RT @BTC_Archive: BREAKING: Grayscale is one step closer to converting its #Bitcoin Trust into a Spot ETF after filing an S-3, a necessary s…",800,0,0
2023-10-20,BTC_Archive,When Gary Gensler finally approves all the #Bitcoin ETFs at once… https://t.co/V22qzdVHA8,414,3218,199
2023-10-20,BTC_Archive,JUST IN: SEC likely to approve #Bitcoin ETF soon says Coinbase Chief Legal Officer - CNBC https://t.co/uydkcfPQSG,1160,5204,385
2023-10-20,BTC_Archive,"#Bitcoin smashed through the ""fake ETF"" price pump! https://t.co/8rDA3ViSpO",489,3191,216
2023-10-20,BTC_Archive,"#Bitcoin is the best performing asset class in 2023 🔥 
...and it's not even close! https://t.co/U0TqxDOMQx",883,3640,256
2023-10-20,BTC_Archive,NEW: JPMorgan expects spot #Bitcoin ETF approved 'within months' https://t.co/BAiDEqLYuq,531,2749,195
2023-10-20,BTC_Archive,"#Bitcoin smashed $29,000 🔥 https://t.co/EcG7eEwL92",435,2540,253
2023-10-19,BTC_Archive,RT @BTC_Archive: BREAKING: 🇦🇪  $840B global bank Standard Chartered to launch #Bitcoin and crypto custody service for institutional clients…,1029,0,0
2023-10-19,BTC_Archive,RT @BTC_Archive: NEW: Galaxy Digital’s Mike Novogratz says spot #Bitcoin ETF will be approved by end of this year.  🔥 https://t.co/vP8nRsmm…,458,0,0
2023-10-19,BTC_Archive,RT @BTC_Archive: BlackRock CEO Larry Fink has said #Bitcoin will transcend every international currency due to broad-based worldwide demand…,588,0,0
2023-10-19,BTC_Archive,"RT @BTC_Archive: BREAKING: The US has issued sanctions against #Bitcoin and crypto firms offering services in Gaza.

Shame.  
Terrorism is…",573,0,0
2023-10-19,BTC_Archive,"RT @BTC_Archive: Bitcoin up, stocks down.
It's a beautiful day... ☺️ 
gm gm :)) https://t.co/Ev6b2f8IaL",148,0,0
2023-10-19,BTC_Archive,"BREAKING: Grayscale is one step closer to converting its #Bitcoin Trust into a Spot ETF after filing an S-3, a necessary step before conversion.

""This is definitely a positive sign,"" says Bloomberg ETF analyst @JSeyff https://t.co/x7iInZ5NOk https://t.co/3dHCANtOrH",800,3123,174
2023-10-19,BTC_Archive,BREAKING: BlackRock just updated its #Bitcoin ETF application this morning in response to SEC feedback and questions - Bloomberg's ETF analyst @JSeyff https://t.co/wjjAZYJ900,736,3694,176
2023-10-19,BTC_Archive,"BREAKING: Grayscale moves a step closer to converting its #Bitcoin Trust into a Spot ETF by filing an S-3.

""This is definitely a positive sign,"" says Bloomberg ETF analyst @JSeyff https://t.co/6SUjsAhsht https://t.co/ED1F7jEjZ4",62,363,47
2023-10-19,BTC_Archive,"BREAKING: Grayscale moves a step closer to converting its #Bitcoin Trust into a Spot ETF by filing an S-3.

""This is definitely a positive sign,"" says Bloomberg ETF analyst @JSeyff https://t.co/jDxK7V88E5",6,18,6
2023-10-19,BTC_Archive,RT @BTC_Archive: JUST IN: Tesla did not sell any #BItcoin in Q3 and still holds  ~$275 million $BTC https://t.co/ZEa678hS6F,478,0,0
2023-10-19,BTC_Archive,"JUST IN: SEC’s chairman says they are currently reviewing all the applications for spot #Bitcoin ETFs. 

**APPROVE THEM ALL** https://t.co/lsri6EFEEq",694,3536,238
2023-10-19,BTC_Archive,"BREAKING: 🇦🇪  $840B global bank Standard Chartered to launch #Bitcoin and crypto custody service for institutional clients in Dubai.

Yalla habibiiiii 🐫 https://t.co/zbAjddyea4",1029,3992,258
2023-10-19,BTC_Archive,NEW: $155 Billion will flow into #Bitcoin once ETFs are approved - CryptoQuant https://t.co/nQYcu2u4zV,754,3473,321
2023-10-19,BTC_Archive,RT @BTC_Archive: BREAKING: Financial Assets like stablecoins can now be issued on #Bitcoin after Lightning Labs launched the Taproot Assets…,588,0,0
2023-10-19,BTC_Archive,"Bitcoin up, stocks down.
It's a beautiful day... ☺️ 
gm gm :)) https://t.co/Ev6b2f8IaL",148,1017,152
2023-10-18,BTC_Archive,JUST IN: Tesla did not sell any #BItcoin in Q3 and still holds  ~$275 million $BTC https://t.co/ZEa678hS6F,478,2585,186
2023-10-18,BTC_Archive,JUST IN: Tesla did not sell any #BItcoin in Q3 and still holds  ~$275 million $BTC https://t.co/yzuj968Jga,0,30,9
2023-10-18,BTC_Archive,BlackRock CEO Larry Fink has said #Bitcoin will transcend every international currency due to broad-based worldwide demand. https://t.co/URZ7chBHaZ,588,2685,193
2023-10-18,BTC_Archive,"RT @BTC_Archive: BlackRock CEO is on TV promoting Bitcoin, saying his company gets calls from institutions around the world, and that #Bitc…",602,0,0
2023-10-18,BTC_Archive,RT @BTC_Archive: Boomers stole the dreams of younger generations by crashing the economy and rigging it to enslave young people into lives…,553,0,0
2023-10-18,BTC_Archive,BREAKING: Financial Assets like stablecoins can now be issued on #Bitcoin after Lightning Labs launched the Taproot Assets protocol for Bitcoin and Lightning. https://t.co/6MkAuM3VEC,588,2404,178
2023-10-18,BTC_Archive,BREAKING: Financial Assets like stablecoins can now be issued on #Bitcoin after Lightning Labs launched the Taproot Assets protocol for #Bitcoin and Lightning. https://t.co/umqxdqyclX,22,115,27
2023-10-18,BTC_Archive,BREAKING: Financial Assets like stablecoins can now be issued on the #Bitcoin after Lightning Labs launched the Taproot Assets protocol for assets on #Bitcoin and Lightning. https://t.co/DLjdtNrw4D,8,34,10
2023-10-18,BTC_Archive,"BREAKING: The US has issued sanctions against #Bitcoin and crypto firms offering services in Gaza.

Shame.  
Terrorism is financed with US Dollars. https://t.co/m1isb68CTV",573,2743,250
2023-10-18,BTC_Archive,"BREAKING: The US has issued sanctions against #Bitcoin and crypto firms offering services in Gaza.

Shame. https://t.co/mqQpLqBCe9",8,73,26
2023-10-18,BTC_Archive,NEW: Galaxy Digital’s Mike Novogratz says spot #Bitcoin ETF will be approved by end of this year.  🔥 https://t.co/vP8nRsmmUL,458,2115,252
