Timestamp,Username,Tweet Content,Retweets,Likes,Replies
2023-12-14,krakenfx,@DSBatten Perceptions on Bitcoin are improving across the board as more people take the time to truly understand it! 🧡,0,12,2
2023-12-14,krakenfx,"Spoiler: #Bitcoin is always a smash
@BoysClubWorld https://t.co/OWd8e8xltm",7,60,32
2023-12-14,krakenfx,"""Bitcoin was what I wanted to do... the more I learned about it the more excited I got.""

Kraken CEO @DavidLRipley recently sat down with @BanklessHQ to talk about Kraken, and his journey into the world of crypto. 

Listen in 🎧 https://t.co/6qNROMMmpb",16,110,25
2023-12-14,krakenfx,@BTC_Archive It's time to change the Bitcoin energy narrative for good 💚,1,28,3
2023-12-13,krakenfx,@atrungbs87 Bitcoin's always a popular trade! 🧡,0,4,0
2023-12-13,krakenfx,@carmel1o Welcome to the #Bitcoin club 🧡,0,2,0
2023-12-12,krakenfx,@Bitcoin The first step to changing your future is to learn about Bitcoin and the current global monetary system! 🧡,0,19,2
2023-12-11,krakenfx,@saylor So does laser focus on Bitcoin 🧡,4,61,19
2023-12-11,krakenfx,@Bitcoin Price predictions for 2024 people? 👀,0,17,9
2023-12-11,krakenfx,@saylor @MDBitcoin Ready to fight for Bitcoin 🧡,1,38,8
