Timestamp,Username,Tweet Content,Retweets,Likes,Replies
2023-10-31,binance,"15 years since:

- Money changed forever
- Finance changed forever
- The future changed forever

15 years since the #Bitcoin whitepaper. https://t.co/ilUwEBu3jG",592,2278,420
2023-10-31,binance,"Did you catch the wave this Uptober? 

If not, you’ve got 1-week left to trade $50 of #Bitcoin or your other favourite coins on #Binance spot for a chance to win a share of 5,000 $USDT in token vouchers.

Register here 👇",166,670,227
2023-10-30,binance,"Trending topic of the m̶o̶n̶t̶h̶ y̶e̶a̶r̶ decade:  

#Bitcoin https://t.co/By0kBtJi0d",589,1708,432
2023-10-28,binance,"#Bitcoin Spot ETFs.

You’ve heard of them, but do you know how they work?

Find out what makes them different below.

https://t.co/Z7n8GnNVJT",370,1356,276
2023-10-25,binance,"The clocks go back this weekend.

Hoping they go back to 2010 so I can slap myself for ignoring Bitcoin.",373,2366,393
