Timestamp,Username,Tweet Content,Retweets,Likes,Replies
2023-11-23,BTC_Archive,RT @BTC_Archive: JUST IN: 🇺🇸 BlackRock held further meetings with the SEC to discuss their spot #Bitcoin ETF preferences - Bloomberg’s @JSe…,396,0,0
2023-11-23,BTC_Archive,RT @BTC_Archive: BREAKING: The Kingdom of Bhutan has secretly spent millions building a national #Bitcoin mining operation to avert “econom…,810,0,0
2023-11-23,BTC_Archive,"@DSBatten 2 years ago many of the people doing the hard lifting weren’t so prominent within Bitcoin discussions, let alone the broader community.

Broad church/big tent.",0,5,2
2023-11-22,BTC_Archive,"BREAKING: Grayscale just filed an update to its #Bitcoin ETF application with the SEC. 

h/t: @JSeyff https://t.co/1GBuoV4l1R",457,2458,86
2023-11-22,BTC_Archive,"BREAKING: Grayscale just filed an update to its #Bitcoin ETF application with the SEC. 

h/t: @JSeyff https://t.co/OyXfGKrioy",10,87,16
2023-11-22,BTC_Archive,RT @BTC_Archive: NEW: BNY Mellon appointed as transfer agent for Grayscale’s #Bitcoin ETF once converted from a trust. https://t.co/0T1wBtS…,386,0,0
2023-11-22,BTC_Archive,RT @WalkerAmerica: Need #AnotherFuckingBitcoinPodcast to make your Thanksgiving drive a little more smooth and get you prepped for dinner t…,14,0,0
2023-11-22,BTC_Archive,RT @BTC_Archive: JUST IN: Grayscale met with the SEC yesterday to discuss converting their #Bitcoin Trust into a spot ETF. https://t.co/Tyq…,668,0,0
2023-11-22,BTC_Archive,BREAKING: The Kingdom of Bhutan has secretly spent millions building a national #Bitcoin mining operation to avert “economic crisis” - Forbes https://t.co/N354IcaDta,810,4114,170
2023-11-22,BTC_Archive,RT @BTC_Archive: JUST IN: 🇺🇸 SEC Commissioner Hester Peirce: There is no reason for the SEC to stand in the way of a spot #Bitcoin ETF. 🤝…,1242,0,0
2023-11-22,BTC_Archive,"After the largest fine in US corporate history against the biggest cryptocurrency exchange…

 #Bitcoin effortlessly moves back over $37,000 👊😎👊 https://t.co/G2brUEPIcV",589,3242,155
2023-11-22,BTC_Archive,"After the largest fine in corporate history against the biggest cryptocurrency exchange…

 #Bitcoin effortlessly moves back over $37,000 👊😎👊 https://t.co/kN0X3PueeP",0,10,3
2023-11-22,BTC_Archive,#Bitcoin doesn’t care… https://t.co/9kAT5TwR5Z,315,2189,97
2023-11-22,BTC_Archive,"RT @BTC_Archive: You can't stop Bitcoin. 
It's like trying to stop gun powder.
- John McAffee  🌭 https://t.co/35bURyMdch",333,0,0
2023-11-22,BTC_Archive,JUST IN: 🇺🇸 BlackRock held further meetings with the SEC to discuss their spot #Bitcoin ETF preferences - Bloomberg’s @JSeyff https://t.co/kfIOWTO1Nz,396,1782,108
2023-11-22,BTC_Archive,"@BitPaine if people want to pay for digital ""collectables"" embedded on bitcoin, i really don't care too much tbh.

...and there's nothing anybody can do about it either.

I am curious to see how this group of people will influence Bitcoin culture and consensus over time though.",0,2,0
2023-11-22,BTC_Archive,"RT @BTC_Archive: #Bitcoin went up 6x after the last halving.

If that happened again Bitcoin could break +$220,000 over the next 18 months…",626,0,0
2023-11-21,BTC_Archive,NEW: BNY Mellon appointed as transfer agent for Grayscale’s #Bitcoin ETF once converted from a trust. https://t.co/0T1wBtS5oR,386,1972,106
2023-11-21,BTC_Archive,JUST IN: Grayscale met with the SEC yesterday to discuss converting their #Bitcoin Trust into a spot ETF. https://t.co/TyqZe6GopF,668,3753,136
2023-11-21,BTC_Archive,"JUST IN: 🇺🇸 SEC Commissioner Hester Peirce: There is no reason for the SEC to stand in the way of a spot #Bitcoin ETF. 🤝

It's coming... https://t.co/qsx7aCdvue",1242,6256,274
2023-11-21,BTC_Archive,"I write a #Bitcoin Newsletter so you don't miss any news.  

👉https://t.co/pMn7QIVN5a 

🚨It's FREE👇",16,135,36
2023-11-21,BTC_Archive,Bullish for #Bitcoin 😉,158,1538,167
2023-11-21,BTC_Archive,"You can't stop Bitcoin. 
It's like trying to stop gun powder.
- John McAffee  🌭 https://t.co/35bURyMdch",333,1846,141
2023-11-21,BTC_Archive,"#Bitcoin went up 6x after the last halving.

If that happened again Bitcoin could break +$220,000 over the next 18 months https://t.co/PBoOtzR5yf",626,3096,384
2023-11-21,BTC_Archive,"Keep pushing forward.
Keep stacking quietly.
#Bitcoin waits for nobody...

gm plebs :) https://t.co/bysNafYI6D",166,1011,106
2023-11-21,BTC_Archive,RT @BTC_Archive: BREAKING:🇨🇭Banco Santander now offers #Bitcoin to high net-worth clients in Switzerland. https://t.co/UEAa1UXiej,688,0,0
2023-11-20,BTC_Archive,"RT @BTC_Archive: JUST IN: Three nations in LATAM to make #Bitcoin legal tender in early 2024 - Max Keiser

Which? 🤔 https://t.co/2Sc8mRyGXk",338,0,0
2023-11-20,BTC_Archive,RT @BTC_Archive: NEW: 🇺🇸 Cathie Wood’s Ark just filed another amendment to their spot #Bitcoin ETF after further feedback from the SEC - Bl…,382,0,0
2023-11-20,BTC_Archive,"""If printing money would end poverty, printing diplomas would end stupidity""

-Javier Milei
Argentina’s newly elected pro #Bitcoin President https://t.co/eLXz0jAejG",872,4752,242
2023-11-20,BTC_Archive,"""If printing money would end poverty, printing diploma's would end stupidity""

-Javier Milei
Argentina’s newly elected pro #Bitcoin President https://t.co/JTTvWEUJjg",4,29,13
2023-11-20,BTC_Archive,"RT @BTC_Archive: A G20 nation just elected a pro-#Bitcoin President!

It's happening... 🔥 https://t.co/22aomcJhLv",789,0,0
2023-11-20,BTC_Archive,"RT @BTC_Archive: #Bitcoin pumping on Argentina electing pro-Bitcoin President Javier Milei

40K is the target! 🚀 https://t.co/wvtVrysAqw",635,0,0
2023-11-20,BTC_Archive,"RT @BTC_Archive: 🇦🇷 Argentina’s pro-#Bitcoin Presidential candidate 

- Central Banks are a scam. 
- Bitcoin returns money to the private s…",940,0,0
2023-11-20,BTC_Archive,RT @BTC_Archive: FACT: 🇦🇷 Argentina's economy is 20x bigger than El Salvador's and a pro-#Bitcoin candidate is the HUGE favourite to win to…,628,0,0
2023-11-20,BTC_Archive,NEW: 🇺🇸 Cathie Wood’s Ark just filed another amendment to their spot #Bitcoin ETF after further feedback from the SEC - Bloomberg’s @JSeyff https://t.co/T03844gldR,382,2122,100
2023-11-20,BTC_Archive,BREAKING:🇨🇭Banco Santander now offers #Bitcoin to high net-worth clients in Switzerland. https://t.co/UEAa1UXiej,688,3590,227
2023-11-20,BTC_Archive,"JUST IN: Three nations in LATAM to make #Bitcoin legal tender in early 2024 - Max Keiser

Which? 🤔 https://t.co/2Sc8mRyGXk",338,2203,228
2023-11-20,BTC_Archive,"In addition to this, Max  has more bullish news of 3 more nations in LATAM to make Bitcoin legal tender in early 2024.",8,98,3
2023-11-20,BTC_Archive,".@MaxKeiser, a key member of President Bukele’s team of Bitcoin advisors, says President Bukele has given the green light to a diplomatic visit to Argentina by El Salvador’s Bitcoin team on a mission of “peace and economic freedom.”",18,92,10
2023-11-20,BTC_Archive,"Pro-Bitcoin: ""Bitcoin represents the return of money to its original creator, the private sector.""
""Bitcoin is a way of escaping the monetary repression imposed by the state.""",0,18,2
2023-11-20,BTC_Archive,"It remains to be seen what shape or form President Milei’s policies will take towards Bitcoin, but he has made very strong statements in favour of Bitcoin, and against central banking.",1,24,1
2023-11-20,BTC_Archive,"And the market really liked it, as Bitcoin shot back up past $37,000 https://t.co/lYmK3wfkEE",1,28,2
2023-11-20,BTC_Archive,"Argentina gets a #Bitcoin President.
Brighter days ahead!

gm plebs! https://t.co/feYWNBgGD8",238,1736,198
2023-11-20,BTC_Archive,"RT @BTC_Archive: BREAKING🚨 - Javier Milei is the new president of Argentina.

The second Pro-#Bitcoin President!🙌 https://t.co/tiKQvr7BXC",1930,0,0
2023-11-19,BTC_Archive,"#Bitcoin pumping on Argentina electing pro-Bitcoin President Javier Milei

40K is the target! 🚀 https://t.co/wvtVrysAqw",635,4011,215
2023-11-19,BTC_Archive,"A G20 nation just elected a pro-#Bitcoin President!

It's happening... 🔥 https://t.co/22aomcJhLv",789,4803,201
2023-11-19,BTC_Archive,"BREAKING🚨 - Javier Milei is the new president of Argentina.

The second Pro-#Bitcoin President!🙌 https://t.co/tiKQvr7BXC",1930,10779,374
2023-11-19,BTC_Archive,"🇦🇷 Argentina’s pro-#Bitcoin Presidential candidate 

- Central Banks are a scam. 
- Bitcoin returns money to the private sector. 

He is the favourite to win the Presidency today.  https://t.co/0PY64lR5Pv",940,4775,196
2023-11-19,BTC_Archive,FACT: 🇦🇷 Argentina's economy is 20x bigger than El Salvador's and a pro-#Bitcoin candidate is the HUGE favourite to win today’s Presidential election! 👀 https://t.co/DCQb9hhJhV,628,3583,196
2023-11-19,BTC_Archive,🇦🇷 Argentina's pro-#Bitcoin Presidential candidate has a HUGE 62.7% chance of winning today's election according to betting markets. https://t.co/ImihfU9aab,283,1960,151
2023-11-19,BTC_Archive,"🇦🇷 Pro #Bitcoin candidate Javier Milei leads the polls 48.5 to 44.7 going into today's Presidential elections in  Argentina!

LFG! 🚀 https://t.co/VMDWVzuNk2",705,4734,225
2023-11-19,BTC_Archive,"RT @BTC_Archive: NEW: 🇺🇸 $48 Trillion is managed by brokers, banks and investment advisors in the USA.

If 10% of them made a 1% allocation…",915,0,0
2023-11-19,BTC_Archive,#Bitcoin halving in 150 days... 🚀 https://t.co/il3qOtbuhX,599,2569,212
2023-11-18,BTC_Archive,RT @BTC_Archive: #Bitcoin is just getting started... https://t.co/oq6I8QZQsD,456,0,0
2023-11-18,BTC_Archive,"RT @BTC_Archive: JUST IN: Grayscale CEO says #Bitcoin is digital gold with more utility and it's ""really large market"" that hasn't been add…",426,0,0
2023-11-18,BTC_Archive,RT @BTC_Archive: NEW: A spot #Bitcoin ETF gives $30 Trillion of advised wealth access to #Bitcoin - Grayscale CEO https://t.co/M0ThmCuDcb,645,0,0
2023-11-18,BTC_Archive,RT @BTC_Archive: JUST IN: SEC is in direct talks with exchanges on spot #Bitcoin ETFs and has advised them to file amendments in next coupl…,819,0,0
2023-11-18,BTC_Archive,When you day-trade #Bitcoin and lose generational wealth... https://t.co/Grjkao2gM1,91,783,144
2023-11-18,BTC_Archive,#Bitcoin is King 👑 https://t.co/QFFwRgdhrJ,465,2677,272
2023-11-18,BTC_Archive,"🇺🇸 Galaxy Digital estimates $80 Billion to flow into spot #Bitcoin ETF within 3 years of launch:

Year 1 - $14 Billion
Year 2 - $27 Billion 
Year 3 - $39 Billion https://t.co/jGh5z9fgLb",452,1984,175
2023-11-18,BTC_Archive,"NEW: 🇺🇸 $48 Trillion is managed by brokers, banks and investment advisors in the USA.

If 10% of them made a 1% allocation to #Bitcoin that would see +$14.8 Billion fund flows push the price above of $140,000 - Galaxy Digital (research note) https://t.co/WNOMA11z0w",915,3901,236
2023-11-18,BTC_Archive,#Bitcoin is just getting started... https://t.co/oq6I8QZQsD,456,2627,249
2023-11-17,BTC_Archive,BREAKING: SEC delays Franklin Templeton's spot #Bitcoin ETF application. https://t.co/DseYZIcCNm,317,1702,175
2023-11-17,BTC_Archive,"RT @BTC_Archive: JUST IN: 🇺🇸 The Vacaville Firefighters Union to buy #Bitcoin for its balance sheet and self-custody!

Great work @workforc…",487,0,0
2023-11-17,BTC_Archive,"RT @BTC_Archive: BREAKING: WisdomTree has filed an updated spot #Bitcoin ETF S-1/Prospectus after feedback from the SEC. 👀 

h/t @JSeyff ht…",308,0,0
2023-11-17,BTC_Archive,JUST IN: SEC is in direct talks with exchanges on spot #Bitcoin ETFs and has advised them to file amendments in next couple weeks - Bloomberg's @EricBalchunas https://t.co/prkxUhBor4,819,3552,197
2023-11-17,BTC_Archive,"JUST IN: Grayscale CEO says #Bitcoin is digital gold with more utility and it's ""really large market"" that hasn't been addressed yet. https://t.co/yCElEmSsBw",426,2284,162
2023-11-17,BTC_Archive,NEW: A spot #Bitcoin ETF gives $30 Trillion of advised wealth access to #Bitcoin - Grayscale CEO https://t.co/M0ThmCuDcb,645,3099,189
2023-11-17,BTC_Archive,"JUST IN: Grayscale CEO says #Bitcoin is digital gold. with more utility, and it's ""really large market"" that hasn't been addressed yet. https://t.co/VB1A9C3YnM",23,195,35
2023-11-17,BTC_Archive,NEW: There's $30 Trillion of advised wealth that needs access to #Bitcoin - a spot Bitcoin ETF gives them the access they haven't had yet - Grayscale CEO https://t.co/UXHLjUYpq8,27,140,35
2023-11-17,BTC_Archive,"JUST IN: 🇬🇧 Former Bank of England adviser says he is not convinced by #Bitcoin 
""What is backing it other than scarcity?""

Bro... 🤦‍♂️ https://t.co/nmYnkNSGZK",276,2190,412
2023-11-17,BTC_Archive,#Bitcoin and Justice for all. https://t.co/wLbEoNmx6Y,424,2157,263
2023-11-17,BTC_Archive,"RT @BTC_Archive: BREAKING: 🇹🇷 #Bitcoin broke a new all-time high in Turkey overnight, where the official inflation rate is  61% https://t.c…",565,0,0
2023-11-17,BTC_Archive,"Next stop $40k
#Bitcoin 

gm plebs :) https://t.co/c09l8Jh0ys",273,2266,238
2023-11-16,BTC_Archive,RT @BTC_Archive: FACT: 🇸🇻 El Salvador has been buying 1 #Bitcoin every day for exactly 1 year - starting at the bottom of the bear market!…,1041,0,0
2023-11-16,BTC_Archive,"So, you wanna trade #Bitcoin 😅 https://t.co/JOiJCkIf6O",175,1566,186
2023-11-16,BTC_Archive,"BREAKING: WisdomTree has filed an updated spot #Bitcoin ETF S-1/Prospectus after feedback from the SEC. 👀 

h/t @JSeyff https://t.co/I6uzEKQcA0",308,1549,100
2023-11-16,BTC_Archive,"BREAKING: WisdomTree has filed an updated spot #Bitcoin ETF S-1/Prospectus after feedback from the SEC. 👀 

h/t @JSeyff https://t.co/FPNuPjLWQ2",79,512,40
2023-11-16,BTC_Archive,"RT @BTC_Archive: FOMO season starts when #Bitcoin 2-week RSI crosses 70 for the first time.

IF we repeat the last bull market #Bitcoin goe…",591,0,0
2023-11-16,BTC_Archive,"RT @BTC_Archive: NEW: Cathie Wood says “something has changed” in SEC’s attitude to a spot #Bitcoin ETF. 

The chances of approval have “go…",586,0,0
2023-11-16,BTC_Archive,"JUST IN: 🇺🇸 The Vacaville Firefighters Union to buy #Bitcoin for its balance sheet and self-custody!

Great work @workforcebtc  👏 https://t.co/DXkGBZVIuc",487,2494,152
2023-11-16,BTC_Archive,"BREAKING: 🇹🇷 #Bitcoin broke a new all-time high in Turkey overnight, where the official inflation rate is  61% https://t.co/3DLhAl6TVu",565,3140,208
2023-11-16,BTC_Archive,"FACT: 🇸🇻 El Salvador has been buying 1 #Bitcoin every day for exactly 1 year - starting at the bottom of the bear market!

Legendary! 🙌 https://t.co/214FszbJlh",1041,5636,273
2023-11-16,BTC_Archive,"RT @BTC_Archive: NEW: Cathie Wood says $600,000 #Bitcoin is the base case but could go higher because of scarcity, institutional adoption a…",770,0,0
2023-11-16,BTC_Archive,"RT @BTC_Archive: JUST IN: Deadline approaching for 3 spot #Bitcoin ETFs - delay expected. 

Bloomberg ETF analyst @JSeyff says a delay does…",386,0,0
