Timestamp,Username,Tweet Content,Retweets,Likes,Replies
2023-11-23,bitcoinlfgo,"RT @bitcoinlfgo: BREAKING 🚨

BlackRock had a closed-door meeting with the 🇺🇸 SEC over the spot #Bitcoin ETF.

Follow @bitcoinlfgo ↩️ for mo…",133,0,0
2023-11-23,bitcoinlfgo,"BREAKING 🚨

BlackRock had a closed-door meeting with the 🇺🇸 SEC over the spot #Bitcoin ETF.

Follow @bitcoinlfgo ↩️ for more https://t.co/mo0njCHrYa",133,646,65
2023-11-23,bitcoinlfgo,"RT @bitcoinlfgo: BIG BREAKING 🚨
#BITCOIN ETF LIKELY 

Grayscale has resubmitted a revised #Bitcoin spot ETF to the SEC. https://t.co/jMOIP9…",205,0,0
2023-11-23,bitcoinlfgo,"BIG BREAKING 🚨
#BITCOIN ETF LIKELY 

Grayscale has resubmitted a revised #Bitcoin spot ETF to the SEC. https://t.co/jMOIP9XhxI",205,1116,51
2023-11-23,bitcoinlfgo,"BIG BREAKING 🚨

Bloomberg's @JSeyff reports Grayscale updates their S-3/Prospectus filing to convert GBTC into a spot #Bitcoin ETF .

The notable change includes rebranding $GBTC's ticker to $BTC https://t.co/oO5gBSolGz",60,292,40
2023-11-23,bitcoinlfgo,"NEW : “Money will flood into the industry with a #Bitcoin ETF, it’s just easy to buy.” Former NYSE President 🇺🇸 https://t.co/v58vk8uif9",59,348,35
2023-11-23,bitcoinlfgo,"🌐 BREAKING NEWS 🌐 
Grayscale has submitted an updated spot #Bitcoin ETF application to the SEC, anticipating the approval of multiple #Bitcoin ETFs. 
Stay tuned for developments! https://t.co/r5DE80kv3c",113,437,30
2023-11-23,bitcoinlfgo,"With CZ no longer at Binance, it appears BlackRock is seizing the opportunity to accumulate as much #Bitcoin as possible.🤑🤯 https://t.co/Tgbh4ANefD",72,450,41
2023-11-23,bitcoinlfgo,"🚀 BREAKING NEWS 🚀

BlackRock and Grayscale have recently engaged with the SEC, providing further insights into the structure of their spot #Bitcoin ETF. 
This development is signaling strong bullish sentiment! 🔥 https://t.co/ZgcdxkMDTO",253,1152,82
2023-11-23,bitcoinlfgo,"With the #Bitcoin Halving just 5 months on the horizon, the hash rate has reached an unprecedented peak.🤑 https://t.co/vLx2ER9a0j",28,170,25
2023-11-23,bitcoinlfgo,"#Bitcoin is pumping hard.

Back above $37k.🤯🤑 https://t.co/nMntPON6F1",70,505,74
2023-11-23,bitcoinlfgo,"🚨Break into 2023 with No 1
#Bitcoin  Sportsbook &amp; Casino. With 200% deposit bonus.

🌟 Instant Withdrawals
🛡 NO KYC 
🏅 High Odds
🔗 EXCLUSIVE: Secure a 200% Bonus with 10x NOW         
➡️https://t.co/6TuY4aBdl0
or Use code "" LFG20 ""

#CryptoCasino #BigWins #SportsBetting… https://t.co/VLFEi721RV https://t.co/RO7HzOAQ6a",5,18,35
2023-11-22,bitcoinlfgo,"RT @bitcoinlfgo: BREAKING 🚨

#BITCOIN ETF LIKELY .

SEC Commissioner says, “There’s no reason for us to stand in the way of Bitcoin ETF”. h…",531,0,0
2023-11-22,bitcoinlfgo,"BREAKING 🚨

#BITCOIN ETF LIKELY .

SEC Commissioner says, “There’s no reason for us to stand in the way of Bitcoin ETF”. https://t.co/A2ldkDnma5",531,2506,131
2023-11-22,bitcoinlfgo,"RT @bitcoinlfgo: 🇺🇸 SEC Commissioner Hester Peirce : ""There’s no reason for us to stand in the way of a spot #Bitcoin ETF."" https://t.co/LJ…",674,0,0
2023-11-22,bitcoinlfgo,"RT @bitcoinlfgo: JUST IN 🚨
BlackRock had a closed-door meeting with the 🇺🇸 SEC over the spot #Bitcoin ETF. https://t.co/PziiQYhPbv",716,0,0
2023-11-22,bitcoinlfgo,"JUST IN 🚨
BlackRock had a closed-door meeting with the 🇺🇸 SEC over the spot #Bitcoin ETF. https://t.co/PziiQYhPbv",716,4632,152
2023-11-22,bitcoinlfgo,"RT @bitcoinlfgo: BIG BREAKING 🚨

#BLACKROCK BITCOIN ETF APPROVAL LIKELY.

BlackRock representatives met with the SEC to discuss the possibi…",741,0,0
2023-11-22,bitcoinlfgo,"BIG BREAKING 🚨

#BLACKROCK BITCOIN ETF APPROVAL LIKELY.

BlackRock representatives met with the SEC to discuss the possibility of listing a spot #Bitcoin ETF https://t.co/CoEvsvaawb",741,3522,196
2023-11-22,bitcoinlfgo,RT @bitcoinlfgo: #Bitcoin ETF Countdown: Approval Expected Within 48 Days!! https://t.co/v1mNF9Ck1H,324,0,0
2023-11-22,bitcoinlfgo,#Bitcoin ETF Countdown: Approval Expected Within 48 Days!! https://t.co/v1mNF9Ck1H,324,1978,160
2023-11-22,bitcoinlfgo,A New Dawn for Argentina 🇦🇷 : Strike Enables Direct #Bitcoin-to-Bank Transfers. 🤯🤑 https://t.co/Jbq3A3i0eX,115,610,62
2023-11-22,bitcoinlfgo,"Mass #Bitcoin Withdrawal Hits Binance: Over 7,300 BTC Exits in a Day. 🤯 https://t.co/pEyHHZa09Y",93,790,102
2023-11-22,bitcoinlfgo,"🇺🇸 SEC Commissioner Hester Peirce : ""There’s no reason for us to stand in the way of a spot #Bitcoin ETF."" https://t.co/LJspvmy7Ck",674,3268,152
2023-11-22,bitcoinlfgo,RT @bitcoinlfgo: UPDATE - 🇺🇸 Grayscale recently engaged in discussions with the SEC and unveiled that it has finalized a Transfer Agency an…,405,0,0
2023-11-22,bitcoinlfgo,"RT @bitcoinlfgo: BREAKING 🚨

THE BLACKROCK #BITCOIN BULL RUN HAS STARTED. https://t.co/XmA3sQVFB7",523,0,0
2023-11-22,bitcoinlfgo,"RT @bitcoinlfgo: Breaking News: 🚨🚨
The SEC has recently held discussions with Grayscale regarding the listing of a spot #Bitcoin ETF. https…",309,0,0
2023-11-22,bitcoinlfgo,"🚨Break into 2023 with No 1
#Bitcoin  Sportsbook &amp; Casino. With 200% deposit bonus.

🌟 Instant Withdrawals
🛡 NO KYC 
🏅 High Odds
🔗 EXCLUSIVE: Secure a 200% Bonus with 10x NOW         
➡️https://t.co/6TuY4aBdl0
or Use code "" LFG20 ""

#CryptoCasino #BigWins #SportsBetting… https://t.co/ECXUhcBaqK https://t.co/zGgA7U9bsg",1,16,16
2023-11-22,bitcoinlfgo,"🚨Break into 2023 with No 1
#Bitcoin  Sportsbook &amp; Casino. With 200% deposit bonus.

🌟 Instant Withdrawals
🛡 NO KYC 
🏅 High Odds
🔗 EXCLUSIVE: Secure a 200% Bonus with 10x NOW         
➡️https://t.co/6TuY4aBdl0
or Use code "" LFG20 ""

#CryptoCasino #BigWins #SportsBetting… https://t.co/U8QIQfl035 https://t.co/sluY1NCoNb",3,41,35
2023-11-22,bitcoinlfgo,"Breaking News: 🚨🚨
The SEC has recently held discussions with Grayscale regarding the listing of a spot #Bitcoin ETF. https://t.co/a78dA9vCik",309,1910,109
2023-11-22,bitcoinlfgo,Imagine the potential when Apple embraces #Bitcoin —prepare for an exponential surge like never before.🚀 https://t.co/suG8XNxQ1c,129,955,81
2023-11-22,bitcoinlfgo,"BREAKING 🚨

THE BLACKROCK #BITCOIN BULL RUN HAS STARTED. https://t.co/XmA3sQVFB7",523,2929,197
2023-11-22,bitcoinlfgo,UPDATE - 🇺🇸 Grayscale recently engaged in discussions with the SEC and unveiled that it has finalized a Transfer Agency and Service Agreement with BNY Mellon for its upcoming spot #Bitcoin ETF. https://t.co/Oi783exNxq,405,1751,173
2023-11-22,bitcoinlfgo,"Binance faced disruptions, potentially paving the way for the SEC to consider the approval of the #Bitcoin BlackRock Spot ETF. https://t.co/Ly4pupLFD2",197,1048,92
2023-11-22,bitcoinlfgo,News Flash: The hash rate of #Bitcoin has surged to a record-breaking high! 📈🚀 https://t.co/Hvw3XkQEYt,108,699,59
2023-11-21,bitcoinlfgo,"🚨Break into 2023 with the Ultimate #Bitcoin Sportsbook &amp; Casino.

🌟 Instant Withdrawals
🛡 VPN Friendly
🏅 High Odds
🔗 EXCLUSIVE: Secure a 100% Bonus with 10x NOW         
➡️https://t.co/jHELKCEw2n

#CryptoCasino #BigWins #SportsBetting #BTC #ETH #LTC",1,16,17
2023-11-21,bitcoinlfgo,"RT @bitcoinlfgo: BIG BREAKING 🚨

JIM CRAMER IS BEARISH ON #BITCOIN https://t.co/WFZ7sd4hw8",287,0,0
2023-11-21,bitcoinlfgo,"BIG BREAKING 🚨

JIM CRAMER IS BEARISH ON #BITCOIN https://t.co/WFZ7sd4hw8",287,2267,353
2023-11-21,bitcoinlfgo,"RT @bitcoinlfgo: BREAKING 🚨

THE #BITCOIN BULL MARKET .

Follow us on CMC https://t.co/iP0Ou04k10

FOLLOW US ON TELEGRAM
https://t.co/rjW1y…",20,0,0
2023-11-21,bitcoinlfgo,"BREAKING 🚨

THE #BITCOIN BULL MARKET .

Follow us on CMC https://t.co/iP0Ou04k10

FOLLOW US ON TELEGRAM
https://t.co/rjW1yZf0Pr https://t.co/Wh1B8poB8T",20,158,30
2023-11-21,bitcoinlfgo,The imminent launch of a #Bitcoin ETF is poised to significantly impact the market in the next 49 days.🔥 https://t.co/0PSafmcUyE,262,1382,133
2023-11-21,bitcoinlfgo,"RT @bitcoinlfgo: $2000 IN #BITCOIN TO 10 PEOPLE IF $BTC HITS $40,000 IN NEXT 7 DAYS .

RULES 
FOLLOW ME &amp;
LIKE THIS POST",195,0,0
2023-11-21,bitcoinlfgo,"$2000 IN #BITCOIN TO 10 PEOPLE IF $BTC HITS $40,000 IN NEXT 7 DAYS .

RULES 
FOLLOW ME &amp;
LIKE THIS POST",195,963,246
2023-11-21,bitcoinlfgo,"RT @bitcoinlfgo: BREAKING 🚨

BLACKROCK #BITCOIN APPROVAL CAN BE ANYTIME IN NEXT 49 DAYS . https://t.co/Usp8XGHn6y",646,0,0
2023-11-21,bitcoinlfgo,"BREAKING 🚨

BLACKROCK #BITCOIN APPROVAL CAN BE ANYTIME IN NEXT 49 DAYS . https://t.co/Usp8XGHn6y",646,3030,224
2023-11-21,bitcoinlfgo,"RT @bitcoinlfgo: 🚨Break into 2023 with the Ultimate #Bitcoin Sportsbook &amp; Casino.

🌟 Instant Withdrawals
🛡 VPN Friendly
🏅 High Odds
🔗 EXCLU…",11,0,0
2023-11-21,bitcoinlfgo,"RUMOUR 🚨

 Argentina’s new president wants to adopt #Bitcoin as legal tender https://t.co/w8sWciK8zq",410,2216,198
2023-11-21,bitcoinlfgo,"RT @bitcoinlfgo: Binance CEO Changpeng Zhao posted a screenshot counting down to the highly awaited #Bitcoin halving. 🔥
Are you all set for…",177,0,0
2023-11-21,bitcoinlfgo,21Shares President Applauds SEC's Positive Engagement on Spot #Bitcoin ETF Applications! 🔥 https://t.co/LdvtrG6H9X,53,325,49
2023-11-21,bitcoinlfgo,"ARK Invest, led by Cathie Wood, has submitted a revised version of its spot #Bitcoin ETF to the SEC. 
These modifications suggest a preparation for potential SEC approval - Bloomberg analyst.🔥 https://t.co/EyXVQrGuqV",204,1011,75
2023-11-21,bitcoinlfgo,"ARK Invest, led by Cathie Wood, has submitted a revised version of its spot #Bitcoin ETF to the SEC. 
These modifications suggest a preparation for potential SEC approval - Boomerang analyst.🔥 https://t.co/zTH2MgR9QN",0,5,3
2023-11-20,bitcoinlfgo,"BREAKING NEWS 🚨

#BITCOIN LIKELY TO BE LEGAL TENDER SOON IN ARGENTINA AS PRO #BITCOIN PRESIDENT GOT ELECTED https://t.co/meBtMH03KX",478,2433,132
2023-11-20,bitcoinlfgo,"RT @bitcoinlfgo: BREAKING 🚨

BLOOMBERG ON #BITCOIN https://t.co/hJgomUgKt7",272,0,0
2023-11-20,bitcoinlfgo,"BREAKING 🚨

BLOOMBERG ON #BITCOIN https://t.co/hJgomUgKt7",272,1353,76
2023-11-20,bitcoinlfgo,"RT @bitcoinlfgo: BREAKING 🚨⚠️

The first ever #Bitcoin Crocs shoe has officially launched 💥 https://t.co/v7tSlMCZEp",59,0,0
2023-11-20,bitcoinlfgo,"BREAKING 🚨⚠️

The first ever #Bitcoin Crocs shoe has officially launched 💥 https://t.co/v7tSlMCZEp",59,354,49
2023-11-20,bitcoinlfgo,"🚨Break into 2023 with the Ultimate #Bitcoin Sportsbook &amp; Casino.

🌟 Instant Withdrawals
🛡 VPN Friendly
🏅 High Odds
🔗 EXCLUSIVE: Secure a 100% Bonus with 10x NOW         
➡️https://t.co/jHELKCEw2n

#CryptoCasino #BigWins #SportsBetting #BTC #ETH #LTC",11,58,32
2023-11-20,bitcoinlfgo,RT @bitcoinlfgo: BLACKROCK #BITCOIN ETF IS COMING SOOON https://t.co/QzmJRygemw,371,0,0
2023-11-20,bitcoinlfgo,"RT @bitcoinlfgo: BREAKING 🚨 ETF UPDATE

 ARK Invest filed an updated version of its spot #Bitcoin ETF with the SEC.

Bloomberg analyst says…",338,0,0
2023-11-20,bitcoinlfgo,"BREAKING 🚨 ETF UPDATE

 ARK Invest filed an updated version of its spot #Bitcoin ETF with the SEC.

Bloomberg analyst says these updates are getting ""in shape for SEC approval."" 👀 https://t.co/F1Sl5BnYC1",338,1604,101
2023-11-20,bitcoinlfgo,"RT @bitcoinlfgo: BREAKING 🚨⚠️

#BITCOIN LIKELY TO BE LEGAL TENDER SOON IN ARGENTINA AS PRO #BITCOIN PRESIDENT GOT ELECTED https://t.co/KZyl…",490,0,0
2023-11-20,bitcoinlfgo,"BREAKING 🚨⚠️

#BITCOIN LIKELY TO BE LEGAL TENDER SOON IN ARGENTINA AS PRO #BITCOIN PRESIDENT GOT ELECTED https://t.co/KZyl71bOLF",490,2596,143
2023-11-20,bitcoinlfgo,"Argentina on the Brink of #Bitcoin Adoption:

Javier Milei's Pro-Crypto Presidency Paves the Way for a Currency Revolution! 🔥 https://t.co/mrWNv6VrQZ",132,779,80
2023-11-20,bitcoinlfgo,"Breaking News :🚨🚨
Santander Private Bank unveils #Bitcoin and Ethereum trading services for clients in Switzerland. https://t.co/2X7cQaHRoP",183,841,101
2023-11-20,bitcoinlfgo,"Prosperity is ahead for Argentina 🇦🇷

Elon Musk is optimistic about Argentina's future prosperity under the leadership of the newly elected #Bitcoin-supporting President Javier Milei. https://t.co/arKlTNyIeb",64,364,44
2023-11-20,bitcoinlfgo,BLACKROCK #BITCOIN ETF IS COMING SOOON https://t.co/QzmJRygemw,371,2212,164
2023-11-20,bitcoinlfgo,Breaking News: Ark Invest has officially submitted a renewed S-1 for their #Bitcoin Spot ETF. 🔥 https://t.co/F3v9JM14uU,143,832,79
2023-11-20,bitcoinlfgo,"RT @bitcoinlfgo: BREAKING ⚠️ TURKEY 

REPORTS OF RESTAURANTS &amp; SUPER MARKETS ACCEPTING CRYPTO PAYMENTS IN TURKEY 🇹🇷

#Bitcoin Against Infla…",576,0,0
2023-11-20,bitcoinlfgo,"BREAKING ⚠️ TURKEY 

REPORTS OF RESTAURANTS &amp; SUPER MARKETS ACCEPTING CRYPTO PAYMENTS IN TURKEY 🇹🇷

#Bitcoin Against Inflation https://t.co/N7SX5wiA6V",576,2820,217
2023-11-20,bitcoinlfgo,"RT @bitcoinlfgo: BIG BREAKING 🚨⚠️

SANTANDER PRIVATE BANK INTRODUCES #BITCOIN AND ETHREUM TRADING FOR SWISS CLIENTS . https://t.co/ykZzZO8a…",755,0,0
2023-11-20,bitcoinlfgo,"BIG BREAKING 🚨⚠️

SANTANDER PRIVATE BANK INTRODUCES #BITCOIN AND ETHREUM TRADING FOR SWISS CLIENTS . https://t.co/ykZzZO8aKK",755,3450,160
2023-11-20,bitcoinlfgo,"RT @bitcoinlfgo: BREAKING 🚨⚠️

PEOPLE IN TURKEY USING #BITCOIN AND CRYPTO LIKE CURRENCY TO FIGHT INFLATION https://t.co/wkljjBrKMT",781,0,0
2023-11-20,bitcoinlfgo,"Binance CEO Changpeng Zhao posted a screenshot counting down to the highly awaited #Bitcoin halving. 🔥
Are you all set for it? 😎 https://t.co/AVs6ppRUdJ",177,992,147
2023-11-20,bitcoinlfgo,"BREAKING 🚨⚠️

PEOPLE IN TURKEY USING #BITCOIN AND CRYPTO LIKE CURRENCY TO FIGHT INFLATION https://t.co/wkljjBrKMT",781,4088,366
2023-11-20,bitcoinlfgo,"Breaking News: 

Pro-#Bitcoin Argentine presidential candidate Javier Milei emerges victorious in the presidential election! 🇦🇷🔥 https://t.co/BlYJP4ZXsG",222,1246,117
2023-11-20,bitcoinlfgo,#Bitcoin continues to achieve new all-time highs in Turkey! 🇹🇷 https://t.co/d4N3qt34df,120,767,72
2023-11-20,bitcoinlfgo,"Argentina welcomes a #Bitcoin-friendly President! 
The future looks promising! 🙌 https://t.co/aOpNGn5sIM",265,1373,97
2023-11-20,bitcoinlfgo,"Breaking News: 🚨🚨
Pro-#Bitcoin Argentine presidential candidate Javier Milei emerges victorious in the presidential election! 🇦🇷 https://t.co/d6xbx0Y1Kc",7,61,15
2023-11-19,bitcoinlfgo,"#Bitcoin was priced at $15,588 a year ago today. If you bought or held, you've experienced a fortunate turn of events. 👍🔥 https://t.co/jZoQglXipi",11,79,60
2023-11-18,bitcoinlfgo,"BREAKING NEWS ⚠️⚠️⚠️

CHINESE BANK'S ARE SUPPORTING #BITCOIN AND CRYPTO BUSINESSES IN HONGKONG 🇭🇰 https://t.co/qquunT1vLq",448,2503,176
2023-11-18,bitcoinlfgo,"$250 Giveaway in #Bitcoin  next 48 hours 

Follow us on https://t.co/1AcxYwX59L

And like and Retweet this post",44,101,28
2023-11-18,bitcoinlfgo,"BlackRock's #Bitcoin ETF approval announcement expected this Friday as the SEC approaches the deadline for a decision.

BLACKROCK #BITCOIN  ETF IS COMING SOOON....🔥 https://t.co/W09JtOQZUk",555,2319,222
2023-11-18,bitcoinlfgo,"RT @bitcoinlfgo: BIG 🚨

CHINESE BANK'S ARE SUPPORTING #BITCOIN AND CRYPTO BUSINESSES IN HONGKONG 🇭🇰 https://t.co/fzDDQjV3UY",730,0,0
2023-11-18,bitcoinlfgo,"BIG 🚨

CHINESE BANK'S ARE SUPPORTING #BITCOIN AND CRYPTO BUSINESSES IN HONGKONG 🇭🇰 https://t.co/fzDDQjV3UY",730,3765,207
2023-11-18,bitcoinlfgo,"RT @bitcoinlfgo: Breaking Update 🚨

The U.S. SEC has recommended exchanges to opt for cash creation for spot #Bitcoin ETFs, urging them to…",343,0,0
2023-11-18,bitcoinlfgo,"BREAKING ⚠️

BIG CEO'S ARE BULLISH ON BLACKROCK #BITCOIN ETF APPROVAL . https://t.co/bVa6yjb5Dj",386,2095,124
2023-11-18,bitcoinlfgo,"#Bitcoin was priced at $15,588 a year ago today. If you bought or held, you've experienced a fortunate turn of events. 👍🔥 https://t.co/3Qbe78EC2I",8,55,26
2023-11-18,bitcoinlfgo,"Breaking Update 🚨

The U.S. SEC has recommended exchanges to opt for cash creation for spot #Bitcoin ETFs, urging them to file amendments in the coming weeks. 
This constructive conversation is viewed as both healthy and bullish. 🐂🔥 https://t.co/23eDe4sH9s",343,1461,114
2023-11-18,bitcoinlfgo,"Breaking News: 🚨🚨
The U.S. SEC postpones the spot #Bitcoin ETF application from the $1.5 trillion asset manager Franklin Templeton. https://t.co/q1MLosgFOV",147,721,72
2023-11-18,bitcoinlfgo,Grayscale CEO notes early indications suggesting the conclusion of the #Bitcoin bear market with bullish signs emerging. 🔥🐂 https://t.co/BXGEfVMJkS,120,768,77
2023-11-18,bitcoinlfgo,RT @bitcoinlfgo: BLACKROCK #BITCOIN ETF IS COMING SOOON.... https://t.co/OHwdpwUQJ6,600,0,0
2023-11-18,bitcoinlfgo,"RT @bitcoinlfgo: BIG BREAKING 🚨

‘We are 99% sure a #Bitcoin Spot ETF is coming in 2024.’ Cathie https://t.co/ri2sk7ofJK",679,0,0
2023-11-17,bitcoinlfgo,"BIG BREAKING 🚨

‘We are 99% sure a #Bitcoin Spot ETF is coming in 2024.’ Cathie https://t.co/ri2sk7ofJK",679,3704,249
2023-11-17,bitcoinlfgo,"BREAKING 🚨⚠️⚠️⚠️

SEC advised exchanges to do cash creates for spot #Bitcoin ETFs, and asked them to file amendments in next couple weeks — Bloomberg's Eric Balchunas https://t.co/BN8rSUKhHl",374,1764,100
2023-11-17,bitcoinlfgo,"Breaking News: 🚨🚨
#Bitcoin Ordinals see a record-breaking 24-hour trading volume exceeding $27 million, establishing a new all-time high. 🐂🔥 https://t.co/B4rqb41e3n",159,729,71
2023-11-17,bitcoinlfgo,"Cathie Wood expresses a high level of confidence, stating, 
""There's a 99% likelihood of a #Bitcoin Spot ETF arriving in 2024.""🔥🐂 https://t.co/AgfJlZfsyw",204,1196,81
2023-11-17,bitcoinlfgo,"Latest Update: 
The supply of #Bitcoin held by long-term Hodlers has reached an unprecedented all-time high! 🚀🔥 https://t.co/C0XogWOCXk",114,592,60
2023-11-17,bitcoinlfgo,BLACKROCK #BITCOIN ETF IS COMING SOOON.... https://t.co/OHwdpwUQJ6,600,3420,235
2023-11-17,bitcoinlfgo,RT @bitcoinlfgo: BlackRock's #Bitcoin ETF approval announcement expected this Friday as the SEC approaches the deadline for a decision. htt…,721,0,0
2023-11-17,bitcoinlfgo,"Breaking News: 🚨🚨
German legislator Joana Cotar advocates for the recognition of #Bitcoin as an official form of currency.🔥 https://t.co/JLRs1HMTCP",256,1270,91
