Timestamp,Username,Tweet Content,Retweets,Likes,Replies
2023-10-17 11:11:13,bitcoinlfgo,"RT @bitcoinlfgo: BREAKING 🚨 $BTC 

#BITCOIN  ETF APPROVAL LIKELY IN NEXT 3 MONTHS https://t.co/W5SVpKNGze",145,0,0
2023-10-17 09:13:48,bitcoinlfgo,"BREAKING 🚨 $BTC 

#BITCOIN  ETF APPROVAL LIKELY IN NEXT 3 MONTHS https://t.co/W5SVpKNGze",145,917,82
2023-10-17 07:03:34,bitcoinlfgo,"#BITCOIN ETF UPDATE

Grayscale is ready to convert its #Bitcoin Trust (GBTC) to an ETF as soon as the SEC approves its application. https://t.co/JlDY5RbsBP",234,1378,88
2023-10-17 04:05:18,bitcoinlfgo,"Larry Fink, CEO of BlackRock, the world's largest money manager with $9 trillion in assets, says #Bitcoin is a ""flight to quality."" https://t.co/5K70sjbt0q",144,815,58
2023-10-17 04:01:36,bitcoinlfgo,"RT @bitcoinlfgo: JUST IN:
Grayscale is ready to convert its #Bitcoin Trust (GBTC) to an ETF as soon as the SEC approves its application. ht…",375,0,0
2023-10-17 00:53:59,bitcoinlfgo,"El Salvador's vice president says #Bitcoin is driving tourism, investment, and the country's rebirth. https://t.co/hkAcga7vFK",109,720,46
2023-10-17 00:53:02,bitcoinlfgo,"JUST IN:
Grayscale is ready to convert its #Bitcoin Trust (GBTC) to an ETF as soon as the SEC approves its application. https://t.co/vdTzlnf1vg",375,1944,72
2023-10-17 00:52:22,bitcoinlfgo,"Cathie Wood: SEC understands #Bitcoin and its merits, but Gary Gensler is standing in the way of a spot ETF. https://t.co/jmIyH09vgg",106,808,36
2023-10-17 00:51:41,bitcoinlfgo,#Bitcoin jumped over 10% on rumors of a spot ETF approval. The impact of a real approval could be huge! https://t.co/tDfbt19kII,88,534,37
2023-10-17 00:35:25,bitcoinlfgo,"RT @bitcoinlfgo: BlackRock denies reports that its spot #Bitcoin ETF has been approved, saying it is still under review! https://t.co/vq7fR…",173,0,0
2023-10-16 21:05:25,bitcoinlfgo,"RT @bitcoinlfgo: BREAKING 🚨

BLACKROCK CEO LARRY FINK IS BULLISH ON #BITCOIN https://t.co/EBIDnQrXWZ",241,0,0
2023-10-16 21:04:50,bitcoinlfgo,"BREAKING 🚨

BLACKROCK CEO LARRY FINK IS BULLISH ON #BITCOIN https://t.co/EBIDnQrXWZ",241,1671,70
2023-10-16 20:29:15,bitcoinlfgo,"RT @bitcoinlfgo: BREAKING 🚨 BLACKROCK CEO 

Today's rally is ""way beyond the rumor"" of a spot #Bitcoin ETF approval. https://t.co/cYofTlcOMX",273,0,0
2023-10-16 20:28:37,bitcoinlfgo,"BREAKING 🚨 BLACKROCK CEO 

Today's rally is ""way beyond the rumor"" of a spot #Bitcoin ETF approval. https://t.co/cYofTlcOMX",273,1654,88
2023-10-16 17:49:04,bitcoinlfgo,"RT @bitcoinlfgo: $500 in #Bitcoin to someone
If this post Hits 10k likes",80,0,0
2023-10-16 17:48:39,bitcoinlfgo,"$500 in #Bitcoin to someone
If this post Hits 10k likes",80,589,62
2023-10-16 14:39:24,bitcoinlfgo,"BlackRock denies reports that its spot #Bitcoin ETF has been approved, saying it is still under review! https://t.co/vq7fRpV7XN",173,1215,81
2023-10-16 14:36:53,bitcoinlfgo,#Bitcoin shows significant overnight activity as traders anticipate the first full trading day after the SEC's decision not to appeal the Grayscale ruling! https://t.co/DeK9S6PPoF,58,400,23
2023-10-16 14:33:58,bitcoinlfgo,"RT @bitcoinlfgo: #Bitcoin jumps to near $28,000 as investors bet on spot ETF approval. 
Analysts believe that all spot ETFs will be approve…",280,0,0
2023-10-16 14:28:34,bitcoinlfgo,"RT @bitcoinlfgo: BREAKING NEWS 🚨

#BITCOIN HITS $30,000
BITCOINLFG CEO SAID #BITCOIN BULLRUN  HAS JUST BEGAN . https://t.co/3bpyRmRB29",132,0,0
2023-10-16 14:28:08,bitcoinlfgo,"BREAKING NEWS 🚨

#BITCOIN HITS $30,000
BITCOINLFG CEO SAID #BITCOIN BULLRUN  HAS JUST BEGAN . https://t.co/3bpyRmRB29",132,846,47
2023-10-16 14:25:49,bitcoinlfgo,"RT @bitcoinlfgo: BREAKING 🚨

#BITCOIN HITS $30,000 https://t.co/aplx8DEpz8",73,0,0
2023-10-16 14:23:06,bitcoinlfgo,"BREAKING 🚨

#BITCOIN HITS $30,000 https://t.co/aplx8DEpz8",73,514,46
2023-10-16 13:16:00,bitcoinlfgo,"RT @bitcoinlfgo: BREAKING 🚨 $BTC 

#BITCOIN ETF APPROVAL LIKELY IN NEXT 3 MONTHS https://t.co/dYA2JUXcdp",370,0,0
2023-10-16 13:14:25,bitcoinlfgo,"BREAKING 🚨 $BTC 

#BITCOIN ETF APPROVAL LIKELY IN NEXT 3 MONTHS https://t.co/dYA2JUXcdp",370,2202,142
2023-10-16 10:04:34,bitcoinlfgo,"#Bitcoin jumps to near $28,000 as investors bet on spot ETF approval. 
Analysts believe that all spot ETFs will be approved before the final deadline of the first #Bitcoin spot ETF application. https://t.co/jxM8J6RjiV",280,1155,62
2023-10-16 10:03:51,bitcoinlfgo,"🚨🚨 Michael Saylor believes that #Bitcoin's status as an asset class will lead to a 10x to 100x increase in its value, especially if major ETF issuers like Fidelity and BlackRock agree!! https://t.co/EInuL4Tv1R",306,1683,106
2023-10-16 10:02:31,bitcoinlfgo,"RT @bitcoinlfgo: BREAKING 🚨 $BTC 

#BITCOIN ETF APPROVAL LIKELY SOOON https://t.co/B8m5Tx9mAI",528,0,0
2023-10-16 10:00:40,bitcoinlfgo,"BREAKING 🚨 $BTC 

#BITCOIN ETF APPROVAL LIKELY SOOON https://t.co/B8m5Tx9mAI",528,3130,145
2023-10-16 09:06:14,bitcoinlfgo,"RT @bitcoinlfgo: BIG BREAKING 🚨

BITCOINLFG CEO SAID #BITCOIN  BULLRUN  HAS JUST STARTED. https://t.co/cchOrFlAo9",374,0,0
2023-10-16 09:05:49,bitcoinlfgo,"BIG BREAKING 🚨

BITCOINLFG CEO SAID #BITCOIN  BULLRUN  HAS JUST STARTED. https://t.co/cchOrFlAo9",374,1987,132
2023-10-16 06:42:45,bitcoinlfgo,"RT @bitcoinlfgo: BIG BREAKING 🚨

BITCOINLFG CEO SAID #BITCOIN BULLRUN  HAS JUST BEGAN . https://t.co/ocxcyeF8Ny",411,0,0
2023-10-16 06:42:37,bitcoinlfgo,"BIG BREAKING 🚨

BITCOINLFG CEO SAID #BITCOIN BULLRUN  HAS JUST BEGAN . https://t.co/ocxcyeF8Ny",411,2366,188
2023-10-16 06:41:07,bitcoinlfgo,Bloomberg Intelligence estimates a 90% chance of #Bitcoin spot ETF approval in 2023!! https://t.co/YN8S8O35JE,261,1490,81
2023-10-16 06:15:08,bitcoinlfgo,"BREAKING NEWS🚨

#BITCOIN PUMPS AS CHINA'S BANKS TUMBLE . https://t.co/OcTfsuZBA7",565,3402,152
2023-10-16 05:27:17,bitcoinlfgo,"RT @bitcoinlfgo: BREAKING : #BITCOIN $27,800 https://t.co/Rn2xMVnphS",169,0,0
2023-10-16 05:26:34,bitcoinlfgo,"BREAKING : #BITCOIN $27,800 https://t.co/Rn2xMVnphS",169,1290,95
2023-10-16 05:24:58,bitcoinlfgo,"RT @bitcoinlfgo: Cathie Wood says the SEC will approve multiple #Bitcoin ETFs at once, if they approve any. https://t.co/Onnr5fb5OO",337,0,0
2023-10-16 01:03:17,bitcoinlfgo,"Cathie Wood says the SEC will approve multiple #Bitcoin ETFs at once, if they approve any. https://t.co/Onnr5fb5OO",337,2126,126
2023-10-16 01:02:41,bitcoinlfgo,"JUST IN: Bitcoin surpasses $27,000. https://t.co/KXDVwKsH5F",118,1021,69
2023-10-15 19:54:52,bitcoinlfgo,"RT @bitcoinlfgo: BlackRock's CEO claims, #Bitcoin is set to reshape the financial landscape."" https://t.co/wekvFmWUBJ",381,0,0
2023-10-15 19:54:20,bitcoinlfgo,"BlackRock's CEO claims, #Bitcoin is set to reshape the financial landscape."" https://t.co/wekvFmWUBJ",381,2471,115
2023-10-15 15:42:57,bitcoinlfgo,"RT @bitcoinlfgo: BREAKING NEWS 🚨 

BLACKROCK CEO IS CONFIDENT ON #BITCOIN ACCORDING TO EXPERTS . https://t.co/eHAJOxADCl",414,0,0
2023-10-15 15:42:52,bitcoinlfgo,"RT @bitcoinlfgo: JUST IN: $820 Billion global bank Standard Chartered boosts #Bitcoin price target to $120,000 by the end of 2024! https://…",630,0,0
2023-10-15 13:42:23,bitcoinlfgo,"JUST IN: $820 Billion global bank Standard Chartered boosts #Bitcoin price target to $120,000 by the end of 2024! https://t.co/ArrC2glpc6",630,2965,197
2023-10-15 09:45:58,bitcoinlfgo,"BREAKING NEWS 🚨 

BLACKROCK CEO IS CONFIDENT ON #BITCOIN ACCORDING TO EXPERTS . https://t.co/eHAJOxADCl",414,2149,141
2023-10-15 06:52:43,bitcoinlfgo,"RT @bitcoinlfgo: BREAKING NEWS 🚨
BlackRock's CEO claims, #Bitcoin  is set to reshape the financial landscape."" https://t.co/vAPF5t1VIC",840,0,0
2023-10-15 06:45:01,bitcoinlfgo,"BREAKING NEWS 🚨
BlackRock's CEO claims, #Bitcoin  is set to reshape the financial landscape."" https://t.co/vAPF5t1VIC",840,4057,280
2023-10-15 06:08:32,bitcoinlfgo,"RT @bitcoinlfgo: BREAKING NEWS 🚨
HONDA &amp; FERRARI NOW ACCEPTS #BITCOIN AS PAYMENT. 

Thread ---- https://t.co/jdq2YXdhRK",590,0,0
2023-10-15 06:08:09,bitcoinlfgo,"BREAKING NEWS 🚨
HONDA &amp; FERRARI NOW ACCEPTS #BITCOIN AS PAYMENT. 

Thread ---- https://t.co/jdq2YXdhRK",590,3032,167
2023-10-14 22:27:22,bitcoinlfgo,"RT @bitcoinlfgo: BREAKING NEWS 🚨
HONDA &amp; FERRARI NOW ACCEPTS #BITCOIN AS PAYMENT https://t.co/mBg02Yj0hf",959,0,0
2023-10-14 22:21:47,bitcoinlfgo,"BREAKING NEWS 🚨
HONDA &amp; FERRARI NOW ACCEPTS #BITCOIN AS PAYMENT https://t.co/mBg02Yj0hf",959,4818,234
2023-10-14 16:22:23,bitcoinlfgo,"RT @bitcoinlfgo: BREAKING 🚨
Hit Like if you want Tesla to Accept #Bitcoin as Payment Method 

#BrandedFeatures https://t.co/JINc3jDpMm",358,0,0
2023-10-14 16:21:49,bitcoinlfgo,"BREAKING 🚨
Hit Like if you want Tesla to Accept #Bitcoin as Payment Method 

#BrandedFeatures https://t.co/JINc3jDpMm",358,3190,145
2023-10-14 13:15:02,bitcoinlfgo,"RT @bitcoinlfgo: BREAKING NEWS 🚨

AFTER FERRARI NOW TESLA RUMOURED TO ACCEPT #BITCOIN AS PAYMENT SOON https://t.co/1xWgeelRCS",696,0,0
2023-10-14 13:14:53,bitcoinlfgo,"BREAKING NEWS 🚨

AFTER FERRARI NOW TESLA RUMOURED TO ACCEPT #BITCOIN AS PAYMENT SOON https://t.co/1xWgeelRCS",696,3643,174
2023-10-14 13:13:51,bitcoinlfgo,"BREAKING NEWS 🚨

AFTER FERRARI NOW TESLA RUMOURED TO ACCEPT #BITCOIN AS PAYMENT. https://t.co/tbOmJKq37r",4,13,3
2023-10-14 13:11:09,bitcoinlfgo,"RT @bitcoinlfgo: BREAKING NEWS 🚨

$55 BILLION CAR COMPANY NOW ACCEPTS #BITCOIN AS PAYMENT. https://t.co/wkd94QhLPZ",433,0,0
2023-10-14 12:50:15,bitcoinlfgo,"BREAKING NEWS 🚨

$55 BILLION CAR COMPANY NOW ACCEPTS #BITCOIN AS PAYMENT. https://t.co/wkd94QhLPZ",433,2408,94
2023-10-14 12:13:24,bitcoinlfgo,RT @bitcoinlfgo: Just in : Don't like Tesla Buy a Ferrari Now Using #Bitcoin in U.S 🇺🇲 https://t.co/xYhC0wWEDH,169,0,0
2023-10-14 12:13:03,bitcoinlfgo,Just in : Don't like Tesla Buy a Ferrari Now Using #Bitcoin in U.S 🇺🇲 https://t.co/xYhC0wWEDH,169,1271,84
2023-10-14 12:06:21,bitcoinlfgo,"RT @bitcoinlfgo: BREAKING NEWS 🚨
RUMOURS OF TESLA ACCEPTING #BITCOIN SOON FOR CAR PAYMENTS. https://t.co/30AZfmPejf",499,0,0
2023-10-14 10:58:25,bitcoinlfgo,"RT @bitcoinlfgo: Spot #Bitcoin ETF approval is likely before January 10, 2024, as the SEC has not appealed Grayscale's court win and has no…",355,0,0
2023-10-14 08:56:12,bitcoinlfgo,"BREAKING NEWS 🚨
RUMOURS OF TESLA ACCEPTING #BITCOIN SOON FOR CAR PAYMENTS. https://t.co/30AZfmPejf",499,2814,165
2023-10-14 08:00:45,bitcoinlfgo,"RT @bitcoinlfgo: BREAKING NEWS 🚨

Ferrari to start accepting payment in #Bitcoin &amp; crypto for its cars in the United States. https://t.co/V…",444,0,0
2023-10-14 08:00:10,bitcoinlfgo,"BREAKING NEWS 🚨

Ferrari to start accepting payment in #Bitcoin &amp; crypto for its cars in the United States. https://t.co/Vl80yJKwft",444,2223,139
2023-10-14 06:57:02,bitcoinlfgo,"Spot #Bitcoin ETF approval is likely before January 10, 2024, as the SEC has not appealed Grayscale's court win and has no basis to reject any spot #BitcoinETF applications! https://t.co/ELrRbtWrjg",355,1798,114
2023-10-14 05:48:09,bitcoinlfgo,"RT @bitcoinlfgo: Breaking News 🚨
The U.S. SEC has decided not to challenge Grayscale's legal victory regarding the conversion of its spot #…",340,0,0
2023-10-14 01:28:26,bitcoinlfgo,"Breaking News 🚨
The U.S. SEC has decided not to challenge Grayscale's legal victory regarding the conversion of its spot #Bitcoin ETF - Reuters. https://t.co/IcVfBDz4xN",340,1700,95
2023-10-14 01:28:17,bitcoinlfgo,RT @bitcoinlfgo: Ark Invest Research predicts that #Bitcoin could reach a bull case price of $1.48 million! https://t.co/FdWvAZoNNu,184,0,0
2023-10-14 01:25:47,bitcoinlfgo,"According to Bloomberg analysts Eric Balchunas and James Seyffart, the likelihood of spot #Bitcoin ETF approval is now at 90% by January 10th!! https://t.co/R42t7MF15N",118,740,17
2023-10-14 01:24:08,bitcoinlfgo,Ark Invest Research predicts that #Bitcoin could reach a bull case price of $1.48 million! https://t.co/FdWvAZoNNu,184,1077,65
2023-10-13 21:43:01,bitcoinlfgo,"BREAKING NEWS 🚨

#BITCOIN ETF APPROVAL VERY SOON !! https://t.co/BKqgjCvFY6",317,1444,83
2023-10-13 21:21:49,bitcoinlfgo,"🚨 
#BITCOIN BULL MARKET STARTED OFFICIALLY 🚀 https://t.co/w8MdAPegU2",510,2966,197
2023-10-13 21:15:08,bitcoinlfgo,"RT @bitcoinlfgo: BREAKING NEWS 🚨

BIG WIN FOR CRYPTO INDUSTRY 
#BITCOIN ETF APPROVAL
SEC WON'T APPEAL. https://t.co/MUaUkvTr4W",793,0,0
2023-10-13 21:14:07,bitcoinlfgo,"BREAKING NEWS 🚨

BIG WIN FOR CRYPTO INDUSTRY 
#BITCOIN ETF APPROVAL
SEC WON'T APPEAL. https://t.co/MUaUkvTr4W",793,3943,143
2023-10-13 21:11:50,bitcoinlfgo,"RT @bitcoinlfgo: BREAKING NEWS 🚨

The SEC reportedly won't appeal its loss in the Grayscale Bitcoin Trust case, boosting the odds $GBTC can…",234,0,0
2023-10-13 21:11:38,bitcoinlfgo,"BREAKING NEWS 🚨

The SEC reportedly won't appeal its loss in the Grayscale Bitcoin Trust case, boosting the odds $GBTC can be converted into a more investor-friendly ETF. https://t.co/ho7DWDKKww",234,1125,42
2023-10-13 20:56:03,bitcoinlfgo,"BREAKING NEWS 🚨

3 HOURS LEFT  #BITCOIN ETF DECISION! LIKELY ON GRAYSCALE https://t.co/5Gj1veDwYg",195,1286,65
2023-10-13 19:17:44,bitcoinlfgo,"BREAKING NEWS 🚨
90% chance of approval for a spot #Bitcoin ETF by January 10th, 2024 : BLOOMBERG https://t.co/5LjxxvCxMl",403,2242,127
2023-10-13 19:09:22,bitcoinlfgo,"RT @bitcoinlfgo: BREAKING NEWS 🚨

FEW HOURS LEFT  #BITCOIN ETF DECISION! LIKELY https://t.co/q1Z2HCDgqy",196,0,0
2023-10-13 19:08:55,bitcoinlfgo,"BREAKING NEWS 🚨

FEW HOURS LEFT  #BITCOIN ETF DECISION! LIKELY https://t.co/q1Z2HCDgqy",196,1313,95
2023-10-13 18:46:11,bitcoinlfgo,"RT @bitcoinlfgo: BREAKING 🚨

4 HOURS TO GO  #BITCOIN ETF DECISION! https://t.co/HUVHPbOYFe",527,0,0
2023-10-13 18:45:33,bitcoinlfgo,"BREAKING 🚨

4 HOURS TO GO  #BITCOIN ETF DECISION! https://t.co/HUVHPbOYFe",527,3411,193
2023-10-13 18:43:05,bitcoinlfgo,"RT @bitcoinlfgo: BREAKING NEWS 🚨 
RUMOURS OF #BITCOIN SPOT ETF APPROVAL LIKELY. https://t.co/65kep5CVgo",347,0,0
2023-10-13 17:18:45,bitcoinlfgo,"BREAKING NEWS 🚨 
RUMOURS OF #BITCOIN SPOT ETF APPROVAL LIKELY. https://t.co/65kep5CVgo",347,2072,151
2023-10-13 16:55:35,bitcoinlfgo,BREAKING : Ark Invest Research Predicts $1.48 million bull case for #Bitcoin https://t.co/owL0O7XPOJ,206,1081,55
2023-10-13 13:54:25,bitcoinlfgo,RUMOURS : #BITCOIN SPOT ETF APPROVAL LIKELY https://t.co/1pyMTiLITB,285,2045,167
2023-10-13 13:46:25,bitcoinlfgo,LET'S PUMP #BITCOIN https://t.co/yJ1LCSpOeK,83,690,52
2023-10-13 13:10:09,bitcoinlfgo,"RT @bitcoinlfgo: Today could be a watershed moment for spot #Bitcoin ETF approval. 
If the US SEC does not appeal the Grayscale court decis…",178,0,0
2023-10-13 13:10:00,bitcoinlfgo,"JUST IN : 
Prince Philip of Serbia believes that #Bitcoin is a technology for the future! 🤯 https://t.co/g7TSYpnN4Y",103,704,38
2023-10-13 13:01:54,bitcoinlfgo,"Today could be a watershed moment for spot #Bitcoin ETF approval. 
If the US SEC does not appeal the Grayscale court decision, it would be a major step towards eventual approval! https://t.co/k3ZbZU1ZUT",178,1033,58
2023-10-13 11:01:46,bitcoinlfgo,"RT @bitcoinlfgo: MicroStrategy CEO Michael Saylor predicts that a spot #Bitcoin ETF could increase the price of #Bitcoin by 10x to 100x, br…",439,0,0
2023-10-13 09:31:40,bitcoinlfgo,"MicroStrategy CEO Michael Saylor predicts that a spot #Bitcoin ETF could increase the price of #Bitcoin by 10x to 100x, bringing its price to $270,000 to $2.7 million per coin!! https://t.co/uEbCOzWnEc",439,1718,107
2023-10-13 09:31:35,bitcoinlfgo,"RT @bitcoinlfgo: JUST IN : 
The President of Madeira will meet with Prince Philip of Serbia in Amsterdam today to discuss #Bitcoin!! https:…",117,0,0
2023-10-13 09:31:31,bitcoinlfgo,"RT @bitcoinlfgo: JUST IN :
The President of Madeira has announced the launch of a #Bitcoin business hub to promote local innovation!! https…",106,0,0
2023-10-13 09:28:50,bitcoinlfgo,"JUST IN 🤯
The President of Madeira has stated that the region is open to all things connected with #Bitcoin! https://t.co/Gah32kerao",88,599,33
2023-10-13 09:24:04,bitcoinlfgo,"JUST IN :
The President of Madeira has announced the launch of a #Bitcoin business hub to promote local innovation!! https://t.co/6xBpPi63L3",106,618,28
2023-10-13 09:22:50,bitcoinlfgo,"JUST IN : 
The President of Madeira will meet with Prince Philip of Serbia in Amsterdam today to discuss #Bitcoin!! https://t.co/uLMEykzZFV",117,614,26
2023-10-12 23:09:17,bitcoinlfgo,"RT @bitcoinlfgo: If the #bitcoin ETF is approved this week

I will give away 1 full bitcoin to someone who likes this tweet, retweets &amp; fol…",741,0,0
