Timestamp,Username,Tweet Content,Retweets,Likes,Replies
2023-12-15,bitcoinlfgo,"RT @bitcoinlfgo: BIG BREAKING 🚨

$1.5 TRILLION ASSET MANAGER TURNS EXTREME BULLISH ON #BITCOIN 

Crypto lead at $1.5 trillion Franklin Temp…",40,0,0
2023-12-15,bitcoinlfgo,"BIG BREAKING 🚨

$1.5 TRILLION ASSET MANAGER TURNS EXTREME BULLISH ON #BITCOIN 

Crypto lead at $1.5 trillion Franklin Templeton: #Bitcoin is ""going to become something that every treasury needs to hold."" 👏 https://t.co/96DPiVlKAG",40,143,18
2023-12-15,bitcoinlfgo,"BREAKING NEWS 🚨

Montenegro's Prime Minister has revealed he now holds #BITCOIN   👀🐂 https://t.co/IYMSTor5V9",23,181,24
2023-12-15,bitcoinlfgo,"BREAKING UPDATE 🚨

SEC Chair Gensler Expresses Openness to #Bitcoin ETFs, Currently Reviewing 8-12 Applications.👀🔥

BULLISH 🐂 https://t.co/WILdIDZPkq",114,571,40
2023-12-15,bitcoinlfgo,"BREAKING UPDATE 🚨

SEC Chair Gensler Expresses Openness to #Bitcoin ETFs, Currently Reviewing 8-12 Applications.👀🔥

Bullish 🐂 https://t.co/Yn8I2eLyvO",5,22,6
2023-12-15,bitcoinlfgo,"RT @bitcoinlfgo: GET READY FOR #BITCOIN ETF 

HIT LIKE FOR APPROVAL ❤️ https://t.co/2RWBwBIilF",165,0,0
2023-12-15,bitcoinlfgo,"GET READY FOR #BITCOIN ETF 

HIT LIKE FOR APPROVAL ❤️ https://t.co/2RWBwBIilF",165,1089,71
2023-12-15,bitcoinlfgo,"🚨Break into 2023 with No 1
#Bitcoin  Sportsbook &amp; Casino. With 200% deposit bonus.

🌟 Instant Withdrawals
🛡 NO KYC 
🏅 High Odds
🔗 EXCLUSIVE: Secure a 200% Bonus with 10x NOW         
➡️https://t.co/6TuY4aBdl0
or Use code "" LFG20 ""

#CryptoCasino #BigWins #SportsBetting… https://t.co/7TIXdsYaQ6 https://t.co/0CgLWVEilY",2,29,46
2023-12-15,bitcoinlfgo,"RT @bitcoinlfgo: BREAKING 🚨

Banking Giant JP Morgan triples its #Bitcoin &amp;  crypto team . https://t.co/ZdbqjStR15",420,0,0
2023-12-15,bitcoinlfgo,"BREAKING 🚨

Banking Giant JP Morgan triples its #Bitcoin &amp;  crypto team . https://t.co/ZdbqjStR15",420,1727,167
2023-12-15,bitcoinlfgo,"🚨Break into 2023 with No 1
#Bitcoin  Sportsbook &amp; Casino. With 200% deposit bonus.

🌟 Instant Withdrawals
🛡 NO KYC 
🏅 High Odds
🔗 EXCLUSIVE: Secure a 200% Bonus with 10x NOW         
➡️https://t.co/6TuY4aBdl0
or Use code "" LFG20 ""

#CryptoCasino #BigWins #SportsBetting… https://t.co/SuT6zlpH5Q https://t.co/8mrNSsiEKB",3,25,22
2023-12-15,bitcoinlfgo,"BREAKING PREDICTION 🚨

Bitwise Forecasts Approval Of Spot #Bitcoin ETFs And Anticipates #Bitcoin Surpassing $80,000, Marking A New All-time High In 2024! 🔥👀 https://t.co/59Yz0BwmR5",60,372,29
2023-12-15,bitcoinlfgo,"BREAKING PREDICTION 🚨

Bitwise Forecasts Approval Of Spot #Bitcoin Etfs And Anticipates #Bitcoin Surpassing $80,000, Marking A New All-time High In 2024! 🔥👀 https://t.co/9QquxxQUYS",0,3,4
2023-12-15,bitcoinlfgo,"BREAKING PREDICTION 🚨

BITWISE FORECASTS APPROVAL OF SPOT #BITCOIN ETFS AND ANTICIPATES #BITCOIN SURPASSING $80,000, MARKING A NEW ALL-TIME HIGH IN 2024! 🔥👀 https://t.co/OOJ1h3FpUk",2,7,6
2023-12-15,bitcoinlfgo,"RT @bitcoinlfgo: 🚨 #BITCOIN ETF COUNTDOWN 🚨

LESS THAN 24 DAYS LEFT FOR #BITCOIN  ETF APPROVAL. 👀

ARE YOU GUYS READY?? https://t.co/plTrEQ…",557,0,0
2023-12-14,bitcoinlfgo,"RT @bitcoinlfgo: BREAKING 🚨 NEWS 

SEC GARY GENSLER NEW LOOK ON #BITCOIN ETF BULLISH

🇺🇸 SEC Chair Gary Gensler on spot #Bitcoin ETFs: ""We…",375,0,0
2023-12-14,bitcoinlfgo,"BREAKING 🚨 NEWS 

SEC GARY GENSLER NEW LOOK ON #BITCOIN ETF BULLISH

🇺🇸 SEC Chair Gary Gensler on spot #Bitcoin ETFs: ""We had in the past denied a number of these applications, but the courts here in DC weighed in on that.""

""So we’re taking a new look at this based upon those… https://t.co/GjdfIbMUjt https://t.co/Z6gdx0lJyu",375,1529,79
2023-12-14,bitcoinlfgo,"Breaking news 🚨

 #Bitcoin to hit $1M due to change in  monetary policy of 🇺🇸 FED in 2024, per Arthur Hayes . https://t.co/Zff30yHpDz",329,1575,49
2023-12-14,bitcoinlfgo,"BREAKING 🚨 #BITCOIN 
DEPOSIT $10,000 GET $10,000 FREE 

No 1 Crypto Casino &amp; Sportsbook 
"" Stake "" has Partnered with us 📍

🌟 Instant Withdrawals
🛡 NO KYC 
🏅 High Odds
🔗 EXCLUSIVE: Secure a 200% Bonus
➡️https://t.co/4irT6ZQVog
or Use code "" BTC20 ""
#Casino #bonus https://t.co/cWaKcGFyTx",2,33,17
2023-12-14,bitcoinlfgo,"BREAKING 🚨

Bitwise Spot #Bitcoin  ETF has been listed on the Depository Trust &amp; Clearing Corporation (DTCC) website https://t.co/kxi7M2OCv8",196,1010,31
2023-12-14,bitcoinlfgo,"BREAKING 🚨 #BITCOIN 
DEPOSIT $10,000 GET $10,000 FREE 

No 1 Crypto Casino &amp; Sportsbook 
"" Stake "" has Partnered with us 📍

🌟 Instant Withdrawals
🛡 NO KYC 
🏅 High Odds
🔗 EXCLUSIVE: Secure a 200% Bonus
➡️https://t.co/4irT6ZRtdO
or Use code "" BTC20 ""
#Casino #bonus https://t.co/EHXAHYLLLe",1,35,11
2023-12-14,bitcoinlfgo,"RT @bitcoinlfgo: BREAKING NEWS 🚨

Ex-Credit Suisse executive launches #Bitcoin and crypto exchange for banks and securities firms https://t…",215,0,0
2023-12-14,bitcoinlfgo,"BREAKING NEWS 🚨

Ex-Credit Suisse executive launches #Bitcoin and crypto exchange for banks and securities firms https://t.co/6KrShA9QRo",215,943,32
2023-12-14,bitcoinlfgo,"RT @bitcoinlfgo: BIG BREAKING 🚨

#BITCOIN ETF APPROVAL 

Bitwise predicts spot #Bitcoin    ETFs will be approved and #BTC    will hit a new…",369,0,0
2023-12-14,bitcoinlfgo,"BIG BREAKING 🚨

#BITCOIN ETF APPROVAL 

Bitwise predicts spot #Bitcoin    ETFs will be approved and #BTC    will hit a new ATH above $80,000 in 2024 🚀 https://t.co/W7WjqM1FMN",369,1820,74
2023-12-14,bitcoinlfgo,"RT @bitcoinlfgo: BIG BREAKING 🚨

BITWISE'S SPOT #BITCOIN ETF HAS BEEN LISTED ON THE DTCC UNDER THE TICKER $BITB. 

Bullish 🐂🔥 https://t.co/…",346,0,0
2023-12-14,bitcoinlfgo,"RT @bitcoinlfgo: 🚨 #BITCOIN ETF COUNTDOWN 🚨

LESS THAN 22 DAYS LEFT FOR #BITCOIN ETF APPROVAL. 👀🔥

ARE YOU GUYS READY?? https://t.co/Ecm4z1…",259,0,0
2023-12-14,bitcoinlfgo,"🚨Break into 2023 with No 1
#Bitcoin  Sportsbook &amp; Casino. With 200% deposit bonus.

🌟 Instant Withdrawals
🛡 NO KYC 
🏅 High Odds
🔗 EXCLUSIVE: Secure a 200% Bonus with 10x NOW         
➡️https://t.co/6TuY4aBdl0
or Use code "" LFG20 ""

#CryptoCasino #BigWins #SportsBetting… https://t.co/MU7VvfXjw0 https://t.co/Vu996sbwlb",2,21,13
2023-12-14,bitcoinlfgo,"RT @bitcoinlfgo: BREAKING 🚨 #BITCOIN ETF

The 🇺🇸 SEC implements a “Cash Redemption Model”, allowing authorized applicants of the #Bitcoin S…",263,0,0
2023-12-14,bitcoinlfgo,"BREAKING 🚨 #BITCOIN ETF

The 🇺🇸 SEC implements a “Cash Redemption Model”, allowing authorized applicants of the #Bitcoin Spot ETF to deposit funds into the ETF equal to the NAV of the new Creation Units. 
The fund will then purchase the corresponding amount of #Bitcoin… https://t.co/cntMsLnv4V https://t.co/vnWgZYfORV",263,1204,68
2023-12-14,bitcoinlfgo,"CATCH LATEST #BITCOIN ETF NEWS &amp; UPDATES 🚨

SUBSCRIBE OUR TELEGRAM FREE 

https://t.co/ncvbHrPPK2",7,65,23
2023-12-14,bitcoinlfgo,"🚨 #BITCOIN ETF COUNTDOWN 🚨

LESS THAN 22 DAYS LEFT FOR #BITCOIN ETF APPROVAL. 👀🔥

ARE YOU GUYS READY?? https://t.co/Ecm4z1JJqI",259,1294,83
2023-12-14,bitcoinlfgo,"RT @bitcoinlfgo: BREAKING NEWS 🚨

SEC ETF UPDATE 🚨

Valkyrie filed it’s fourth amendment to it’s spot #Bitcoin    ETF with the SEC 👀

Catch…",146,0,0
2023-12-14,bitcoinlfgo,"BREAKING NEWS 🚨

SEC ETF UPDATE 🚨

Valkyrie filed it’s fourth amendment to it’s spot #Bitcoin    ETF with the SEC 👀

Catch latest news here 👇 https://t.co/ncvbHrPPK2 https://t.co/zNxc0WYXZJ",146,783,64
2023-12-14,bitcoinlfgo,"RT @bitcoinlfgo: GET READY FOR #BITCOIN ETF 

HIT LIKE FOR APPROVAL ❤️ https://t.co/0YAup7Ygo1",425,0,0
2023-12-14,bitcoinlfgo,"GET READY FOR #BITCOIN ETF 

HIT LIKE FOR APPROVAL ❤️ https://t.co/0YAup7Ygo1",425,2800,144
2023-12-14,bitcoinlfgo,"#BITCOIN ON A BULL RUN DON'T MISS ANY UPDATE BE AHEAD OF MARKET. 

JOIN TELEGRAM
https://t.co/ncvbHrPPK2",9,131,29
2023-12-14,bitcoinlfgo,"BLACKROCK HAS SIGNIFICANTLY REVISED THE STRUCTURE OF ITS PROPOSED SPOT #BITCOIN  ETF.

It allows Wall Street banks to indirectly own #Bitcoin through cash-based share creation, potentially boosting market liquidity and price. https://t.co/6rR9O3nVqJ",538,2350,129
2023-12-14,bitcoinlfgo,"🚨Break into 2023 with No 1
#Bitcoin  Sportsbook &amp; Casino. With 200% deposit bonus.

🌟 Instant Withdrawals
🛡 NO KYC 
🏅 High Odds
🔗 EXCLUSIVE: Secure a 200% Bonus with 10x NOW         
➡️https://t.co/6TuY4aBdl0
or Use code "" LFG20 ""

#CryptoCasino #BigWins #SportsBetting… https://t.co/tjuUtPcDcY https://t.co/q6vJB4zkFk",2,19,20
2023-12-14,bitcoinlfgo,"BREAKING 🚨

Invesco And Galaxy Filed Their Third Amendment To Their Spot #Bitcoin ETF Application With The Sec. 👀🐂 https://t.co/88jtF8M8hK",248,1233,42
2023-12-14,bitcoinlfgo,"BIG BREAKING🚨

Invesco And Galaxy Have Filed Their Third Amendment To Their Spot #Bitcoin ETF Application With The Sec. 👀🐂 https://t.co/3lkuY0TIn3",19,123,14
2023-12-14,bitcoinlfgo,"BIG BREAKING 🚨

BITWISE'S SPOT #BITCOIN ETF HAS BEEN LISTED ON THE DTCC UNDER THE TICKER $BITB. 

Bullish 🐂🔥 https://t.co/S5iUbfuYIz",346,1597,58
2023-12-14,bitcoinlfgo,"BIG BREAKING 🚨

BITWISE'S SPOT #BITCOIN ETF HAS BEEN LISTED ON THE DEPOSITORY TRUST &amp; CLEARING CORPORATION (DTCC) UNDER THE TICKER $BITB. 👀🔥 https://t.co/K0mWbFyiet",13,62,13
2023-12-13,bitcoinlfgo,"BREAKING 🚨 #BITCOIN 
DEPOSIT $10,000 GET $10,000 FREE 

No 1 Crypto Casino &amp; Sportsbook 
"" Stake "" has Partnered with us 📍

🌟 Instant Withdrawals
🛡 NO KYC 
🏅 High Odds
🔗 EXCLUSIVE: Secure a 200% Bonus
➡️https://t.co/4irT6ZQVog
or Use code "" BTC20 ""
#Casino #bonus https://t.co/DDbWdnLhlM",5,21,17
2023-12-13,bitcoinlfgo,RT @bitcoinlfgo: Franklin Templeton meet with the 🇺🇸 SEC to discuss its #Bitcoin ETF application .,119,0,0
2023-12-13,bitcoinlfgo,Franklin Templeton meet with the 🇺🇸 SEC to discuss its #Bitcoin ETF application .,119,595,28
2023-12-13,bitcoinlfgo,"BREAKING 🚨 #BITCOIN 
DEPOSIT $10,000 GET $10,000 FREE 

No 1 Crypto Casino &amp; Sportsbook 
"" Stake "" has Partnered with us 📍

🌟 Instant Withdrawals
🛡 NO KYC 
🏅 High Odds
🔗 EXCLUSIVE: Secure a 200% Bonus
➡️https://t.co/4irT6ZQVog
or Use code "" BTC20 ""
#Casino #bonus https://t.co/oPHUAuekZz",7,17,14
2023-12-13,bitcoinlfgo,"BREAKING 🚨 #BITCOIN 
DEPOSIT $10,000 GET $10,000 FREE 

No 1 Crypto Casino &amp; Sportsbook 
"" Stake "" has Partnered with us 📍

🌟 Instant Withdrawals
🛡 NO KYC 
🏅 High Odds
🔗 EXCLUSIVE: Secure a 200% Bonus
➡️https://t.co/4irT6ZRtdO
or Use code "" BTC20 ""
#Casino #bonus https://t.co/yVmsAry1q3",10,32,18
2023-12-13,bitcoinlfgo,"BREAKING 🚨 #BITCOIN 

NEW FASB RULES FORMER PAYPAL PRESIDENT BULLISH 

Former PayPal President says new fair value accounting for #Bitcoin is ""actually a big deal.""

""This removes a large obstacle standing in the way of corporations holding #Bitcoin on their balance sheet https://t.co/KLlFM3p5nT",177,849,53
2023-12-13,bitcoinlfgo,"JUST IN 🚨

#BITCOIN IS BACK ABOVE $42,000. 👀 https://t.co/VDk6jWsyZP",382,2116,109
2023-12-13,bitcoinlfgo,"RT @bitcoinlfgo: BREAKING NEWS 🚨

MICHEAL SAYLOR SAID NEW FASB RULES WILL MAKE adoption of #BITCOIN as a treasury reserve asset by corporat…",550,0,0
2023-12-13,bitcoinlfgo,"BREAKING NEWS 🚨

MICHEAL SAYLOR SAID NEW FASB RULES WILL MAKE adoption of #BITCOIN as a treasury reserve asset by corporations worldwide. https://t.co/NLIPRn27FM",550,2381,86
2023-12-13,bitcoinlfgo,"""I AM A FAN OF #BITCOIN  , JUST BITCOIN.""

Financial Giant Cantor Fitzgerald Ceo. 🐂🔥 https://t.co/WMeCYHQIbE",249,1311,59
2023-12-13,bitcoinlfgo,"NEW : 

""I AM A FAN OF #BITCOIN  , JUST BITCOIN.""

Financial Giant Cantor Fitzgerald Ceo. 🐂🔥 https://t.co/hjK6oBhd7m",3,17,11
2023-12-13,bitcoinlfgo,"BREAKING 🚨

CIRCLE CEO #BIG BITCOIN TALK !

 ""Digital commodities are here to stay, and #Bitcoin is the largest one,"" says Circle CEO Jeremy Allaire https://t.co/2QSBbOVVpm",197,894,61
2023-12-13,bitcoinlfgo,"BREAKING 🚨

Financial giant Cantor Fitzgerald CEO: ""I am a fan of #Bitcoin, just Bitcoin."" https://t.co/t3GOqDyd2E",135,857,86
2023-12-13,bitcoinlfgo,Grayscale expands retail-facing advertising campaign for its spot #Bitcoin ETF with fresh 🇺🇸 SEC filing 👀 https://t.co/YjWR8xvN8v,222,1141,82
2023-12-13,bitcoinlfgo,"RT @bitcoinlfgo: BREAKING NEWS 🚨

IF #BITCOIN HITS $48,000 IN NEXT 48HOURS I WILL GIVEAWAY 1 $BTC TO LUCKY ONE WHO LIKES THIS POST &amp; SUBSCR…",110,0,0
2023-12-13,bitcoinlfgo,"BREAKING NEWS 🚨

IF #BITCOIN HITS $48,000 IN NEXT 48HOURS I WILL GIVEAWAY 1 $BTC TO LUCKY ONE WHO LIKES THIS POST &amp; SUBSCRIBE OUR TELEGRAM CHANNEL 👇

https://t.co/ncvbHrPPK2 👈 https://t.co/4SO29iAJdk",110,605,101
2023-12-13,bitcoinlfgo,"RT @bitcoinlfgo: 🚨 UPDATE 🚨
BlackRock revises spot #Bitcoin ETF to enable easier access for banks . https://t.co/h0j6PDCjqV",580,0,0
2023-12-13,bitcoinlfgo,"🚨 UPDATE 🚨
BlackRock revises spot #Bitcoin ETF to enable easier access for banks . https://t.co/h0j6PDCjqV",580,2828,128
2023-12-13,bitcoinlfgo,"🚨Break into 2023 with No 1
#Bitcoin  Sportsbook &amp; Casino. With 200% deposit bonus.

🌟 Instant Withdrawals
🛡 NO KYC 
🏅 High Odds
🔗 EXCLUSIVE: Secure a 200% Bonus with 10x NOW         
➡️https://t.co/6TuY4aBdl0
or Use code "" LFG20 ""

#CryptoCasino #BigWins #SportsBetting… https://t.co/v2Nf13s69N https://t.co/7TZvRpWMgH",7,42,24
2023-12-13,bitcoinlfgo,"🚨 #BITCOIN ETF COUNTDOWN 🚨

LESS THAN 24 DAYS LEFT FOR #BITCOIN  ETF APPROVAL. 👀

ARE YOU GUYS READY?? https://t.co/plTrEQXRGC",557,2505,153
2023-12-13,bitcoinlfgo,RT @bitcoinlfgo: BLACKROCK &amp; SEC IS WORKING TOGETHER TO GET #BITCOIN ETF APPROVED https://t.co/tFudu7IFub,365,0,0
2023-12-13,bitcoinlfgo,BLACKROCK &amp; SEC IS WORKING TOGETHER TO GET #BITCOIN ETF APPROVED https://t.co/tFudu7IFub,365,2009,120
2023-12-13,bitcoinlfgo,"🚨Break into 2023 with No 1
#Bitcoin  Sportsbook &amp; Casino. With 200% deposit bonus.

🌟 Instant Withdrawals
🛡 NO KYC 
🏅 High Odds
🔗 EXCLUSIVE: Secure a 200% Bonus with 10x NOW         
➡️https://t.co/6TuY4aBdl0
or Use code "" LFG20 ""

#CryptoCasino #BigWins #SportsBetting… https://t.co/skmgDHInU7 https://t.co/RF3rnxSjjD",3,17,11
2023-12-13,bitcoinlfgo,"🚨 BREAKING UPDATE 🚨

SEC ENGAGES IN DISCUSSIONS WITH BLACKROCK TO ADDRESS CONCERNS REGARDING ITS #BITCOIN SPOT ETF. 👀 https://t.co/tQPfjsBhRS",209,1171,49
2023-12-13,bitcoinlfgo,"🚨 BREAKING UPDATE 🚨

SEC ENGAGES IN DISCUSSIONS WITH BLACKROCK TO ADDRESS CONCERNS REGARDING ITS #BITCOIN SPOT ETF. 👀 https://t.co/55aJSp650D",17,136,21
2023-12-12,bitcoinlfgo,"BREAKING 🚨 #BITCOIN 
DEPOST $10,000 GET $10,000 FREE 

No 1 Crypto Casino &amp; Sportsbook 
"" Stake "" has Partnered with us 📍

🌟 Instant Withdrawals
🛡 NO KYC 
🏅 High Odds
🔗 EXCLUSIVE: Secure a 200% Bonus
➡️https://t.co/4irT6ZQVog
or Use code "" BTC20 ""
#Casino #bonus https://t.co/VDei3B36HZ",3,25,52
2023-12-12,bitcoinlfgo,RT @bitcoinlfgo: BlackRock's #bitcoin ETF now invites participation from Wall Street banks.🔥 https://t.co/UoTVNgo8By,447,0,0
2023-12-12,bitcoinlfgo,BlackRock's #bitcoin ETF now invites participation from Wall Street banks.🔥 https://t.co/UoTVNgo8By,447,2110,82
2023-12-12,bitcoinlfgo,"RT @bitcoinlfgo: BIG BREAKING 🚨

Grayscale has registered another retail-facing advertisement for its #Bitcoin Trust fund with the SEC",203,0,0
2023-12-12,bitcoinlfgo,"BIG BREAKING 🚨

Grayscale has registered another retail-facing advertisement for its #Bitcoin Trust fund with the SEC",203,1028,42
2023-12-12,bitcoinlfgo,"BREAKING 🚨 #BITCOIN 
DEPOST $10,000 GET $10,000 FREE 

No 1 Crypto Casino &amp; Sportsbook 
"" Stake "" has Partnered with us 📍

🌟 Instant Withdrawals
🛡 NO KYC 
🏅 High Odds
🔗 EXCLUSIVE: Secure a 200% Bonus
➡️https://t.co/4irT6ZRtdO
or Use code "" BTC20 ""
#Casino #bonus https://t.co/vJzpHpBI9j",4,33,13
2023-12-12,bitcoinlfgo,RT @bitcoinlfgo: BlackRock's #bitcoin ETF now invites participation from Wall Street banks.,184,0,0
2023-12-12,bitcoinlfgo,BlackRock's #bitcoin ETF now invites participation from Wall Street banks.,184,917,52
2023-12-12,bitcoinlfgo,"FRANKLIN TEMPLETON MEETS SEC 🚨

SEC HELD A MEETING WITH FRANKLIN TEMPLETON TO DISCUSS ITS SPOT #BITCOIN ETF. 👀 https://t.co/unWsRmPgyC",145,783,42
2023-12-12,bitcoinlfgo,"RT @bitcoinlfgo: BREAKING 🚨

#BITCOIN ETF APPROVAL LIKELY ?📍

 🇺🇸 SEC held a meeting with $1.5 trillion Franklin Templeton about its spot #…",363,0,0
2023-12-12,bitcoinlfgo,"BREAKING 🚨

#BITCOIN ETF APPROVAL LIKELY ?📍

 🇺🇸 SEC held a meeting with $1.5 trillion Franklin Templeton about its spot #Bitcoin ETF 👀 https://t.co/9tGRLqckuT",363,2021,85
2023-12-12,bitcoinlfgo,"RT @bitcoinlfgo: BREAKING NEWS 🚨

Michael Saylor thinks #Bitcoin will hit $350,000 in 2024. https://t.co/yDQw9d88ga",1079,0,0
2023-12-12,bitcoinlfgo,"BREAKING 🚨 #BITCOIN 
DEPOST $10,000 GET $10,000 FREE 

No 1 Crypto Casino &amp; Sportsbook 
"" Stake "" has Partnered with us 📍

🌟 Instant Withdrawals
🛡 NO KYC 
🏅 High Odds
🔗 EXCLUSIVE: Secure a 200% Bonus
➡️https://t.co/4irT6ZRtdO
or Use code "" BTC20 ""
#Casino #bonus https://t.co/PITIXM739W",7,32,16
2023-12-12,bitcoinlfgo,"BREAKING NEWS 🚨

Michael Saylor thinks #Bitcoin will hit $350,000 in 2024. https://t.co/yDQw9d88ga",1079,5788,297
2023-12-12,bitcoinlfgo,"RT @bitcoinlfgo: 🚨 #BITCOIN ETF COUNTDOWN 🚨

LESS THAN 25 DAYS LEFT FOR #BITCOIN ETF APPROVAL. 👀

ARE YOU GUYS READY?? https://t.co/LIQHucp…",428,0,0
2023-12-12,bitcoinlfgo,"RT @bitcoinlfgo: BREAKING 🚨

IF #BITCOIN HITS $48,000 IN NEXT 48HOURS I WILL GIVEAWAY 1 $BTC TO LUCKY ONE WHO LIKES THIS POST &amp; FOLLOWS ME…",805,0,0
2023-12-12,bitcoinlfgo,"BREAKING 🚨

IF #BITCOIN HITS $48,000 IN NEXT 48HOURS I WILL GIVEAWAY 1 $BTC TO LUCKY ONE WHO LIKES THIS POST &amp; FOLLOWS ME . https://t.co/j9nGyg0EOX",805,2171,223
2023-12-12,bitcoinlfgo,"🚨Break into 2023 with No 1
#Bitcoin  Sportsbook &amp; Casino. With 200% deposit bonus.

🌟 Instant Withdrawals
🛡 NO KYC 
🏅 High Odds
🔗 EXCLUSIVE: Secure a 200% Bonus with 10x NOW         
➡️https://t.co/6TuY4aBdl0
or Use code "" LFG20 ""

#CryptoCasino #BigWins #SportsBetting… https://t.co/Bx7hbWXEPW https://t.co/u5ZDaoLn1X",5,45,24
2023-12-12,bitcoinlfgo,"REMINDER 🚨

DON'T SELL YOUR #BITCOIN TO BLACK ROCK. 👀 https://t.co/NDt1qrXY2D",283,1669,112
2023-12-12,bitcoinlfgo,"🚨Break into 2023 with No 1
#Bitcoin  Sportsbook &amp; Casino. With 200% deposit bonus.

🌟 Instant Withdrawals
🛡 NO KYC 
🏅 High Odds
🔗 EXCLUSIVE: Secure a 200% Bonus with 10x NOW         
➡️https://t.co/6TuY4aBdl0
or Use code "" LFG20 ""

#CryptoCasino #BigWins #SportsBetting… https://t.co/9WTox6gz3j https://t.co/h2ugq5xgmG",5,37,40
2023-12-12,bitcoinlfgo,"JUST IN 🚨 

El Salvador Secures Regulatory Approval for Groundbreaking ""Volcano Bond,"" Launch Scheduled for Q1 2024.

#BITCOIN BONDS INCOMING 👀 https://t.co/QMzCQLFR24",162,818,53
2023-12-12,bitcoinlfgo,"🚨 #BITCOIN ETF COUNTDOWN 🚨

LESS THAN 25 DAYS LEFT FOR #BITCOIN ETF APPROVAL. 👀

ARE YOU GUYS READY?? https://t.co/LIQHucp1Ue",428,2099,100
2023-12-12,bitcoinlfgo,"BREAKING 🚨

HASHDEX HAS FILED AN AMENDED APPLICATION FOR ITS SPOT #BITCOIN ETF WITH THE SEC. 👀 https://t.co/WNmpfq2rI9",210,1274,69
2023-12-11,bitcoinlfgo,"RT @bitcoinlfgo: BREAKING NEWS 🚨

GOOGLE to allow ""#Bitcoin &amp; crypto trusts"" to advertise their products.  

is #Bitcoin ETF approval Likel…",407,0,0
2023-12-11,bitcoinlfgo,"BREAKING NEWS 🚨

GOOGLE to allow ""#Bitcoin &amp; crypto trusts"" to advertise their products.  

is #Bitcoin ETF approval Likely ? https://t.co/qlp9pgoL1t",407,1725,88
2023-12-11,bitcoinlfgo,"BREAKING 🚨 #BITCOIN 
DEPOSIT $10,000 GET $10,000 FREE 

No 1 Crypto Casino &amp; Sportsbook 
"" Stake "" has Partnered with us 📍

🌟 Instant Withdrawals
🛡 NO KYC 
🏅 High Odds
🔗 EXCLUSIVE: Secure a 200% Bonus
➡️https://t.co/4irT6ZRtdO
or Use code "" BTC20 ""
#Casino #bonus https://t.co/gEMJsufESq",4,34,20
2023-12-11,bitcoinlfgo,"BREAKING 🚨 #BITCOIN 
DEPOST $10,000 GET $10,000 FREE 

No 1 Crypto Casino &amp; Sportsbook 
"" Stake "" has Partnered with us 📍

🌟 Instant Withdrawals
🛡 NO KYC 
🏅 High Odds
🔗 EXCLUSIVE: Secure a 200% Bonus
➡️https://t.co/4irT6ZQVog
or Use code "" BTC20 ""
#Casino #bonus https://t.co/1xqcCKRaUV",8,42,17
2023-12-11,bitcoinlfgo,"BREAKING 🚨 #BITCOIN 
BULL RUN INDICATOR 🚨

$1BILLION USD  minted at Tether Treasury https://t.co/W1eTMrLvld",306,1496,72
2023-12-11,bitcoinlfgo,"RT @bitcoinlfgo: IF #BITCOIN HITS $48,000 IN NEXT 48HOURS I WILL GIVEAWAY 1 $BTC TO LUCKY ONE WHO LIKES THIS POST &amp; FOLLOWS ME .",225,0,0
2023-12-11,bitcoinlfgo,"IF #BITCOIN HITS $48,000 IN NEXT 48HOURS I WILL GIVEAWAY 1 $BTC TO LUCKY ONE WHO LIKES THIS POST &amp; FOLLOWS ME .",225,1299,138
2023-12-11,bitcoinlfgo,"JUST IN  🚨

GRAYSCALE REMAINS OPTIMISTIC ABOUT THE APPROVAL OF #BITCOIN  ETF IN THE FIRST QUARTER OF 2024. 👀🔥 https://t.co/L2uUfH7zwh",224,1241,92
2023-12-11,bitcoinlfgo,"RT @bitcoinlfgo: REMINDER 🚨

DON'T SELL YOUR #BITCOIN TO BLACK ROCK. 👀 https://t.co/tNE3BOWzxW",388,0,0
