Timestamp,Username,Tweet Content,Retweets,Likes,Replies
2023-12-05,Bitcoin,"#Bitcoin is a vibrant collage of innovation, merging blockchain technology, decentralized finance, and digital currency to redefine the future of finance. https://t.co/LbzUIsSBHP",59,325,79
2023-12-05,Bitcoin,https://t.co/9jC0BW8cYk,256,1241,145
2023-12-05,Bitcoin,"£33,538.70

#Bitcoin  #BTC  $BTC $GBP",85,542,125
2023-12-05,Bitcoin,"#Bitcoin ignites a transformative fire, blazing a trail toward a new future. https://t.co/lxlhTp81AQ",387,1464,195
2023-12-05,Bitcoin,Hyper Speed Engaged! #Bitcoin https://t.co/hSScbIXt0d,719,2849,267
2023-12-04,Bitcoin,"#Bitcoin is widely admired for its decentralized nature, limited supply, and revolutionary potential. https://t.co/PhsiGJgHGQ",478,1921,210
2023-12-04,Bitcoin,#Bitcoin knowledge: Pass it on! https://t.co/jlqFkwXfd5,730,2864,334
2023-12-04,Bitcoin,"That's a keeper! When you find one, #HODL. https://t.co/NE1rAw2Kci",791,3592,357
2023-12-03,Bitcoin,"£31,121.92

#Bitcoin  #BTC  $BTC $GBP",642,886,128
2023-12-03,Bitcoin,"#Bitcoin blends financial innovation with a sense of indulgence, offering enthusiasts a tantalizing taste of a decentralized future. https://t.co/i8B2G8wQVf",466,1720,211
2023-12-03,Bitcoin,"£31,098.67

#Bitcoin  #BTC  $BTC $GBP",167,851,154
2023-12-03,Bitcoin,"#Bitcoin serves as a global connector, transcending borders and fostering financial inclusivity by providing a decentralized, borderless currency that links people and businesses across the world. https://t.co/cE5vqW3r7A",670,2130,264
2023-12-03,Bitcoin,"December 03, 2023 @ 03:30 AM (UTC)
Current Price of Bitcoin

(BTC-USD):        $39,364.80
(BTC-EUR):        €36,158.54",230,921,182
2023-12-03,Bitcoin,"Not your keys, not your coins. #Bitcoin https://t.co/cKKulmWKsm",855,3320,328
2023-12-02,Bitcoin,"$39,424.60

#Bitcoin  #BTC  $BTC $USD",386,1868,227
2023-12-02,Bitcoin,"Watch in total calm, a silent witness to the world. In stillness, wisdom grows. #Bitcoin 🦉👀 https://t.co/WvNYnzkJGG",623,2378,258
2023-12-02,Bitcoin,2024 is shaping up to be a crazy year for #Bitcoin. Don't lose your marbles and #HODL! https://t.co/CsHjaxLEEb,842,2849,364
2023-12-02,Bitcoin,"£30,509.49

#Bitcoin  #BTC  $BTC $GBP",148,776,169
2023-12-02,Bitcoin,#Bitcoin is the missing piece of the puzzle that introduces decentralization and digital scarcity. https://t.co/oLBofxAL8N,839,2676,355
2023-12-01,Bitcoin,"December 01, 2023 @ 08:39 PM (UTC)
Current Price of Bitcoin

(BTC-USD):        $38,831.40
(BTC-EUR):        €35,694.41",164,654,131
2023-12-01,Bitcoin,The #Bitcoin bull is watching over us now and here to stay awhile.Kicking off a season of growth and opportunities. https://t.co/vnNLCllFqw,533,1863,257
2023-12-01,Bitcoin,"€35,264.51

#Bitcoin  #BTC  $BTC  $EUR",149,734,147
2023-12-01,Bitcoin,"They say that you can't buy happiness, but you can certainly buy #Bitcoin. https://t.co/45JQ2G1dEh",821,2800,356
2023-12-01,Bitcoin,#Bitcoin as a secure and decentralized form of finance is just the tip of the iceberg. https://t.co/XuN9PaTpiG,827,2552,353
2023-11-30,Bitcoin,"€34,654.69

#Bitcoin  #BTC  $BTC  $EUR",159,640,123
2023-11-30,Bitcoin,"This girl is on fire, and intelligence is her flame! #Bitcoin 🔥💰🔥 https://t.co/hbC4Si6Xir",867,2173,327
2023-11-30,Bitcoin,"Here are some advertisers boycotting @Twitter:
@Disney, @CNBC, @comcast, @wbpictures, @Discovery, @Apple, @Sony, @Lionsgate, @paramountplus and @IBM.

How many #Bitcoin sats could you stack every month if you boycotted them? @elonmusk @lindayaX",97,349,93
2023-11-30,Bitcoin,An ocean of crypto emotions in a sea of digital wealth. #Bitcoin #BitcoinWhales 🐳🌊💰 https://t.co/XPhOYEOZCw,625,2167,304
2023-11-30,Bitcoin,"November 30, 2023 @ 03:07 AM (UTC)
Current Price of Bitcoin

(BTC-USD):        $37,870.50
(BTC-EUR):        €34,501.92",201,739,257
2023-11-30,Bitcoin,#Bitcoin vibes in a relaxed space. #BitcoinBliss https://t.co/31zws6hMdT,651,1976,280
2023-11-29,Bitcoin,"This holiday season, get them the latest in noise cancelling technology! #Bitcoin https://t.co/HuemIjCf0E",519,1515,230
2023-11-29,Bitcoin,"RT @BitcoinMagazine: JUST IN: Jack Dorsey funds $6.2 million initiative OCEAN to decentralize #Bitcoin mining globally with a transparent,…",1186,0,0
2023-11-29,Bitcoin,#Bitcoin is building its legacy with strong roots in the world of finance. A decentralized revolution grounded in strength and resilience. 💪🌲💰 https://t.co/8qOIj0yf5X,817,2539,333
2023-11-29,Bitcoin,"$37,962.50

#Bitcoin  #BTC  $BTC $USD",218,1078,229
2023-11-29,Bitcoin,"Merrily, merrily, merrily, merrily, life is but a dream. #Bitcoin https://t.co/NHyGWz3Zic",629,2080,284
2023-11-28,Bitcoin,"£29,850.85

#Bitcoin  #BTC  $BTC $GBP",149,650,138
