Timestamp,Username,Tweet Content,Retweets,Likes,Replies
2023-11-21,kucoincom,"🚀 #BitcoinOrdinals are making waves in the crypto market. Discover how Bitcoin NFTs are revolutionizing the Bitcoin blockchain, creating unique digital assets. From digital art to collectibles, explore the hottest trend in #crypto.

#BitcoinNFTs #BRC20 #ordinals",34,134,155
2023-11-21,kucoincom,"🚀 Which is the most exciting #crypto happening on today's #KuCoinMarketWatch? ⤵️

🟢 #Argentina elects #Bitcoin advocate Javier Milei as president

🟢 #Bullish acquires #Coindesk

🟢 $WLD swings with #OpenAI 's leadership changes

Swipe right for more news ➡️",23,124,56
2023-11-20,kucoincom,RT @KCLabsOfficial: Will there be a BRC20 Summer? We have seen the increasing popularity of BRC-20 among investors and communities. To unde…,118,0,0
2023-11-20,kucoincom,"🚀 Explore the latest #crypto happenings on #KuCoinMarketWatch ⤵️

🟢 #Bitcoin Ordinals protocol fee hits $100M

🟢 #SamAltman's return to #OpenAI leads to surge of AI tokens

🟢 #Solana ecosystem tokens reach new highs

Swipe right for more news ➡️",26,125,82
2023-11-19,kucoincom,"🚀 Discover how Layer-2 networks are revolutionizing transaction speed, scalability, and cost-effectiveness. Dive into the world of #Layer2 blockchains now!

#DeFi #Ethereum #Bitcoin #Arbitrum #Optimism #Polygon",38,218,115
2023-11-17,kucoincom,"🚀 #Bitcoin tops $37,000 and #Ethereum surpasses $2,000! But that's not all - altcoins are surging on #KuCoin.

💎 Discover the trending crypto gems driving the market's bullish mood. Don't miss out! 

#CryptoNews",35,185,90
