Timestamp,Username,Tweet Content,Retweets,Likes,Replies
2023-12-04,kucoincom,"#BRC20 tokens are a game-changer in #crypto, bringing fungibility to the #Bitcoin ecosystem.

Get your beginner's guide on how to buy BRC20 tokens and join the revolution! ⤵️ 

#BitcoinOrdinals #BitcoinNFTs #Crypto101 #Trading101",32,159,50
2023-12-04,kucoincom,"🚀 Get your #crypto news fix on #KuCoinMarketWatch ⤵️

🟢 #Bitcoin miner revenue hits $1.16B in November

🟢 Bankruptcy concept tokens $LUNC, $LUNA, $USTC and $FTT surge

🟢 $SHIB weekly burn rate skyrockets

Swipe right for more news ➡️",15,118,34
2023-12-04,kucoincom,"🔥 #Bitcoin is back above $40,000 on #KuCoin 🚀🚀🚀

What will happen next?",64,435,111
2023-12-01,kucoincom,A #Cybertruck or a #bitcoin?,52,372,301
2023-11-30,kucoincom,"🎄✨Is the crypto market ready for a festive surge?
 
Explore our guide for Bitcoin's Santa Claus Rally, covering KuCoin trading strategies and investment protection. Get expert tips for a smooth crypto holiday season!
 
#Bitcoin #SantaRally #CryptoTrading #KuCoin",20,102,47
2023-11-29,kucoincom,"Unlock the power of faster, cheaper, and more scalable #Bitcoin transactions with the Lightning Network! ⚡️ 

Get to know its workings, inception, and importance in the evolving Bitcoin ecosystem. 💡

#Bitcoin #LightningNetwork #crypto $BTC #Layer2",23,134,49
