Timestamp,Username,Tweet Content,Retweets,Likes,Replies
2023-12-05,maxkeiser,"RT @BitcoinMagazine: JUST IN: 🇸🇻 El Salvador President confirms ""we have no intention of selling"" their #Bitcoin 👏 https://t.co/XfFcCEwtrv",1108,0,0
2023-12-05,maxkeiser,"$220,000 in play 

#Bitcoin https://t.co/2Lpsk6tqyk",48,470,37
2023-12-05,maxkeiser,RT @BitcoinNewsCom: According to @maxkeiser and @adam3us this ChatGPT #Bitcoin price prediction from March 2023 might not be entirely impla…,35,0,0
2023-12-05,maxkeiser,RT @BTC_Archive: NEW: For the first time in history we have an asset that's more scarce than gold - CNBC discussing #Bitcoin https://t.co/C…,301,0,0
2023-12-05,maxkeiser,"RT @nayibbukele: Land of the free 🇸🇻

#Bitcoin",3959,0,0
2023-12-05,maxkeiser,.@PeterSchiff checking Gold price tanking &amp; #Bitcoin skyrocketing. https://t.co/peARgxGOLv,166,1908,134
2023-12-05,maxkeiser,"Your grandfather would have understood #Bitcoin and would have gladly died for the freedoms it ensures. 

His grandson is a spoiled brat with zero sense. https://t.co/v1EBTEXWyL",13,108,15
2023-12-05,maxkeiser,"RT @Umbisam: On Monday, Keiser shared several tweets to state that he believes that his long-term #Bitcoin price forecast of $220,000 “migh…",7,0,0
2023-12-05,maxkeiser,RT @BTC_Archive: NEW: #Bitcoin is on the way to 8 green weekly candles in a row for the first time since 2017. https://t.co/jeB1wcnJDv,326,0,0
2023-12-05,maxkeiser,"In 2020 I made this call,

https://t.co/O0blpXTHql https://t.co/88pRAVi9L9 https://t.co/A9yDTqNGPe",22,122,20
2023-12-05,maxkeiser,"In 2020 I made this call,

https://t.co/O0blpXTHql https://t.co/A9yDTqNGPe",0,1,3
2023-12-05,maxkeiser,RT @nikcantmine: Nayib Bukele to all the “economists” and mainstream media today after El Salvador’s Bitcoin bet turned profitable 🇸🇻 https…,178,0,0
2023-12-04,maxkeiser,"RT @CryptoNewsYes: 💥“Qatar Will Spark $100K #Bitcoin God Candle”-@MaxKeiser🇶🇦

💥El Salvador’s #BTC portfolio swings to profit!🇸🇻

💥Brazil’s…",23,0,0
2023-12-04,maxkeiser,"I’m up 20,000,000% since 2011 with my #Bitcoin https://t.co/nfj4AMSgmR",154,1862,163
2023-12-04,maxkeiser,RT @Mohamedsou30727: “Qatar Will Spark $100K Bitcoin God Candle” - Max Keiser https://t.co/xepGfhPiNK via @YouTube,6,0,0
2023-12-04,maxkeiser,#Bitcoin is mathematically guaranteed to increase in purchasing power vs everything - Forever. https://t.co/DqOgv5ao2s,52,435,22
2023-12-04,maxkeiser,"@SAMURAISAM0 #Bitcoin will demonitize all fiat, gold, shitcoins, etc. 

#Bitcoin is utterly ruthless in this regard, and it’s true that . . . 

“All your models are broken” 

The Second Coming Is Upon Us! https://t.co/SuRxVN7OiE",2,12,4
2023-12-04,maxkeiser,"RT @maxkeiser: Cost of living in #ElSalvador got cut in 1/2 this past year. 

#Bitcoin  is legal tender. 

#Hyperbitcoinization 

🇸🇻 Debt F…",84,0,0
2023-12-04,maxkeiser,"A tweet of mine from 2014. 
A prescient call. 
At the time, I was encouraging the Palestinian central bank to start stacking #Bitcoin and making it legal to emancipate themselves from the occupation. 
#Bitcoin fixes this. 

“Should Palestine switch from the shekel to Bitcoin?”… https://t.co/BvKByKrq0U https://t.co/6mjvdphgW3",15,173,29
2023-12-04,maxkeiser,"RT @Martez305: July 21, 2022
Bought my first Bitcoin with Max and Stacy in El Salvador 🇸🇻 
Bitcoin Price: $23,000
Priceless!
⁦@maxkeiser⁩ ⁦…",31,0,0
2023-12-04,maxkeiser,"RT @coryklippsten: I'd bet El Salvador hits $150B GDP before any other Central American country.  That's a 5x for @nayibbukele and friends,…",56,0,0
2023-12-04,maxkeiser,"All shitcoins, fiat &amp; Gold will continue trending toward zero against #Bitcoin FOREVER https://t.co/sNeJCx3myc",79,647,64
2023-12-04,maxkeiser,#Bitcoin vs. Gold https://t.co/IjcuDq0bQG,13,130,12
2023-12-04,maxkeiser,"Cost of living in #ElSalvador got cut in 1/2 this past year. 

#Bitcoin  is legal tender. 

#Hyperbitcoinization 

🇸🇻 Debt Free by 2030 

I invite 10,000 to migrate here. 
PROMO CODE: FREEDOM 

Hop onboard the 🇸🇻 Freedom Ark 
👉 Starts tomorrow 9 AM EST https://t.co/vY4nAeJg6l",84,753,77
2023-12-04,maxkeiser,"RT @Volcano_Energy: Bitcoin is wrapping up 2023 on a high note, breaking through the $41K barrier. 🌋📈 #Bitcoin
---
Bitcoin está cerrando el…",7,0,0
2023-12-04,maxkeiser,"Also! 

#Bitcoin is demonetizing Gold. https://t.co/Leh0SSAR50",10,107,12
2023-12-04,maxkeiser,"Gold (&amp; Silver) do NOT trade in a free market. This has been reported on and documented extensively for years. 

#Bitcoin DOES trade in a free market. The differentiating points have also been reported on and documented extensively. 

See the difference https://t.co/vIRuDNl8hu",61,374,32
2023-12-04,maxkeiser,"#Bitcoin makes bad takes look considerably worse. 

It gives no quarter. 

If you publicly speak about #BTC in obvious, uninformed ways, it will shine a bright light on your incompetence &amp; ignorance for all to see. 

Look at @nntaleb - His reputation has been eviscerated by his… https://t.co/SkxXFEHXEA https://t.co/s7qOiuUvAH",90,813,50
2023-12-04,maxkeiser,"RT @stacyherbert: The opposition media in El Salvador wanted us to panic sell our bitcoin to their benefactors on Wall Street. 

The very s…",133,0,0
2023-12-04,maxkeiser,RT @stacyherbert: Never forget that El Salvador's opposition wanted President Bukele to sell our bitcoin to Wall Street so that we would st…,123,0,0
2023-12-04,maxkeiser,"RT @CryptoNewsYes: 🔥🔥🔥 ""This will send #Bitcoin 25x to $1 Million per coin""-@MaxKeiser🚀 https://t.co/igHZpZ4KPU",10,0,0
2023-12-04,maxkeiser,RT @johnbea43539617: @YourAlienMaste1 @Monky_Mind @maxkeiser So the guy that was yelling buy Bitcoin since 1 dollar is the person to avoid?…,1,0,0
2023-12-04,maxkeiser,"RT @Utoday_en: Elon Musk shocks community with #AI prediction for next 3 years, Max Keiser sees new record high incoming for $BTC, 77.77 bi…",5,0,0
2023-12-04,maxkeiser,RT @Utoday_en: .@nayibbukele #ElSalvador has 'no intention of selling' #Bitcoin as the profits from $BTC investments skyrocket. @maxkeiser…,20,0,0
2023-12-04,maxkeiser,"RT @nayibbukele: El Salvador's #Bitcoin investments are in the black!

After literally thousands of articles and hit pieces that ridiculed…",9247,0,0
2023-12-04,maxkeiser,"RT @BitcoinNewsCom: NEW: #Bitcoin leaps over Berkshire Hathaway to enter the 10 top largest market caps 🙌

 The #Bitcoin market cap is only…",76,0,0
2023-12-04,maxkeiser,"RT @ts_hodl: The #bitcoin bull market is underway.

People will offer you yield on your bitcoin.

This time, what will you say to them? htt…",182,0,0
2023-12-04,maxkeiser,"RT @TheBTCTherapist: Michael Saylor spent 3 years nonstop educating the world on Bitcoin and now he’s up nearly $2 billion in profit.

He’s…",575,0,0
2023-12-04,maxkeiser,RT @ultimahsv: #Nacionales | Reservas de El Salvador en #Bitcoin se encuentran en números positivos. https://t.co/6MW6aozWjn,8,0,0
2023-12-04,maxkeiser,Bitcoin Price Prediction to $220K by Max Keiser  https://t.co/yvlgtJ8PGU,21,185,22
2023-12-04,maxkeiser,"Bitcoin’s Meteoric Rise: BTC Roars Back Towards $42,000 As Max Keiser Foresees New All-Time High https://t.co/hmdCQvcb9U",11,102,12
2023-12-04,maxkeiser,RT @stacyherbert: Remember when Wall Street media tried to get President Bukele to panic sell El Salvador’s bitcoin to Wall Street banks fo…,237,0,0
2023-12-04,maxkeiser,"RT @coinsavvy1: #deprem #Crypto #altcoins 

""Breaking News: Rumors intensify as Qatar Sovereign Wealth Fund reportedly considers purchasing…",7,0,0
2023-12-04,maxkeiser,"RT @maxkeiser: .@PeterSchiff watching Gold dump this morning while #Bitcoin reaches $42,000 

I pitched him to buy #Bitcoin at $1 then agai…",211,0,0
2023-12-04,maxkeiser,"RT @CryptoMartyX: “You’re working for money somebody else prints for free…”           

""The God Candle, a $100,000 uptick in #Bitcoin is i…",17,0,0
2023-12-04,maxkeiser,"RT @maxkeiser: The $220,000 price target might seem aggressive, but there’s a real chance we see a God candle of $100,000 in one tick. 

#B…",388,0,0
2023-12-04,maxkeiser,RT @BitcoinNewsCom: JUST IN: Max Keiser reports of rumors that Qatar’s Sovereign Wealth Fund has entered the #Bitcoin market and could be i…,929,0,0
2023-12-04,maxkeiser,"RT @bitcoinofficesv: El Salvador’s bitcoin treasury is in profit: +$3.3M

And the bitcoin bull market is only just getting started. 

Time…",55,0,0
2023-12-04,maxkeiser,"RT @stacyherbert: President Bukele never wavered. He never panic sold. 

While all the FUD was being thrown at him, he kept stacking like a…",223,0,0
2023-12-04,maxkeiser,"RT @stacyherbert: Yes, El Salvador's bitcoin hodlings are in the green. 

But not only that: 

➡️Making bitcoin legal tender gave El Salvad…",211,0,0
2023-12-04,maxkeiser,"RT @hanlengoc93: Bitcoin (BTC) Price on Brink of $40,000 as Max Keiser Predicts New Record High
Bitcoin, the largest cryptocurrency by mark…",9,0,0
2023-12-04,maxkeiser,"RT @maxkeiser: The God Candle, a $100,000 uptick in #Bitcoin is in play. 

It will shift the global axis of wealth and power in 1 tick.",170,0,0
2023-12-04,maxkeiser,".@PeterSchiff watching Gold dump this morning while #Bitcoin reaches $42,000 

I pitched him to buy #Bitcoin at $1 then again at $10 &amp; $100 

I pitched @nntaleb to buy #BTC at $10 when we met in Paris in 2012 https://t.co/adDJeOdlCb",211,2000,117
2023-12-04,maxkeiser,"RT @TheBTCTherapist: Bitcoin just broke $41,000.

There is nothing stopping us. 

The hodlers will never sell.

We are diamond hands until…",127,0,0
2023-12-04,maxkeiser,"RT @KobeissiLetter: JUST IN: Bitcoin is now up ~$2,000 in 24 hours and above $41,000 for the first time since April 2022.

This puts Bitcoi…",278,0,0
2023-12-04,maxkeiser,"RT @podclipsapp: @maxkeiser @PeterSchiff ""Max Thinks Bitcoin Critic Peter Schiff Is the 'Worst Money Manager of the Past Decade'""

- Max Ke…",8,0,0
2023-12-04,maxkeiser,"RT @BinaryOverdose: Peter Schiff Says Bitcoin Will Hit $3,000 Before Gold Does

Bitcoin Price To Reach $40,000 Before Dow Jones Hits 40K, T…",12,0,0
2023-12-04,maxkeiser,"RT @elbrandonmartin: “I'm not interested in debating Peter Schiff on Bitcoin again. I feel that horse has been beaten to death 100 times, t…",26,0,0
2023-12-04,maxkeiser,"RT @maxkeiser: Instead of getting into #Bitcoin, @PeterSchiff “wasted his life away jerking around with some dodgy Puerto Rican bank that i…",14,0,0
2023-12-04,maxkeiser,"RT @maxkeiser: .@peterschiff gets a visit from the Puerto Rican bank regulator who shuts down his bank. 

Then checks Gold price. 

Then re…",80,0,0
2023-12-04,maxkeiser,RT @MaxKeiserUncut: Here’s How Bitcoin (BTC) Can Help Any 15-Year-Old Outperform Peter Schiff: Max Keiser https://t.co/h1JhjUTml9,13,0,0
2023-12-04,maxkeiser,RT @maxkeiser: Even @PeterSchiff’s breakfast hates him for not buying #Bitcoin at a $1 when Max Keiser told him to. https://t.co/7vGCy97NYn,58,0,0
2023-12-04,maxkeiser,"The $220,000 price target might seem aggressive, but there’s a real chance we see a God candle of $100,000 in one tick. 

#Bitcoin https://t.co/UmzKRS5vMb",388,3363,212
2023-12-04,maxkeiser,RT @gaborgurbacs: Bitcoin mcap &gt; Berkshire Hathaway mcap https://t.co/R2ytDmspix,30,0,0
2023-12-04,maxkeiser,RT @TheBTCTherapist: $100K #Bitcoin is a magnet 🧲 https://t.co/9iIJcp9wut,230,0,0
2023-12-04,maxkeiser,"#ElSalvador’s #Bitcoin position in the black. (All critics were wrong AGAIN) 

#ElSalvador will be debt free by 2030, I promise. 

&amp; starting this Tuesday - my promise to attract 10,000 to move here to #ElSalvador KICKS OFF!!! FOR REAL!!! 

PROMO CODE: FREEDOM https://t.co/wlI5AMdXcy",74,534,58
2023-12-04,maxkeiser,RT @gregzaj1: The price of Bitcoin is still insanely cheap.,35,0,0
2023-12-04,maxkeiser,RT @CryptoNewsYes: 🔥🔥🔥“#Bitcoin Is About to 425x - Here’s Why”-Michael Saylor 🚀 https://t.co/iKB4KxvCN1,67,0,0
2023-12-04,maxkeiser,RT @CryptoNewsYes: 💥💥💥 @MaxKeiser joins The Alex Jones Show to predict the latest #Bitcoin trends and warn of the suicide bankers that will…,231,0,0
2023-12-04,maxkeiser,"RT @henq: #Bitcoin  has no top cause' fiat has no bottom"" 
— Max Keiser",17,0,0
2023-12-04,maxkeiser,"Alex Jones’ rejected 10,000 #Bitcoin gift from me now worth over $400,000,000 https://t.co/ODZiLYXjSZ",233,2708,278
2023-12-04,maxkeiser,"I have 1 word for you $100,000 #Bitcoin God Candle fans . . . 

QATAR 🇶🇦 

The rumors are getting very loud on this.  

Their SWF rumored to looking to buy 1/2 trillion #BTC https://t.co/hm86KwtAj7",227,1001,111
2023-12-04,maxkeiser,"The God Candle, a $100,000 uptick in #Bitcoin is in play. 

It will shift the global axis of wealth and power in 1 tick. https://t.co/69Kxrp47Fa",170,1382,60
2023-12-04,maxkeiser,"RT @Kyle99072436: @maxkeiser @DanielaCambone @Frank_Giustra was @maxkeiser right or was he right? Hashrate at record highs, it's still earl…",1,0,0
2023-12-04,maxkeiser,#Bitcoin ‘ers should buy Israel and give it to Palestinians. https://t.co/4omPIrhmG8,49,343,66
2023-12-04,maxkeiser,"RT @tucriptotime: VER: Compilación de primeras noticias de Bitcoin entre 2011-2013
👀

En medio de numerosas pullas (""¡Vincúlelo al oro!""),…",2,0,0
2023-12-04,maxkeiser,"RT @thepowerfulHRV: Warren Buffett has called #Bitcoin ""rat poison squared"" and stated that ""it is an asset that creates nothing"".

Today,…",1123,0,0
2023-12-04,maxkeiser,"RT @thomas_fahrer: Why is #Bitcoin going higher?

Here's a clue: https://t.co/zbymicTlFR",838,0,0
2023-12-04,maxkeiser,RT @adam3us: digital gold #bitcoin will surely flip physical gold sooner or later; and probably this halving cycle. so within a year or two…,344,0,0
2023-12-03,maxkeiser,Gold is the poor man’s #Bitcoin https://t.co/seybLhQS6B,50,566,36
2023-12-03,maxkeiser,"Join Max &amp; Stacy’s #Bitcoin Maximalist Telegram group 

https://t.co/qxhe5CUQf3 https://t.co/66nUXDnl56",11,70,14
2023-12-03,maxkeiser,RT @ChrisKnight407: Me once #bitcoin hit $40k  https://t.co/PUxmNSczml,165,0,0
2023-12-03,maxkeiser,"RT @bitcoinmunger: While your favorite larpers were calling for $12k, I've been on the $40k train for months. #bitcoin https://t.co/jSWms56…",4,0,0
2023-12-03,maxkeiser,"RT @nikcantmine: $40,000 Bitcoin and the spot ETFs haven’t even been approved yet leading into a halving https://t.co/J6DA1P7AUX",81,0,0
2023-12-03,maxkeiser,"RT @CryptoNewsYes: 🔥🔥🔥 #Bitcoin just smashed $40k! 🥳 🍾  

$50k next - SEND IT LFG! 🚀😎 https://t.co/JVQd7J5OGI",55,0,0
2023-12-03,maxkeiser,"RT @Volcano_Energy: 🚀 Bitcoin arrives to solve the problems left by fiat currencies. #Bitcoin
---
🚀 Bitcoin llega para resolver los problem…",10,0,0
2023-12-03,maxkeiser,RT @lopp: This is a horrendous level of centralization within the proposed Bitcoin ETFs. It seems Fidelity @DigitalAssets is the only one d…,394,0,0
2023-12-03,maxkeiser,RT @bitchrist: The #Bitcoin block height is a ladder to God.  - @bitchrist https://t.co/AaiDNW5Dc1,21,0,0
2023-12-03,maxkeiser,RT @pete_rizzo_: ✨ Max Keiser celebrating the US dollar's 90% crash against #Bitcoin exactly 9 years ago https://t.co/bRm7hhi7Ts,177,0,0
2023-12-03,maxkeiser,"RT @bitcoinofficesv: “The introduction of Bitcoin by Bukele is probably one of the smartest socio-economic moves any country has ever made,…",23,0,0
2023-12-03,maxkeiser,"RT @BitcoinNewsCom: Petro-Bitcoin

Bitcoin’s power is from the bottom. A foundation empowering civilians. Empowering them to own capital re…",13,0,0
2023-12-03,maxkeiser,"RT @bitcoinofficesv: El Salvador is Bitcoin Silicon Valley. 

All bitcoin companies will soon need a presence in the country if they want t…",16,0,0
2023-12-03,maxkeiser,RT @elbrandonmartin: I make Bitcoin related memes for Max Keiser and Stacy Herbert as a gift for their guidance though the financial gauntl…,11,0,0
2023-12-03,maxkeiser,#Bitcoin up 150% since this interview with @DanielaCambone in Jan. 2023 https://t.co/mXJxKXQsuf,52,519,31
2023-12-03,maxkeiser,RT @CryptoNewsYes: 🔥🔥🔥 DIAMOND HANDS &amp; LASER EYES (ONE TAKE #BITCOIN RAP) Inspired by El Salvador making BTC Legal Tender - by @robbiep808x…,13,0,0
2023-12-03,maxkeiser,".@Bukelenomics 

Economic Freedom + Expand Public Spaces 

w/ #Bitcoin level transparency &amp; accountability 

🌋🧢 1,000 Get A Chance To Etch Their Names Into #ElSalvador’s History Starting Dec. 5 🔥🇸🇻 https://t.co/XR1sfDH7GH",4,24,7
2023-12-03,maxkeiser,"Nobody makes money trading shitcoins. Nobody. 

Just like nobody makes money spinning roulette wheels. 

To say, ‘I trade shitcoins to make money to buy #Bitcoin’ is a lie. 

It’s like saying, I spin roulette wheels and dump money into slot machines to pay my mortgage. 

Wake up https://t.co/kYMNFqofPc",44,279,47
2023-12-03,maxkeiser,"#Bitcoin is created an immutable history of immutable blocks since 1/3/2009 

Perfect Money. Perfect Recall. https://t.co/uRxIuS5Z2s",12,56,11
2023-12-03,maxkeiser,"RT @CryptoNewsYes: 💥💥💥 ""#Bitcoin is designed to be attacked. When the EU says, 'We need to attack the price of Bitcoin', that is music to b…",86,0,0
2023-12-03,maxkeiser,RT @MaxIsRightAgain: https://t.co/fyD6LjT1Iq,2,0,0
