Timestamp,Username,Tweet Content,Retweets,Likes,Replies
2023-10-24,kucoincom,"🚀 Catch up on the bullish happenings with #KuCoinMarketWatch ⤵️

🟢 Fear &amp; Greed Index reaches new high since Apr 2023

🟢 #Crypto market cap exceeds $1.2T, first time since Aug 2023

🟢 #BlackRock's spot #Bitcoin ETF $IBTC registered with #DTCC

Swipe right for more news ➡️",10,51,27
2023-10-23,kucoincom,"🚀 Explore the latest #crypto happenings on #KuCoinMarketWatch ⤵️

🟢 #Bitcoin dominance hits 2-year high at &gt;49%

🟢 Less than 0.5% of #Nigerians use CBDC, &gt;50% adopt $BTC

🟢 Gaming tokens $STARL, $RACA, $AGLD, $GODS make strong gains

Swipe right for more news ➡️",29,127,66
2023-10-20,kucoincom,"🚀 Excitement builds as markets expect the SEC to green-light Bitcoin spot ETFs! Bulls are charging back, nudging $BTC towards the $30,000 mark.

📈 Ready to ride the wave? Dive into our guide on Bitcoin ETFs - why they matter &amp; how to invest wisely. 

#BitcoinETF #CryptoTrading",43,197,78
2023-10-19,kucoincom,"Ready to buy your first bitcoin or other crypto today? 🚀Our new article breaks down how to make your first trade on the #KuCoin Spot Market.

Learn to identify market trends and start your journey with KuCoin today!  

🔒💰 #CryptoTrading #Trading101 #Crypto101",31,148,92
2023-10-19,kucoincom,"🚀 Don't miss today's #crypto highlights on #KuCoinMarketWatch ⤵️

🟢 #Tesla's Q3 report: No #Bitcoin activity

🟢 #Ethereum gas fees hit new low: 5 Gwei

🟢 Ethereum #Layer2 Scroll mainnet launch, sees 500% TVL surge

Swipe right for more news ➡️",27,140,92
2023-10-18,kucoincom,"🚀 Tune into #crypto trends on #KuCoinMarketWatch ⤵️

🟢 #Fidelity updates #Bitcoin ETF filing

🟢 #Grayscale's $GBTC premium narrows, secondary market soars over 170%

🟢 #Tron's TVL hits record high, exceeds $6.8 billion

Swipe right for more news ➡️",25,140,86
