Timestamp,Username,Tweet Content,Retweets,Likes,Replies
2023-10-23,krakenfx,@Must1f1h11 The Bitcoin community has always been building 💪,0,3,0
2023-10-23,krakenfx,@handokonpp Always bullish on Bitcoin 😎 🧡,1,2,0
2023-10-23,krakenfx,@PsPsCrypto Bitcoin brings the heat 😉 👌,0,3,1
2023-10-23,krakenfx,@NGCR_LTD Bitcoin on top 🧡,1,3,0
2023-10-23,krakenfx,We're so back? #Bitcoin,26,394,101
2023-10-20,krakenfx,@saylor Always bullish for #Bitcoin 🧡 💪,0,18,4
2023-10-19,krakenfx,@AltcoinDailyio Bitcoin rocks! 🧡 😉,0,11,6
2023-10-19,krakenfx,@WatcherGuru There's a way out of the system. *Cough Bitcoin,4,114,9
2023-10-19,krakenfx,"@pete_rizzo_ Bitcoin adoption, worldwide! 💪 🧡",2,7,1
2023-10-17,krakenfx,@BitcoinMagazine @jack Keep building. We love the Bitcoin community! 🧡,3,33,3
