Timestamp,Username,Tweet Content,Retweets,Likes,Replies
2023-11-07,Bitcoin,"£28,270.23

#Bitcoin  #BTC  $BTC $GBP",48,366,117
2023-11-07,Bitcoin,"#Bitcoin potential is revealed in the calm and mirrored reflection of a tranquil lake, offering glimpses of the future beyond the surface. Are you watching closely? https://t.co/LjD6tXUN1C",174,826,163
2023-11-06,Bitcoin,"€32,597.89

#Bitcoin  #BTC  $BTC  $EUR",85,563,129
2023-11-06,Bitcoin,"The BITmobile is cruising through the dark alleys of the crypto market, ready to bring justice to your portfolio. #Bitcoin 🦇💰🚗 https://t.co/6UpYfUb6XC",307,1370,180
2023-11-06,Bitcoin,"(BTC-Gold):     📀 17.7309 oz

#Bitcoin  #BTC  $BTC $GOLD",109,607,98
2023-11-06,Bitcoin,#Bitcoin is Shinning Bright in the World of Digital Finance. ☀💰 https://t.co/pQqx2fm4DS,708,3235,339
2023-11-06,Bitcoin,"$34,897.90

#Bitcoin  #BTC  $BTC $USD",157,1064,205
2023-11-06,Bitcoin,"#Bitcoin is the solitary light, illuminating the path to a cryptic forest of financial transformation. Light reveals the answer you seek, that which cannot be found in the shadow. Focus on the light. 👀🌲👀🌲 https://t.co/ib2qtIo0UR",449,1558,267
2023-11-05,Bitcoin,"$35,123.20

#Bitcoin  #BTC  $BTC $USD",281,1547,188
2023-11-05,Bitcoin,"#Bitcoin is a cascading waterfall, where its influence flows and grows, reshaping the world of money. https://t.co/UUfU8l5UVv",432,1853,208
2023-11-05,Bitcoin,"Digital Identity

The United Nations’ Agenda 2030

The World Health Organization’s Pandemic Treaty

Central Bank Digital Currency https://t.co/RKC0ye6zsF",235,1000,134
2023-11-05,Bitcoin,Digital Innovation and Decentralized Possibilities await those who dare explore. #Bitcoin https://t.co/tyF5FX9oI9,767,3043,390
2023-11-05,Bitcoin,"(BTC-Silver):     💿 1,492.95 oz

#Bitcoin  #BTC  $BTC $SILVER",127,630,137
2023-11-05,Bitcoin,"Building a financial future with #Bitcoin is akin to unraveling the hidden architecture of money, where the blockchain's intricate foundations lay the blueprint for a more decentralized and secure tomorrow. https://t.co/saVEFIWM6W",496,2524,273
2023-11-04,Bitcoin,"#Bitcoin whales, the ocean's silent giants of the crypto realm, making waves with their massive holdings and stealthy maneuvers in the digital sea of wealth. 🐳🌊💰 https://t.co/hFfhLc3lV0",521,2085,241
2023-11-04,Bitcoin,"(BTC-Gold):     📀 17.4224 oz

#Bitcoin  #BTC  $BTC $GOLD",155,779,143
2023-11-04,Bitcoin,#Bitcoin is a sweet slice of financial innovation that leaves us craving for a taste of a decentralized future. https://t.co/lKgGyIAvSs,855,3251,483
2023-11-04,Bitcoin,"£28,090.34

#Bitcoin  #BTC  $BTC $GBP",162,882,179
2023-11-04,Bitcoin,"#Bitcoin: When It Rains, It Pours... on the Hodler! https://t.co/9pxRnpuJK8",587,2427,307
2023-11-03,Bitcoin,Keep Calm and HODL. #Bitcoin https://t.co/WCTGCQaKqr,1132,5636,2378
2023-11-03,Bitcoin,"#Bitcoin may be cutting-edge technology, but its disruptive influence on traditional finance is nothing short of a retro revolution, reminiscent of a bygone era when money had a simpler and more decentralized essence. https://t.co/8K7mxkvrgd",423,1499,233
2023-11-03,Bitcoin,"(BTC-Gold):     📀 17.4672 oz

#Bitcoin  #BTC  $BTC $GOLD",126,714,140
2023-11-03,Bitcoin,Do your opinions change because your principles lack substance? @RonPaul can fix that. https://t.co/GqjdTvKlxv https://t.co/uVBZMcqGc5,59,293,75
2023-11-03,Bitcoin,What are the things a Trojan Horse 'smart grid' needs to do? Turn off #Bitcoin miners? @BitcoinMagazine @BrianEstes32 https://t.co/h3mtU7HkmH,96,462,87
2023-11-03,Bitcoin,"Success in the world of #Bitcoin requires a blend of time and patience, as it's an investment that appreciates not only in value but also in the wisdom of those who hold onto it. ⏳💰 https://t.co/6UbJ2cj8iF",594,2112,275
2023-11-02,Bitcoin,"#Bitcoin Reigns Supreme, The King of Cryptocurrency! 👑 https://t.co/BnyKcRYMDY",2364,4169,250
2023-11-02,Bitcoin,https://t.co/VyZQv0Egdk,515,2396,229
2023-11-02,Bitcoin,"(BTC-Silver):     💿 1,516.91 oz

#Bitcoin  #BTC  $BTC $SILVER",112,506,116
2023-11-02,Bitcoin,"When Fido's dreams turn into Bit-dreams, you know even man's best friend can't resist the allure of #Bitcoin! 🐶💭💰 https://t.co/BveK5gfVka",415,1383,286
2023-11-02,Bitcoin,Discover #Bitcoin https://t.co/tBkwEENuMe,726,2852,331
2023-11-01,Bitcoin,"November 01, 2023 @ 06:18 PM (UTC)
Current Price of Bitcoin

(BTC-USD):        $34,549.30
(BTC-EUR):        €32,822.87",186,730,119
2023-11-01,Bitcoin,#Bitcoin is at the center of it all. https://t.co/X0clGLwmud,1104,3604,464
2023-11-01,Bitcoin,"#Bitcoin is Slaying Financial Monsters and Stacking Sats, One Block at a Time! https://t.co/Oe917eOkgZ",810,2754,329
2023-11-01,Bitcoin,"November 01, 2023 @ 02:07 AM (UTC)
Current Price of Bitcoin

(BTC-USD):        $34,485.70
(BTC-EUR):        €32,630.02",218,917,158
2023-11-01,Bitcoin,#Bitcoin: Fueling a new era of digital currency with boundless energy. ⛽ ⚡ https://t.co/btaYCAIqrT,669,2286,291
2023-10-31,Bitcoin,"(BTC-Silver):     💿 1,499.19 oz

#Bitcoin  #BTC  $BTC $SILVER",123,416,71
2023-10-31,Bitcoin,May your Halloween be spooky and your #Bitcoin booming! 👻💰🕷 https://t.co/khqsLscivA,305,1271,163
2023-10-31,Bitcoin,"Plant the seeds of financial literacy early, and watch the children of the #blockchain grow into empowered architects of their own financial destiny. #Bitcoin 🌱 https://t.co/HxJIDViGxS",502,1771,236
2023-10-31,Bitcoin,"€32,316.40

#Bitcoin  #BTC  $BTC  $EUR",174,709,141
2023-10-31,Bitcoin,https://t.co/nh5hiGcN3E,2441,9607,438
2023-10-31,Bitcoin,"#Bitcoin: A seed of innovation, now blooming into a decentralized garden of financial possibility, nurturing the future of finance. https://t.co/83mVhj5qqS",465,1567,281
