Timestamp,Username,Tweet Content,Retweets,Likes,Replies
2023-10-31,maxkeiser,"RT @Volcano_Energy: Get ready for a new era of Bitcoin Mining with volcanic energy. Discover everything about Volcano Energy, a $1 billion…",32,0,0
2023-10-31,maxkeiser,#Bitcoin FTW https://t.co/0X6MjMKoOe,1,31,9
2023-10-31,maxkeiser,Geothermal #Bitcoin mining in #ElSalvador https://t.co/EoLubWFUOv,15,135,21
2023-10-31,maxkeiser,RT @bitcoinmunger: @maxkeiser Max at $200k bitcoin: https://t.co/OqpNHvsXRi,1,0,0
2023-10-31,maxkeiser,"RT @Utoday_en: #Bitcoin at $220,000 prediction remains valid, @maxkeiser says and he explains his optimism. $BTC https://t.co/pLWfSL7cGQ",4,0,0
2023-10-31,maxkeiser,"Looks exciting! 

#Bitcoin takes you places!! 

👇 https://t.co/fyUWPGhfJK",1,14,6
2023-10-31,maxkeiser,"RT @CraigShipp: My five questions would have been:
1) Where is the Bitcoin main office?
2) Who is the Bitcoin CEO?
3) Can any government st…",1,0,0
2023-10-31,maxkeiser,"RT @BitcoinNewsCom: JUST IN: As of September 30, 2023, Tether held over $1.6B worth of #Bitcoin 👀

With the recent price increase in Octobe…",18,0,0
2023-10-31,maxkeiser,"RT @BitcoinNewsCom: NEW: Alex Jones misses out on the opportunity to win 10,000 #Bitcoin from Max Keiser as he fails a basic #Bitcoin knowl…",8,0,0
2023-10-31,maxkeiser,RT @paoloardoino: Tether today releases its attestation for Q3 /2023.- cash &amp; cash equivalent portion of reserves is all time high at 85.7%…,64,0,0
2023-10-31,maxkeiser,"RT @BitPaine: Remember when we thought #bitcoin would demonetize gold &amp; real estate before government bonds? 

Hyperbitcoinization timeline…",25,0,0
2023-10-31,maxkeiser,"Alex was 0 for 5 on this 10,000 #BTC quiz: 

1. What is the total supply of #Bitcoin 

2. Name #BTC’s hashing algorithm 

3. How often does the difficulty adjustment adjust 

4. How often do new blocks appear 

5. Is Craig Wright Satoshi",35,530,170
2023-10-31,maxkeiser,"RT @TFTC21: Bitcoin, the sly roundabout way, was introduced to the world as an idea 15 years ago today.  

We’re going to win.

https://t.c…",69,0,0
2023-10-31,maxkeiser,"RT @bitstein: On October 31, 2008, the mysterious Satoshi Nakamoto appeared on the Cryptography mailing list to share his vision for “#Bitc…",273,0,0
2023-10-31,maxkeiser,RT @CryptoNewsYes: There are now nearly 40M #Bitcoin addresses in profit - A new record 🚀 https://t.co/sl2Pe6ayBT,11,0,0
2023-10-31,maxkeiser,"RT @stacyherbert: My heart skips with joy to see @cuboplus considered to be at the center of global bitcoin education 

El Salvador is winn…",14,0,0
2023-10-31,maxkeiser,Top Bitcoin Expert Max Keiser Says Shitcoins [ETH ADA XRP BNB] are ‘Undoubtedly’ Linked to Terrorism But Not Bitcoin - Coinpedia Fintech News https://t.co/85JoOvCgfV,1,24,10
2023-10-31,maxkeiser,"Max Keiser on #Bitcoin in 2013: 

“When BTC was 0.20 cents nobody believed it could trade to $200. At $200, nobody believes it can get to $20,000. A few will however...” https://t.co/PLGTlQM5re",52,404,32
2023-10-31,maxkeiser,RT @geekboyireland: @CryptoNewsYes @BDHODL @maxkeiser I was 5 for 5 here - just like thousands and thousands of other Bitcoin plebs 👊🏼,0,0,0
2023-10-31,maxkeiser,RT @CryptoNewsYes: 💥💥💥 @MaxKeiser joins The Alex Jones Show to predict the latest #Bitcoin trends and warn of the suicide bankers that will…,141,0,0
2023-10-31,maxkeiser,"RT @CryptoNewsYes: 🔥🔥🔥 @MaxKeiser gives Alex Jones a simple 5 question #Bitcoin quiz for 10,000 #BTC's ($350,000,000 USD) 🤯 https://t.co/3X…",57,0,0
2023-10-30,maxkeiser,"RT @BitcoinNewsCom: NEW: #Bitcoin just formed a 🟨✨ Golden cross, an event traditionally considered very bullish 🙌 https://t.co/UktZWGWsmS",210,0,0
2023-10-30,maxkeiser,"RT @BTC_Archive: #Bitcoin closed at the highest price in 78 weeks!  
Just getting started... https://t.co/mwTVqLTUap",306,0,0
2023-10-30,maxkeiser,"RT @TheBTCTherapist: If #Bitcoin is able to acquire 5% of total global assets it would be worth over $2M 🤯 

This model shows why Bitcoin i…",283,0,0
2023-10-30,maxkeiser,RT @BTC_Archive: JUST IN: #Bitcoin provides you with risk mitigation in a world where bonds and equities are both selling off - Mohamed El-…,501,0,0
2023-10-30,maxkeiser,"$220,000 in play. 

#Bitcoin https://t.co/VB0HOAUJ1C",176,1358,114
2023-10-30,maxkeiser,RT @Swan: #Bitcoin wages War against all other Wars https://t.co/zwyboZ5IWg,116,0,0
2023-10-30,maxkeiser,"I was on Alex Jones today. I asked him 5 #Bitcoin quiz questions. 

WATCH the video when its posted. https://t.co/Xg1U6FoxgK",76,603,54
2023-10-30,maxkeiser,"RT @CoinpediaNews: #Cryptocurrency expert @maxkeiser warns that certain cryptocurrencies, called ""#shitcoins,"" are linked to #terrorism, de…",2,0,0
2023-10-30,maxkeiser,"RT @BitcoinAsHope: @maxkeiser In future as now 

#Bitcoin is already proving to be top predator

Bitcoin represents a moral code of the sou…",6,0,0
2023-10-30,maxkeiser,"RT @CryptoNewsYes: 💥""@CynthiaMLummis has been corrupted. Not surprising. She’s never fully understood #Bitcoin &amp; now we know she’s a gun-fo…",11,0,0
2023-10-30,maxkeiser,"RT @CryptoNewsYes: 💥""The hash adjusted implied price for #Bitcoin is now in the mid $300,000’s""-@MaxKeiser🇸🇻

💥“Prepare for $10M #BTC Price…",9,0,0
2023-10-30,maxkeiser,"RT @CryptoNewsYes: 💥""#Bitcoin is compounding at 147%. Gold is compounding at 2.3%. See the difference?""-@MaxKeiser🇸🇻

💥""$15 Trillion Floodg…",14,0,0
2023-10-30,maxkeiser,That’s what they said about silver until gold demonetized it. Now #Bitcoin is demonetizing gold. https://t.co/zsT5tcM0Lv,27,355,39
2023-10-29,maxkeiser,"Because no alt Ponzi scam has ever maintained its relative market cap against #Bitcoin 

They all lose against #Bitcoin and you all end up paying higher prices for #Bitcoin 

Get it now, BTC fodder boy? https://t.co/VBg9mEQzGH",17,280,31
2023-10-29,maxkeiser,"#Bitcoin is the NEW, New Testament. 

Adjust your thinking accordingly. https://t.co/bp7rhFhlVQ",21,274,38
2023-10-29,maxkeiser,"RT @LawrenceLepard: Captain Ewave  Elliott Wave view of #Bitcoin.  Target for wave one $120,490.    Works for me. https://t.co/twuPJJO0WQ",108,0,0
2023-10-29,maxkeiser,"RT @BrCointelegraph: The Bitcoin-friendly country of El Salvador can become the “Singapore of the Americas,” says VanEck strategy adviser @…",23,0,0
2023-10-29,maxkeiser,"#Bitcoin $220,000 in play. 😎👍 https://t.co/rJhLhL4fmZ",69,718,76
2023-10-29,maxkeiser,"RT @alanbwt: What we are experiencing is not the fall of western civilization, but the rise of #Bitcoin civilization.",31,0,0
2023-10-29,maxkeiser,"RT @PupusasG: Berlin had its first meetup, I had the honor to talk about bitcoin and congratulate them for their efforts in the #bitcoin ci…",3,0,0
2023-10-29,maxkeiser,"RT @saifedean: You lent your money to sociopaths to buy elections, kill foreigners, and enrich banksters, that's how. If you get another li…",155,0,0
2023-10-29,maxkeiser,"The next 10 yrs will be worse for Gold as it gets demonetized by #Bitcoin 

But you be you! 

Let’s check back in 2033 https://t.co/gPwK4qjfKh",48,446,52
2023-10-29,maxkeiser,"RT @stacyherbert: Since forking to proof of stake a year ago, Ethereum is down more than 30% against bitcoin 

And Zug is still a giant sou…",20,0,0
2023-10-29,maxkeiser,RT @kroum_kroumov: @maxkeiser It amazes me how so many people still don't see that the purpose of bitcoin is decentralization. How is a cen…,8,0,0
2023-10-29,maxkeiser,"RT @lopp: Stop apologizing for Bitcoin's energy use.

Stop apologizing for evil people using bitcoin.

Stop apologizing for Bitcoin.

Bitco…",91,0,0
2023-10-29,maxkeiser,"#Bitcoin is compounding at 147% 

Gold is compounding at 2.3% 

See the difference? https://t.co/P9ookMrJRf",14,108,12
2023-10-29,maxkeiser,"Please look at this actually relevant data set: 

#Bitcoin is compounding at 147% 

Gold is compounding at 2.3% 

See the difference? https://t.co/DesC7mATFL https://t.co/4usQWhmOTm",129,952,65
2023-10-29,maxkeiser,"Study #Bitcoin 

Don’t go down with the ship. https://t.co/83BSEODcIh",8,140,23
2023-10-29,maxkeiser,"RT @BitcoinSapiens: ""#Bitcoin is best understood as a force of nature. Your opinion has no influence on the phenomenon whatsoever. The tide…",176,0,0
2023-10-29,maxkeiser,Shitcoin-apocalypse. All shitcoins crashing against #Bitcoin https://t.co/5rwl5eq48p,73,799,186
2023-10-29,maxkeiser,"2014, I quit my BBC show. 

#Bitcoin fixes this. https://t.co/MDuM96L2Ko",172,1138,44
2023-10-28,maxkeiser,"Nope. 

Everything goes to zero against #Bitcoin 

This is just another step on the path. https://t.co/CY8PN8P2Av",10,157,36
2023-10-28,maxkeiser,"Nope. 

.everything is going to zero against #Bitcoin 

This has all been foretold. https://t.co/PBo9SptSmp",5,120,25
2023-10-28,maxkeiser,"RT @0xalvishirthe: Bitcoin has been recognized as the future of money by Max Keiser, who predicted in 2014 that even the world's largest as…",5,0,0
2023-10-28,maxkeiser,"RT @FrielJohnfriel: @maxkeiser Max Keiser has been right since day one. Had the media acknowledged this, half you wouldn't be buying Bitcoi…",3,0,0
2023-10-28,maxkeiser,"People knowingly vote for these dreadful people and fully expect dreadful results, in exchange for more fiat money printed by the trillions to be given to them for free. 

#Bitcoin fixes this. https://t.co/YZF88o01bo",74,321,27
2023-10-28,maxkeiser,"#Bitcoin is demonetizing everything; fiat money, alt-coins like LTC and 20,000 others, Gold, Silver, bonds, property, fine art, Fabergé eggs . . . EVERYTHING! 

Everything goes to virtual zero against #Bitcoin https://t.co/fE8sufWV0f",74,713,121
2023-10-28,maxkeiser,"If you want to stop terrorism divest into #Bitcoin and become secure, free &amp; prosperous like #ElSalvador",39,326,34
2023-10-28,maxkeiser,"#Bitcoin $220,000 in play. 

God’s Perfect Money was sent here from the future to make bad people worse, and good people great. 

Big volatility ahead! 

Damn the tuxedoes!! FULL SPEED!! https://t.co/qQRYvFtQU3",74,599,57
2023-10-28,maxkeiser,"#Bitcoin $220,000 in play. 

God’s Perfect Money was sent here from the future to make people worse, and good people great. 

Big volatility ahead! 

Damn the tuxedoes!! FULL SPEED!! https://t.co/qQRYvFtQU3",0,12,6
2023-10-28,maxkeiser,RT @saylor: There is no second best. #Bitcoin https://t.co/f0NvBdZrdf,2363,0,0
2023-10-28,maxkeiser,"RT @virtualcoincap: ""$400k Per Bitcoin"" Max Keiser Quadruples His 2012 Btc Prediction
----
Read more: https://t.co/Nyp6eDxJSZ
----
#virtual…",1,0,0
2023-10-28,maxkeiser,Max Keiser knew in 2014 that the world's largest asset managers would need Bitcoin : r/Bitcoin https://t.co/X8BHoROmxh,42,233,28
2023-10-28,maxkeiser,"RT @Bitcoin_Xoe: BEWARE!

‘Crypto Rug Pull’ Leaves ‘Hundreds’ of Central African Republic Investors ‘Penniless’

There's a reason why #ElSa…",22,0,0
2023-10-28,maxkeiser,"RT @SimplyBitcoinTV: ⚡️| FinCen Attacks #Bitcoin and Lightning Bugs? 

""#Btc was designed to be attacked"" - @maxkeiser 

As the state attac…",25,0,0
2023-10-28,maxkeiser,Join our #Bitcoin Maximalist #ElSalvador group 🌋🇸🇻🧡👍 https://t.co/wO0UYJil0b https://t.co/tArPxzSjoj,6,71,15
2023-10-28,maxkeiser,RT @geekboyireland: 🔥⚡️ A t-shirt store for #Bitcoin maxis ⚡️🔥 https://t.co/GMFgk8jIqX,6,0,0
2023-10-28,maxkeiser,RT @Volcano_Energy: People are losing trust in the monetary system and becoming skeptical of currency value. Bitcoin has come to build trus…,5,0,0
2023-10-28,maxkeiser,"Say you don’t understand #Bitcoin without saying you don’t understand #Bitcoin 

Tim’s upset he didn’t buy any when we told him to in 2013 

So memes like this ease the pain. 

Fact is, BTC is 50x’ing + from here and you should still put everything you possibly can into it.… https://t.co/YRhRpWs5A1 https://t.co/IEo3BhV340",57,959,113
2023-10-28,maxkeiser,"God wants #Bitcoin to win the fight again AI for global energy use. 

God is backing #Bitcoin 

The hashrate will continue flying higher as God continues compelling us to HASH HARDER!!!! 

God knows that only #Bitcoin can fix the ME &amp; Eurasia shit show. 

The hash adjusted… https://t.co/z5bbvlaPQs https://t.co/vH0BpxCwdE",124,789,119
2023-10-28,maxkeiser,RT @BitcoinSapiens: So far every politician has fallen for crypto except @nayibbukele. His position has been as unbreakable as #Bitcoin its…,28,0,0
2023-10-28,maxkeiser,"Join our #Bitcoin telegram group. 
https://t.co/qxhe5CUQf3 https://t.co/r9xFTXMG6y https://t.co/O22HZeVdoF",3,34,12
2023-10-28,maxkeiser,"Shitcoins did this. 

#Bitcoin fixes this. https://t.co/PNGSr1Ny5J",19,154,41
2023-10-28,maxkeiser,"Everything NOT #Bitcoin in #ElSalvador is assumed to be part of various nefarious schemes associated with the criminal underworld and terrorist groups. 

Since making #Bitcoin legal tender and outlawing shitcoins our violent crime rate has dropped to near zero and no shitcoin… https://t.co/d0JgKK6zm0",54,445,62
2023-10-28,maxkeiser,"Yes. 

Shitcoins like ETH, XRP, BNB, ADA, &amp; 1,000’s of others are created by financial terrorists and are undoubtedly used to fund terrorism. 

Do your job and put all the people associated with these coins in prison; Brad, Charles, Brock, Vitalik, Cynthia, Et al.

#Bitcoin of… https://t.co/ga7OY9q8pQ https://t.co/UiZ4B3FnTQ",35,371,296
2023-10-28,maxkeiser,RT @stacyherbert: The bitcoin only coffee company @CheritoCafe from Bitcoin Country pays its growers 5x the commodity price &amp; is also shari…,62,0,0
2023-10-28,maxkeiser,"RT @LuganoPlanB: Lugano 🤝 El Salvador

From the panel “Building a Bitcoin Nation”  with @stacyherbert and @maxkeiser 🧡

https://t.co/6wERZ4…",8,0,0
2023-10-28,maxkeiser,"RT @CryptoNewsYes: ""Gold is for boomers and it's a bet on death &amp; destruction &amp; #Bitcoin is an escape hatch out their hate asylum.""-@MaxKei…",19,0,0
2023-10-28,maxkeiser,"RT @elbrandonmartin: “Unconfiscatable Bitcoin monetizes peace &amp; love.”
 
                        -Max Keiser🔥

#BTC $34,443 https://t.co/eZ…",12,0,0
2023-10-27,maxkeiser,RT @BitcoinMagazine: FUN FACT: Over 80 #Bitcoin companies have now set up their operations in El Salvador 🇸🇻 https://t.co/HxEZ41g4QS,1017,0,0
2023-10-27,maxkeiser,"Hahaha! 

Hey Texas #Bitcoin miners, better get your ass to #ElSalvador before the US government seizes your rigs. 

👇 https://t.co/Co9wfkCrNC",31,259,20
2023-10-27,maxkeiser,"RT @Volcano_Energy: 🎃 This Halloween, Volcano Energy is spookier than ever. Bitcoin will scare away all the fiat. 👻 #VolcanoEnergy #Bitcoin…",7,0,0
2023-10-27,maxkeiser,"RT @BITVOLT7: After this week's highly coordinated propaganda attack by Anti-Bitcoin forces, such as Elizabeth Warren, and her allies in th…",65,0,0
2023-10-27,maxkeiser,RT @Volcano_Energy: 🔒 Join Lava Pool in promoting Bitcoin network security. Hashrate decentralization enhances network security by making i…,4,0,0
2023-10-27,maxkeiser,Gold buyers are terrorists. #Bitcoin buyers are freedom fighters.,79,797,180
2023-10-27,maxkeiser,RT @BTC_Archive: NEW: #Bitcoin is $5K away from recovering the full price drop from the 2022 altcoin demolition. https://t.co/SRx3BUVYm2,402,0,0
2023-10-27,maxkeiser,RT @BTC_Archive: JUST IN: #Bitcoin is a “safe haven asset” that consistently outperforms gold - $676 Billion fund manager Alliance Bernstei…,334,0,0
2023-10-27,maxkeiser,"#Bitcoin fixes all genocidal maniacs on all sides. 

Also - Don’t cry or claim you never saw it coming when the next 9/11 hits. 

No country that’s made #Bitcoin legal tender has ever behaved like various craven assholes in many countries. 

Buy #Bitcoin 

Grow the fuck up,… https://t.co/enF4BbkAvO https://t.co/fUH6iPtlVf",42,362,35
2023-10-27,maxkeiser,"Hey #Bitcoin’ers in Charlotte, NC 

Max &amp; Stacy are looking for a venue for an event on Sunday, Nov. 26th in Charlotte. 

Any ideas? 

@Bitcoin_CLT https://t.co/7ObtvdIUKF",17,161,41
2023-10-27,maxkeiser,"Hey #Bitcoin’ers in Charlotte, NC 

Max &amp; Stacy are looking for a venue an event on Sunday, Nov. 26th in Charlotte. 

Any ideas? 

@Bitcoin_CLT https://t.co/Qro6RCMAKZ",0,1,2
2023-10-27,maxkeiser,RT @alanbwt: #Bitcoin is peace of mind. https://t.co/8w93Kxc9jK,55,0,0
2023-10-27,maxkeiser,RT @beincrypto_es: Una reciente publicación del maximalista Bitcoin 👨 🟠  @maxkeiser podría sugerir que él y @stacyherbert estarían a solo u…,5,0,0
2023-10-27,maxkeiser,"RT @BitcoinNewsCom: NEW: Bloomberg Intelligence’s @mikemcglone11 finds gold is weakening against #Bitcoin😮

The former resistance at a 10x…",87,0,0
2023-10-27,maxkeiser,"Worry about the US dictatorship seizing Texas #Bitcoin miners per the new cloud computing law written under auspices of the Patriot Act (a law that gives US dictatorial, authoritarian powers)

Centralization is disappearing in #ElSalvador 

The entire country is becoming… https://t.co/hpEYFDgPVw https://t.co/g20zjRoeJQ",69,408,25
2023-10-27,maxkeiser,"DC are fiat money addicts and alcoholics. 

It’s impossible to get a fiat money alcoholic or addict into #Bitcoin recovery 

Until they hit bottom and ask for help. 

I suggest getting these folks into Shitcoiners Anonymous (SA) https://t.co/gzCOZm9mRJ https://t.co/KRmWLFWuLG",6,36,9
2023-10-27,maxkeiser,"RT @LuganoPlanB: #Bitcoin circular economies are spreading around the world, but where exactly? 
Here is a macro-view directly from the ""Bo…",56,0,0
2023-10-27,maxkeiser,"Study #Bitcoin 

The goal is a perfect society built on Perfect Money #Bitcoin 

The question should be, “How much closer to God to you get after Bukele made #Bitcoin legal tender. 

Answer: A lot. 

Come see for yourself. 

I will pray for you, shitcoiner. https://t.co/i4FSpNjGHP https://t.co/BT6DjAiX4d",1,53,8
2023-10-27,maxkeiser,"You’re a moron: 

1. Bukele made #Bitcoin legal tender so all citizens can become individually sovereign with unconfiscatable #Bitcoin: Not a dictator. In fact, the opposite. More like Jesus Christ. 

2. #Bitcoin separates money from state: Not a dictator. 

3. Bukele is going… https://t.co/DRElhg1yIr https://t.co/g20zjRoeJQ",138,1505,128
2023-10-27,maxkeiser,"RT @BitcoinPierre: If you’re worried about #bitcoin replacing dollars, consider not running a $2 trillion deficit.",197,0,0
