Timestamp,Username,Tweet Content,Retweets,Likes,Replies
2023-12-12,DocumentingBTC,"On this day 13 years ago, Satoshi Nakamoto, the creator of #bitcoin disappeared. https://t.co/ugH86zPGZc",1286,4377,253
2023-12-11,DocumentingBTC,"New 60 Minutes interview about the company @CrusoeEnergy using #bitcoin mining to help reduce harmful emissions in Wyoming.

https://t.co/PQsyR2sxM0",342,1219,62
2023-12-10,DocumentingBTC,"Michael @Saylor founded the world’s largest independent publicly-traded analytics and business intelligence corporation. 

His company owns $7 billion of #bitcoin 

Listen to his speech explaining why ↓

https://t.co/vyRBl9VBRo",467,1628,68
2023-12-10,DocumentingBTC,"New #bitcoin mine is online in Utah powered by recycling landfill methane gas.

https://t.co/Bi0N4xZSZ7",325,1084,60
2023-12-08,DocumentingBTC,"Head of the Texas electrical grid says #bitcoin mining is “helpful” to the system. 

https://t.co/pECHFs49nG",252,1009,39
