Timestamp,Username,Tweet Content,Retweets,Likes,Replies
2023-10-17 11:21:50,BTC_Archive,"When BlackRock CEO says ‘crypto’, he really means #Bitcoin

Watch him explain:👇 https://t.co/g2s1RIzgEJ",46,310,60
2023-10-17 11:17:53,BTC_Archive,"RT @BTC_Archive: When the banks crash, #Bitcoin will stand strong! 💪 https://t.co/FBWlRIeyeM",334,0,0
2023-10-17 09:49:57,BTC_Archive,RT @BTC_Archive: JUST IN: $71m in leveraged positions wiped out by the fake #Bitcoin ETF news. https://t.co/pzz1Yd8EiB,522,0,0
2023-10-17 09:49:40,BTC_Archive,"gm gm :)) ☕️ 👌 
The seasons are changing. 
#Bitcoin is winning. 
WAGMI! https://t.co/HvPmkD2Qqg",31,393,101
2023-10-16 22:37:10,BTC_Archive,"JUST IN: BlackRock CEO on the ETF rumour and price pump today:

“It’s an example of the pent up interest in crypto.” 

“We’re hearing from clients around the world about the need for crypto.”

#Bitcoin https://t.co/91mD5a6HjM",674,3083,153
2023-10-16 21:57:13,BTC_Archive,"Banks will block your payments, 
freeze your account, 
and seize your money for the government.

Don’t just complain, opt-out.  
Buy #Bitcoin https://t.co/Ee7L3u0FBk",264,1313,98
2023-10-16 21:05:01,BTC_Archive,"JUST IN: CEO of $10 Trillion BlackRock: ""I believe crypto will play that type of role, as a flight to quality.""

#Bitcoin bro... 😎 https://t.co/nkAmRyPgpe",372,2168,118
2023-10-16 21:04:22,BTC_Archive,"JUST IN: CEO of $10 Trillion BlackRock: ""I believe crypto will play that type of role, as a flight to safety.""

#Bitcoin bro... 😎 https://t.co/pngMWseIo5",4,19,6
2023-10-16 21:00:02,BTC_Archive,"BREAKING: BlackRock CEO Larry Fink says this #Bitcoin rally ""is a flight to quality"" and way beyond the ETF approval rumour. https://t.co/CUnGAXGHFq",530,2504,120
2023-10-16 18:55:23,BTC_Archive,"RT @saylor: The compelling value proposition of #Bitcoin is capital preservation for individuals, families, corporations, and institutions…",817,0,0
2023-10-16 16:43:56,BTC_Archive,"RT @BTC_Archive: Bitcoin in this range for 8 months.
Break up, or down? 🚀 https://t.co/UxUYbRUQAy",196,0,0
2023-10-16 14:43:42,BTC_Archive,JUST IN: $71m in leveraged positions wiped out by the fake #Bitcoin ETF news. https://t.co/pzz1Yd8EiB,522,3188,342
2023-10-16 14:07:11,BTC_Archive,"#Bitcoin surged +7% in 10 minutes on the rumour of a spot ETF being approved.

You still think it won't make a difference? 🧐 https://t.co/xSzq0k8OXB",435,2717,241
2023-10-16 13:55:46,BTC_Archive,"BREAKING: BlackRock Bitcoin ETF application is still under review, says company. Reports of approval are false. - Fox Business",302,1717,141
2023-10-16 13:48:29,BTC_Archive,BREAKING: BlackRock says its Bitcoin ETF application is still under review - Fox Business,139,818,72
2023-10-16 13:10:31,BTC_Archive,"When the banks crash, #Bitcoin will stand strong! 💪 https://t.co/FBWlRIeyeM",334,1851,151
2023-10-16 10:09:54,BTC_Archive,"Bitcoin in this range for 8 months.
Break up, or down? 🚀 https://t.co/UxUYbRUQAy",196,1391,195
2023-10-14 19:37:44,BTC_Archive,"RT @BTC_Archive: NEW: Ferrari to accept #Bitcoin  and crypto payments for its cars in the US — Reuters 🔥 

When Lambo? 🤑 https://t.co/Al9jE…",1019,0,0
2023-10-14 19:37:36,BTC_Archive,"RT @BTC_Archive: The SEC has decided not to appeal Grayscale’s court victory in the battle to convert its trust into a Bitcoin ETF.

The SE…",674,0,0
2023-10-14 15:48:16,BTC_Archive,"RT @BTC_Archive: BREAKING: - President of Madeira just launched a #Bitcoin business hub to foster local innovation.

""Everything connected…",551,0,0
2023-10-14 15:48:10,BTC_Archive,"RT @BTC_Archive: JUST IN: $820 Billion global bank Standard Chartered boosts Bitcoin price target to $120,000 by the end of 2024! 👀 🚀 https…",672,0,0
2023-10-14 13:28:00,BTC_Archive,"The SEC has decided not to appeal Grayscale’s court victory in the battle to convert its trust into a Bitcoin ETF.

The SEC will now have to approve Grayscale's Bitcoin ETF bid if it can't find new reasons to delay or deny. https://t.co/IpRLTkuwMz",674,3469,281
2023-10-14 13:25:28,BTC_Archive,"RT @BTC_Archive: NEW: Grayscale Bitcoin Trust's discount to the #bitcoin price is closing fast - from 48% to just 16%.

Institutions buying…",502,0,0
2023-10-14 13:25:18,BTC_Archive,RT @BTC_Archive: NEW: There's a 90% chance that #Bitcoin ETFs are approved by the January 10 deadline for ARK's application  - Bloomberg's…,495,0,0
2023-10-14 07:33:40,BTC_Archive,"NEW: Ferrari to accept #Bitcoin  and crypto payments for its cars in the US — Reuters 🔥 

When Lambo? 🤑 https://t.co/Al9jEJBpr2",1019,5234,321
2023-10-14 07:12:10,BTC_Archive,NEW: Ferrari to accept #Bitcoin  and crypto payments for its cars in the US — Reuters 🔥 https://t.co/ZpOfrQoxA9,113,659,65
2023-10-13 23:01:26,BTC_Archive,"RT @BTC_Archive: NOW: Deadline day for the SEC to appeal Grayscale’s court win to convert its trust into a Bitcoin ETF.

If the SEC does no…",688,0,0
2023-10-13 21:13:34,BTC_Archive,BREAKING: 🚨 SEC does not plan to appeal court decision on Grayscale spot #Bitcoin ETF conversion. 🚀 https://t.co/oOebKQsSfo,1097,4812,227
2023-10-13 21:11:01,BTC_Archive,SEC does not plan to appeal court decision on Grayscale spot #Bitcoin ETF conversion. 🚀 https://t.co/PBUILN0wZW,41,212,20
2023-10-13 18:52:19,BTC_Archive,NEW: There's a 90% chance that #Bitcoin ETFs are approved by the January 10 deadline for ARK's application  - Bloomberg's ETF analyst @JSeyff https://t.co/PPzoykSmq1,495,2564,182
2023-10-13 14:08:07,BTC_Archive,"NEW: Grayscale Bitcoin Trust's discount to the #bitcoin price is closing fast - from 48% to just 16%.

Institutions buying? https://t.co/iS0X2wQuml",502,2607,142
2023-10-13 11:57:25,BTC_Archive,"NOW: Deadline day for the SEC to appeal Grayscale’s court win to convert its trust into a Bitcoin ETF.

If the SEC does not appeal, it will have to approve Grayscale's Bitcoin ETF bid if it can't find new reasons to delay or deny. https://t.co/YzJAXdbsuZ",688,3716,240
2023-10-13 10:28:34,BTC_Archive,"BREAKING: - President of Madeira just launched a #Bitcoin business hub to foster local innovation.

""Everything connected to #Bitcoin is welcome in Madeira.""  

🩳😎🧳✈️ On my way! https://t.co/YPuIHI21su https://t.co/9dyAz0oGut",551,2895,150
2023-10-13 10:27:49,BTC_Archive,"BREAKING: - President of Madeira just launched a #Bitcoin business hub to foster local innovation.

""Everything connected to #Bitcoin is welcome in Madeira.""  coming!
✈️ 
🧳 https://t.co/nkU1qHhaOV https://t.co/kodoIwudRR",2,15,8
2023-10-13 10:06:57,BTC_Archive,"JUST IN: $820 Billion global bank Standard Chartered boosts Bitcoin price target to $120,000 by the end of 2024! 👀 🚀 https://t.co/MFkhsly25W",672,3088,180
2023-10-12 15:28:06,BTC_Archive,"JUST IN: To satisfy SEC’s request Cathie Wood’s ARK Invest has had to amend its spot #bitcoin ETF application to declare that Bitcoin’s energy consumption may have “negative environmental consequences.” 

WRONG! 🤨 https://t.co/jSMPSQ09v2",239,1299,201
2023-10-12 15:27:38,BTC_Archive,"JUST IN: To satisfy SEC’s request Cathie Wood’s ARK Invest has had to amend its spot #bitcoin ETF application to declare that Bitcoin’s energy consumption may have “negative environmental consequences.” 

WRONG! 🤨 https://t.co/CUGFWgTYN5",1,8,6
2023-10-12 14:57:57,BTC_Archive,RT @BTC_Archive: BREAKING: Cathie Wood’s ARK just filed an updated spot #bitcoin ETF filing after feedback and questions from the SEC - Blo…,726,0,0
2023-10-12 12:46:52,BTC_Archive,RT @BTC_Archive: NEW: ex-PayPal President: #Bitcoin is the only form of neutral internet money that will ever be. https://t.co/aeBdLsjA00,345,0,0
2023-10-12 12:41:07,BTC_Archive,"JUST IN: 🎲 Online gaming company THNDR has launched a #Bitcoin Lightning integration allowing players to make instant, borderless, low-fee, peer-to-peer wagers. 

Online betting is a $93 BILLION market! 👀",338,1680,153
2023-10-12 12:36:32,BTC_Archive,"JUST IN: 🎲 Online gaming company THNDR has launched a #Bitcoin Lightning integration allowing players can make instant, borderless, low-fee, peer-to-peer wagers. 

Online betting is a $93 BILLION market! 👀",14,92,26
2023-10-12 12:26:00,BTC_Archive,"RT @BTC_Archive: Legendary Billionaire Trader Paul Tudor Jones: 
""I think Bitcoin takes on a larger percentage of your portfolio. I like Bi…",388,0,0
2023-10-11 21:41:45,BTC_Archive,NEW: ex-PayPal President: #Bitcoin is the only form of neutral internet money that will ever be. https://t.co/aeBdLsjA00,345,1733,144
2023-10-11 19:45:54,BTC_Archive,"BREAKING: Cathie Wood’s ARK just filed an updated spot #bitcoin ETF filing after feedback and questions from the SEC - Bloomberg 👀 

LFG! 🚀 https://t.co/dUJS5IeQcM",726,3883,185
2023-10-11 16:30:51,BTC_Archive,"BREAKING: Sam Bankman-Fried and Caroline Ellison conspired to keep #Bitcoin under $20k by secretly selling Bitcoin belonging to customers. 

 🤨 https://t.co/gsoqFdXiMO",1167,5006,678
2023-10-11 16:30:23,BTC_Archive,BREAKING: Sam Bankman-Fried and Caroline Ellison conspired to keep #Bitcoin under $20k by secretly selling customer’s $BTC 🤨 https://t.co/VRwbCtBJ0v,3,12,4
2023-10-11 15:39:02,BTC_Archive,"TODAY: Bitcoin Mining with Volcano Energy

I’m talking to @maxkeiser and @JosueLopezGal 

JOIN US  👇👇👇
https://t.co/fuVms7aWPU",32,132,39
2023-10-11 11:03:33,BTC_Archive,"RT @BTC_Archive: NEW: Jim Cramer says “#Bitcoin is about to go down big!” 

Thanks. 
I’m all-in! 🤑 https://t.co/XWsdKO8djK",635,0,0
2023-10-11 08:56:24,BTC_Archive,"Legendary Billionaire Trader Paul Tudor Jones: 
""I think Bitcoin takes on a larger percentage of your portfolio. I like Bitcoin”

Me too... 😎 https://t.co/P29FeRdQpu https://t.co/rB6UbKttdN",388,1961,151
2023-10-11 08:49:09,BTC_Archive,"RT @BTC_Archive: JUST IN: I like #Bitcoin and I like gold, says Billionaire Investor Paul Tudor Jones https://t.co/09ff5jtrwQ",424,0,0
2023-10-10 20:30:22,BTC_Archive,"NEW: Jim Cramer says “#Bitcoin is about to go down big!” 

Thanks. 
I’m all-in! 🤑 https://t.co/XWsdKO8djK",635,3739,359
2023-10-10 18:07:55,BTC_Archive,RT @BTC_Archive: JUST IN: The fact that SEC is actively engaging w spot #Bitcoin issuers on their current applications — which hasn’t ever…,542,0,0
2023-10-10 18:07:44,BTC_Archive,"RT @BTC_Archive: BREAKING: New #Bitcoin whitepaper shows how all Altcoin functions can be performed on Bitcoin! 

""Any computable function…",331,0,0
2023-10-10 16:07:06,BTC_Archive,"RT @BTC_Archive: NEW: $4.5 TRILLION asset manager Fidelity says #Bitcoin is the most secure, de-centralised and sound money compared to any…",883,0,0
2023-10-10 13:35:25,BTC_Archive,"JUST IN: I like #Bitcoin and I like gold, says Billionaire Investor Paul Tudor Jones https://t.co/09ff5jtrwQ",424,2082,173
2023-10-10 13:14:54,BTC_Archive,"RT @BTC_Archive: BREAKING: 🇺🇸 Pro #Bitcoin  presidential candidate RFK Jr to run as an independent! 🔥 

 https://t.co/YuRele2GFj",223,0,0
2023-10-10 12:00:10,BTC_Archive,"RT @Volcano_Energy: Are you ready for our first Satoshi Session? Listen to Max Keiser and Josué López this Wednesday, October 11th, at X Sp…",32,0,0
