Timestamp,Username,Tweet Content,Retweets,Likes,Replies
2023-10-31,DocumentingBTC,Satoshi Nakamoto published the historic #Bitcoin Whitepaper 15 years ago today. https://t.co/ys2VVjEB1o,30,113,28
2023-10-31,DocumentingBTC,"15 years ago on a cypherpunk email list, a pseudonymous engineer named Satoshi Nakamoto published their idea: #Bitcoin

The paper explained how the first decentralized digital currency might work, providing a solution to the double-spending problem using a peer-to-peer network. https://t.co/RTB0bDZib6",275,899,65
2023-10-30,DocumentingBTC,"Stanley Druckenmiller is one of the most successful hedge fund managers on Wall Street and is worth $6,200,000,000.

He says, “Young people look at #bitcoin as a store of value. It’s a brand. I like it. I dont own any, but I should”

https://t.co/DXjrnvE1Qc",248,1067,65
2023-10-25,DocumentingBTC,"“80% of the wealth in America does not have access to #bitcoin and this is why an ETF will increase demand”, says @RasterlyRock.
https://t.co/ZHwpr5hEci",463,1819,153
2023-10-25,DocumentingBTC,"Watch this perfect explanation of #bitcoin 

https://t.co/EHZSWlTVy7",939,3379,245
2023-10-25,DocumentingBTC,"News anchor for 30 years, @JoeSquawk says, “Prepare for the #bitcoin halving”.

 https://t.co/2CFtXNOaVz",300,1652,108
2023-10-24,DocumentingBTC,"Alexis Ohanian is the co-founder of Reddit.

“#Bitcoin is like gold…I’m investing in asteroid mining companies, and one thing I’m certain of is we’re never going to find a bunch of new #bitcoin on an asteroid” 🤣
https://t.co/uPxm4K6Hkl",295,1309,82
2023-10-24,DocumentingBTC,The #bitcoin price is shocking Wall Street. https://t.co/E8xKy1Uqo0,493,1959,141
