Timestamp,Username,Tweet Content,Retweets,Likes,Replies
2023-10-31,krakenfx,@Bitcoin 15 years and counting. The vision is truly coming to life!,0,14,1
2023-10-31,krakenfx,@pete_rizzo_ Happy 15th Bitcoin White Paper day! 💜 🐙,0,1,1
2023-10-30,krakenfx,@Bitcoin We 🧡 Bitcoin!,1,11,5
2023-10-30,krakenfx,@WatcherGuru Mainstream Bitcoin adoption loading...  😎,1,40,6
2023-10-30,krakenfx,"@Bitcoin All aboard. Next stop, financial freedom! 🧡",2,29,6
2023-10-30,krakenfx,@saylor @21JCLP Bitcoin is a way out of the system 💪,2,27,9
2023-10-27,krakenfx,"@BitcoinMagazine @nayibbukele Love him or hate him, he's been a pioneer in Bitcoin adoption! 🧡",0,24,3
2023-10-27,krakenfx,@wicklurker From the Bitcoin historic archives released in 2100 😉,0,2,0
2023-10-27,krakenfx,"@elonmusk Bitcoin is to financial freedom, as X has aimed to be with freedom of speech 🧡",12,89,30
2023-10-27,krakenfx,@saylor @BitcoinSapiens It's Bitcoin time 😅,1,28,7
2023-10-26,krakenfx,@WhaleChart Bitcoin community rn... https://t.co/MtiaYdlq6E,0,4,2
2023-10-26,krakenfx,@saylor @MDBitcoin The Bitcoin community never stops building! 🧡,2,18,6
2023-10-26,krakenfx,@BitcoinMagazine It's a tight race. Hopefully both sides see this as a chance to change their stance to become more Bitcoin friendly in future elections! 💜,0,35,2
2023-10-25,krakenfx,"@WatcherGuru The cycle continues, but Bitcoin carries onward! https://t.co/RGDiiYDeoW",7,69,3
2023-10-25,krakenfx,@saylor @BitcoinSapiens Bitcoin to the end! 💪,1,19,3
2023-10-24,krakenfx,"@caseyfraz781 Mainstream Bitcoin adoption has arrived better or worse since last run, that's for sure!",0,4,0
2023-10-24,krakenfx,@WatcherGuru Bitcoin ETF on the ultimate tease rn 😅,2,60,1
