Timestamp,Username,Tweet Content,Retweets,Likes,Replies
2023-11-14,Krakenfx,@Bitcoin We're ready! 🧡,1,24,2
2023-11-14,Krakenfx,"@WhaleChart #Bitcoin, that's the Tweet! 🧡",1,34,7
2023-11-14,Krakenfx,@pete_rizzo_ @halfin Bitcoin is freedom 🧡,0,13,6
2023-11-14,Krakenfx,@AltcoinDailyio It's great to see more and more politicians take such great interest in #Bitcoin! 🧡,2,74,10
2023-11-14,Krakenfx,@Bitcoin Guess you could say we are building a new financial world BLOCK BY BLOCK 🥁 🤣,1,20,2
2023-11-13,Krakenfx,"@WhaleChart If they don't get it yet, they will do #Bitcoin 🧡",0,8,2
2023-11-13,Krakenfx,@WatcherGuru Escape the system #Bitcoin,5,41,9
2023-11-13,Krakenfx,@CoinMarketCap Bitcoin Maxis have entered the chat 😅,6,72,35
2023-11-13,Krakenfx,@Bitcoin Armor against financial oppression 🧡,0,10,3
2023-11-13,Krakenfx,"@AltcoinDailyio Brb, swapping the B on our keyboard for a #Bitcoin one 😅",0,8,1
2023-11-10,Krakenfx,@Bitcoin Happy to be a part of the Bitcoin revolution 💪,2,16,2
2023-11-10,Krakenfx,@krakenpro Bitcoin's on a roll 😎,0,7,1
2023-11-10,Krakenfx,@jo5e_neto Everyone wants a piece of the Bitcoin pie! 🙌,0,2,0
2023-11-10,Krakenfx,Kraken CEO @DavidLRipley on the benefits of a #bitcoin ETF on Bloomberg Crypto TV @crypto https://t.co/5nS6svFJWv,32,205,67
2023-11-10,Krakenfx,"@ySnaked Bitcoin's back, tell a friend...",0,1,0
2023-11-10,Krakenfx,@P1ckle__ We're SO excited to see what the future brings for Bitcoin 💜,0,2,1
2023-11-08,Krakenfx,"@Bitcoin After weathering the storms of multiple bear markets the past 12 years, we're more ready than anyone! 💪 🐙",4,43,6
2023-11-08,Krakenfx,"RT @krakenpro: We're humbled to have hit the astronomical number of 15K followers. Sure, it's not Bitcoin hashrate big, but we're getting t…",23,0,0
