Timestamp,Username,Tweet Content,Retweets,Likes,Replies
2023-11-06,maxkeiser,"RT @saylor: I discuss how companies can escape the destructive cycle of the conventional corporate finance playbook, preserve their capital…",1101,0,0
2023-11-06,maxkeiser,"RT @Volcano_Energy: 🌋 Welcome to LAVA POOL's PLEB Miner Initiative! 🪙

Here at LAVA POOL, we are firm believers in the power of decentraliz…",1,0,0
2023-11-06,maxkeiser,"RT @Volcano_Energy: If you have questions or want to join Lava Pool, we'll be at the Adopting Bitcoin event from November 7th to 9th. Come…",1,0,0
2023-11-06,maxkeiser,"$USD = long war 

#Bitcoin = short war https://t.co/CNaDGUWZRH",44,391,21
2023-11-06,maxkeiser,"RT @Spirit_Satoshi: Am I Too Toxic?

It's often said that Bitcoin maximalists are “toxic”. I'm being trained to speak with the combined voi…",4,0,0
2023-11-06,maxkeiser,"Wednesday, 6:15, Bitfinex Stage 

I’m doing a 20 minute set. The goal, as always, let’s start a (laugh) riot!!! 

😆 https://t.co/q1dwbOKLU6 https://t.co/nANQM0Dk43",3,28,14
2023-11-06,maxkeiser,"RT @BitcoinLovin: Bitcoin brings peace

Reading about the horrors of World War II &amp; World War I was enough to make me sick. We need peace &amp;…",17,0,0
2023-11-06,maxkeiser,"The victims of atrocious war crimes in the past are committing these same (and worse) heinous atrocities today, on all sides. 

Such is the cycle of violence. 

#Bitcoin fixes this. 

I will pray for you. https://t.co/4L6ZTYUYrS",33,252,22
2023-11-06,maxkeiser,"RT @PupusasG: This is the Party! Remember Nov 7th 9PM 🎵😎🎵 Let's have fun, dance and enjoy #bitcoin country!",4,0,0
2023-11-05,maxkeiser,RT @Stamp_Seed: Interesting #Bitcoin Story. https://t.co/1hWi3I86tH,86,0,0
2023-11-05,maxkeiser,RT @TheBTCTherapist: #Bitcoin fixes broken money https://t.co/GbWradY6Cy,552,0,0
2023-11-05,maxkeiser,"As I’ve been saying, #Bitcoin is traveling on a unique vector outside of our known physics. https://t.co/H9FPuzIuvK",42,351,39
2023-11-05,maxkeiser,"RT @PupusasG: What I see in the photo is progress and people without fear.
#Bitcoin remove violence 🧡 🇸🇻 this is El Salvador the safest pla…",11,0,0
2023-11-04,maxkeiser,RT @Volcano_Energy: Don't miss out on your Volcano Energy merch. Find us at the upcoming Adopting Bitcoin event from November 7th to 9th. S…,4,0,0
2023-11-04,maxkeiser,It didn’t work. You can’t stop #Bitcoin https://t.co/2K4cBcFpJx,36,478,31
2023-11-04,maxkeiser,"RT @bitcoin_films: Two years ago, @maxkeiser and @stacyherbert came to El Zonte for the first time...

We were honoured to get Max's first…",7,0,0
2023-11-04,maxkeiser,"RT @CryptoNewsYes: 💥""#Bitcoin is self-aware &amp; fighting AI on behalf of humanity. Hash precedes price. The hash adjusted price is close to $…",9,0,0
2023-11-04,maxkeiser,"RT @geekboyireland: 1996, Virtual Specialist Technology created. 

Patent number US5950176A. Download the image below as a mǝmǝnto, so we d…",8,0,0
2023-11-04,maxkeiser,"Fiat money did this. 

#Bitcoin fixes this. https://t.co/CQD3euENGJ",52,496,114
2023-11-04,maxkeiser,"👇

This powerful truth is NOT priced into the current price of #Bitcoin https://t.co/fyEy7QZYQ0",240,1349,53
2023-11-04,maxkeiser,RT @nikcantmine: You’re hiding bitcoin private keys under the floorboards are you not https://t.co/n751wlEECZ,148,0,0
2023-11-04,maxkeiser,RT @CryptoNewsYes: 💥💥💥 @MaxKeiser joins The Alex Jones Show to predict the latest #Bitcoin trends and warn of the suicide bankers that will…,194,0,0
2023-11-04,maxkeiser,"All humans, all life forms, have been pre-mining #Bitcoin for billions of years. 

#Bitcoin’s latest manifestation in 2009 will see the Bitcoin Singularity and the quantum shift to true awareness. https://t.co/Fc8H9I4pHM",11,113,27
2023-11-04,maxkeiser,"RT @corybates1895: The LATAM #Bitcoin Alliance is coming.  

@nayibbukele @JMilei 
https://t.co/V7Wa8fehge",71,0,0
2023-11-04,maxkeiser,RT @PupusasG: The Sivar #Bitcoin festival was going to be here 😭 today. But anyway we focus on our energy in @BitcoinBerlinSV the Last week…,4,0,0
2023-11-04,maxkeiser,"RT @jdennehy_writes: The verification process has begun!

@MyfirstBitcoin_ is graduating 100 students of the Bitcoin Diploma today in Usulu…",53,0,0
2023-11-04,maxkeiser,RT @lopp: You're never too early nor too late to adopt Bitcoin. The ways the system empowers its users are not dependent upon the exchange…,34,0,0
2023-11-04,maxkeiser,RT @PupusasG: @maxkeiser @BitcoinBerlinSV You need to go there and watch #bitcoin City by yourself 🧡 @maxkeiser,1,0,0
2023-11-04,maxkeiser,"It’s EXTREMELY likely. 

The TAM for #Bitcoin is $400 trillion https://t.co/KewPgjKgUb",23,272,34
2023-11-04,maxkeiser,"RT @toto52811530: @maxkeiser /imagine An astronaut in his spaceship, approaching a magnificent colored galaxy, the Bitcoin symbol in the ce…",1,0,0
2023-11-04,maxkeiser,".@Tether_to is a virtual $USD backed by short term U.S. treasuries that people use for commerce online instead of actual $USD - that for millions of people without bank accounts - are impossible to get.

It does not compete with #Bitcoin 

There have been many attempts to copy… https://t.co/Ew9y5HHHqq https://t.co/542rRDxZvg",8,70,30
2023-11-04,maxkeiser,"RT @PupusasG: I just received a bitcoin talk on lightning nodes and practical use from a @cuboplus mate using @jamaljsr Polar 
thank you @A…",2,0,0
2023-11-04,maxkeiser,"RT @BitcoinBerlinSV: ""Never doubt that a small group of thoughtful committed individuals can change the world. In fact, it's the only thing…",21,0,0
2023-11-04,maxkeiser,.@PupusasG told me yesterday that @BitcoinBerlinSV is the hottest #Bitcoin hot spot in #ElSalvador https://t.co/vJjJ4UBArt,37,206,25
2023-11-04,maxkeiser,"I just popped in from the other universe and I want to tell you that #Bitcoin is already trading at $10,000,000 per coin in that universe. 

We are all living in the past. 

As we approach the #Bitcoin Singularity and the Cosmic Now, we’ll all see and live this price. 

The ones… https://t.co/wdDC8yqGZN https://t.co/qxLWxwMAWh",192,1668,109
2023-11-04,maxkeiser,"RT @summarynews_: Alex Jones Fails Max Keiser’s 10,000 #Bitcoin  Quiz🚀🚀

https://t.co/6ZBnCnXqK9",4,0,0
2023-11-04,maxkeiser,"Miners chase hashrate involuntarily; due to how the #Bitcoin virus has morphed their brains. 

This increases the security of the network, which in turn, makes this  asset class even more irresistible to global asset allocators with $200 trillion to spend. https://t.co/kw0t1mGpXQ https://t.co/MSSqdn8Msp",5,46,11
2023-11-04,maxkeiser,RT @TheBTCTherapist: Andreas Antonopoulos explains how the fiat cartel will attempt to control #Bitcoin but will fail miserably and in the…,1263,0,0
2023-11-04,maxkeiser,"RT @stacyherbert: Bitcoin, not ‘crypto.’

Unless you have fun getting repeatedly rekt by the almost daily ‘serious blows’ to the ‘crypto sp…",7,0,0
2023-11-04,maxkeiser,RT @JBCaesar: @maxkeiser El Salvador (The Saviour) is already the perfect name for the first #bitcoin country,7,0,0
2023-11-04,maxkeiser,RT @ranalli_don: @maxkeiser Max u need to sponsor a contest to have a music artist “create” a #bitcoin national anthem! That would be sick,1,0,0
2023-11-04,maxkeiser,RT @TheBTCTherapist: You can't stop #Bitcoin https://t.co/3hu5y4EoC3,303,0,0
2023-11-04,maxkeiser,"#Bitcoin is self-aware and fighting AI on behalf of humanity. 

Hash precedes price. 

The hash adjusted price is close to $400,000 https://t.co/0S8Bf8vHf3",112,758,44
2023-11-04,maxkeiser,RT @realPauloBagu: @maxkeiser : Bitcoin is a 51% attack on the global energy matrix.,12,0,0
2023-11-04,maxkeiser,"What 5 million square miles of the ME looks like in a few months because nobody took the time to understand #Bitcoin  

#Bitcoin  replaces all creeds, political systems, religions, ideologies . . . Stop fighting wars from 1,000 years ago. 

EVOLVE YOU F**** https://t.co/usSVaAmSwW",42,310,25
2023-11-04,maxkeiser,"The mission of @bitcoinofficesv in #ElSalvador - established after Pres @nayibbukele made #Bitcoin legal tender - has been to make #BITCOIN MAXIMALISM the credo &amp; manifesto of excellence that drives every facet of life and politics in the only indispensable nation on Earth.

Is… https://t.co/QEWYu85w8E https://t.co/8ehv5Y6ebK",20,104,17
2023-11-04,maxkeiser,RT @BitcoinNewsCom: #Bitcoin will make 🇸🇻 El Salvador the next Singapore - Max Keiser 👀⚡️@maxkeiser https://t.co/CpXB8ldx3j,173,0,0
2023-11-04,maxkeiser,"RT @maxkeiser: We’re just getting started!! 

#Bitcoin Maximalist Country FTW

@stacyherbert @orangepillpod 

No ⛔️ shitcoins https://t.co/…",62,0,0
2023-11-04,maxkeiser,"RT @bitcoinpods: “El Salvadorrrrrrrrrr”

@maxkeiser on #Bitcoin #BTC 

(‘Why Are We Bullish’ with @BTCsessions ) https://t.co/cea3mC360q",25,0,0
2023-11-04,maxkeiser,"RT @Volcano_Energy: If El Salvador mines its own Bitcoin, it can reduce its reliance on remittances, international aid, and external econom…",28,0,0
2023-11-04,maxkeiser,"RT @Andrew_J_Howard: Ladies &amp; gentlemen, I present to you...

""The Best Moments of Max Keiser""

Whether you love him or hate him,

Whether…",369,0,0
2023-11-04,maxkeiser,"RT @stacyherbert: To all my bitcoiner friends moving to El Salvador, this is one of the two services I recommend for help with moving yours…",34,0,0
2023-11-04,maxkeiser,RT @CryptoNewsYes: 🔥🔥🔥 “#Bitcoin is God hacking humanity”-@MaxKeiser https://t.co/iwh4Bc6ull,27,0,0
2023-11-03,maxkeiser,"RT @zerohedge: Fed Reserve Says ACH Error Impacting Customers

Bitcoin literally fixes this",328,0,0
2023-11-03,maxkeiser,"RT @CryptoNewsYes: 💥""#Bukele has *restored* the human rights of 7 million Salvis that had been taken away by murderous c****; the British &amp;…",21,0,0
2023-11-03,maxkeiser,"RT @BitcoinAsHope: @maxkeiser This is what happens when bankers and corporations rule the world and own governments… fascism 

And now the…",3,0,0
2023-11-03,maxkeiser,#Bitcoin fixes this. https://t.co/JJvw36W5j7,8,155,27
2023-11-03,maxkeiser,"Conflicts around the world: It’s impossible to see ‘good guys’ on any side. Just fiat money grifters and whores; various flags, fiat money &amp; shitcoins. 

I’m rooting for #Bitcoin 
God’s Only Money.  

I will pray for you. https://t.co/F4YYACchYl",32,220,33
2023-11-03,maxkeiser,"Conflicts around the world: It’s impossible to see ‘good guys’ on any side. Just fiat money grifters and whores; various flags, fiat money &amp; shitcoins. 

I’m rooting for #Bitcoin God’s Only Money.  

I will pray for you. https://t.co/QMPgLBKBhf",1,6,4
2023-11-03,maxkeiser,"RT @MaxAndStacyFest: The Max &amp; Stacy Tour is coming to @AdoptingBTC 

“BUILDING #BITCOIN  COUNTRY IN #ElSalvador” 🇸🇻 🧢 🌋 🏄‍♀️ 

Sponsored b…",7,0,0
2023-11-03,maxkeiser,"RT @AronClementi: Build the Builders 23 🔥🧡

In the heart of Tuscany &amp; Bitcoin with the world's leading exponents. Surrounded by people unit…",10,0,0
2023-11-02,maxkeiser,"Where this goes puts 8 billion people on Earth at risk of getting wiped out. 

#Bitcoin fixes this. 

Choose wisely. https://t.co/fldQqIVYvd",86,605,45
2023-11-02,maxkeiser,"#Bitcoin fixes this. 

Alternatively, we *all* perish. https://t.co/fldQqIVYvd",16,162,20
2023-11-02,maxkeiser,#Bitcoin fixes this. https://t.co/fldQqIVYvd,33,307,25
2023-11-02,maxkeiser,"RT @stacyherbert: El Salvador is #Bitcoin and Coffee Country 

🇸🇻🧡🌋☕️🚀",35,0,0
2023-11-02,maxkeiser,"RT @Volcano_Energy: 🌋 LAVA POOL's PLEB Miner Initiative! 🪙

Here at LAVA POOL, we are strong proponents of decentralization, firmly believi…",3,0,0
2023-11-02,maxkeiser,"RT @coryklippsten: Bitcoin, not ""crypto"" https://t.co/oEeowVDI75",51,0,0
2023-11-02,maxkeiser,"Peace &amp; Love are contagious. 

Once violence, hate &amp; war are disincentivized and the #Bitcoin Singularity approaches we’ll experience an evolutionary leap as a species. 

Unlike evolutionary changes in the past, this one will be a sudden, quantum leap of faith. https://t.co/QCeKE26ah3",31,225,20
2023-11-02,maxkeiser,"RT @stacyherbert: The Bukele Model is spreading 

✅ Economic liberty 
✅ Bitcoin hard af money
✅ Secure the blessings of liberty

🇸🇻🧢🗽🤑⚖️🚀",21,0,0
2023-11-02,maxkeiser,"RT @zerohedge: Bitcoin Is ""Exponential Gold"", Fidelity Director Of Global Macro https://t.co/OLltwjU6bc",68,0,0
2023-11-02,maxkeiser,"RT @bitfinex: Proud to be training the first generation of #bitcoin developers with @torogozdev 🇸🇻

https://t.co/gNIFxqroVC",16,0,0
2023-11-02,maxkeiser,"RT @bitcoinofficesv: El Salvador is Bitcoin Country! 🇸🇻⚡️

More than 1000 bitcoiners from around the world will attend the @AdoptingBTC con…",50,0,0
2023-11-02,maxkeiser,RT @RiggsBTC: @Natureishe68841 @saylor @jameslavish @FossGregfoss @LawrenceLepard @therationalroot @ChartsBtc @w_s_bitcoin Where have you b…,23,0,0
2023-11-02,maxkeiser,"RT @BitcoinMagazine: ""MicroStrategy will likely be well positioned for the return of a sound money era with a #Bitcoin stash that will be u…",60,0,0
2023-11-02,maxkeiser,"RT @maxkeiser: @D_9872 #Bitcoin demonetizes war, violence &amp; hate with unconfiscatable property that obviates and disintermediates the need…",50,0,0
2023-11-02,maxkeiser,"@D_9872 #Bitcoin demonetizes war, violence &amp; hate with unconfiscatable property that obviates and disintermediates the need for coercion of any kind.",50,444,14
2023-11-02,maxkeiser,"RT @johnpalbers: @maxkeiser A peace dividend that actually accrued to the citizens. What a wonderful outcome. With Bitcoin as legal tender,…",2,0,0
2023-11-02,maxkeiser,"I wrote about defunding the Palestinian occupation by adopting #Bitcoin 10 yrs ago: “Should Palestine switch from the shekel to Bitcoin?” 

https://t.co/PYZwIs7Zn5 https://t.co/cfPgWzbTPz",71,454,59
2023-11-02,maxkeiser,"RT @coryklippsten: I set up a short url for my favorite intro resources to get someone started on Bitcoin:

https://t.co/vO7MVc1C45

Super…",121,0,0
2023-11-02,maxkeiser,"RT @maxkeiser: The #Bitcoin effect. 

President @nayibbukele is No 1 most popular leader in the world. 

I’m recruiting 10,000 people to mo…",139,0,0
2023-11-02,maxkeiser,"RT @geekboyireland: 'The Fall'
#Bitcoin https://t.co/iiBaPjB64w",26,0,0
2023-11-01,maxkeiser,RT @CryptoNewsYes: 💥💥💥 @MaxKeiser Drops #Bitcoin Truth Bomb! 💣 https://t.co/ssLFVzk7n0,9,0,0
2023-11-01,maxkeiser,"RT @CryptoNewsYes: 💥💥💥 @MaxKeiser quizzes Alex Jones for 10,000 #Bitcoin ($350M) 🤯 https://t.co/LYJzaQV8AN",7,0,0
2023-11-01,maxkeiser,"RT @CryptoNewsYes: 🔥🔥🔥 @MaxKeiser predicts #Bitcoin heading to $10,000,000 per coin! 🚀 https://t.co/ZXUTVNlVVC",8,0,0
2023-11-01,maxkeiser,"RT @CryptoNewsFlas4: Defensor de #Bitcoin Max Keiser establece un objetivo de precio del #BTC de $220.000, citando la estrategia de endeuda…",5,0,0
2023-11-01,maxkeiser,"RT @CryptoNewsYes: ""#Bitcoin has no top because fiat has no bottom""-@MaxKeiser 🚀 https://t.co/LYapK2vRVx",25,0,0
2023-11-01,maxkeiser,"RT @RiggsBTC: Bitcoin Log Fracture: 

@Fidelity 
@TimmerFidelity https://t.co/hTVykeBwxN",17,0,0
2023-11-01,maxkeiser,"Because the Gold market is centralized, flooding the market with naked sell orders will always be a problem. 

Because #Bitcoin is decentralized, this is not a problem.",76,687,42
2023-11-01,maxkeiser,"In #Bitcoin terms, house prices will drop 99% over the next 5 yrs. https://t.co/KpNPIkng1y",114,886,62
2023-11-01,maxkeiser,"RT @denverbitcoin: My mom bought a ton of silver OZ’s at a good price couple months ago.
She gave me~10oz as birthday gift recently.
Of cou…",84,0,0
2023-11-01,maxkeiser,RT @Volcano_Energy: We got the power! 💪 Join us at Volcano Energy and be part of the Bitcoin mining revolution. ⛏️🌋 #BitcoinMining #Volcano…,15,0,0
2023-11-01,maxkeiser,"The 360 degree moat installed - with new laws, education &amp; social pressure - by #Bitcoin Maximalists - at the behest of Pres. @nayibbukele after he made #Bitcoin legal tender - has kept citizens here in 🇸🇻 safe from 20,000+ poisonous, scammy shitcoins including Celsius, Terra… https://t.co/irr9ILJAqX https://t.co/HI71rE3m4q",13,94,18
2023-11-01,maxkeiser,McDonald's Middle East Franchisees Take Sides In Israel-Hamas Conflict — Max Keiser Says 'Bitcoin Fixes This' | Nasdaq https://t.co/dLAvd9iDfG,4,20,10
2023-11-01,maxkeiser,"Joe Rogan next? 

Could You Have Won 10,000 Bitcoin? Alex Jones Misses Out On $344M Prize In Max Keiser's Crypto Quiz - Benzinga https://t.co/rGxEH0zTfy",23,209,49
2023-11-01,maxkeiser,RT @criptobastardo: Talking about El Salvador🇸🇻 to Turkish coiners🇹🇷🤯  in the #BitfinexFinancialFreedom Tour in #Konya thanks to @stevedabi…,18,0,0
2023-11-01,maxkeiser,"RT @blocknewsdotcom: 🚨NEWS: #Bitcoin Maximalist Max Keiser stands by his prediction for BTC to hit $220,000.

Pointing to the 🇺🇸 government…",13,0,0
2023-11-01,maxkeiser,"Bitcoin to $220,000 is in Play Says Bitcoin Maximalist Max Keiser https://t.co/gPgzYwy9B9",54,334,23
2023-11-01,maxkeiser,"The #Bitcoin effect. 

President @nayibbukele is No 1 most popular leader in the world. 

I’m recruiting 10,000 people to move here and taste freedom FOR REAL!! https://t.co/9ZcMkBjvWD https://t.co/6LFiodFXDH",139,1312,224
2023-11-01,maxkeiser,"Mesh nets. 

👉 https://t.co/LcN7SbuO1M https://t.co/J4eGFrp9LJ",7,38,14
2023-11-01,maxkeiser,"For this reason, Gold is not as good as #Bitcoin as money. 

Bitcoin’s only ‘Utility’ is that it’s money. 

Since Gold can’t make this claim, it will never be as good as Bitcoin when used as money. https://t.co/UhE2wjXAlX",25,316,38
