Timestamp,Username,Tweet Content,Retweets,Likes,Replies
2023-10-24,DocumentingBTC,The price of #bitcoin is up 100% this year.,93,597,37
2023-10-24,DocumentingBTC,"“There is more going on than ETF headlines.""

""#Bitcoin is an immutable, scarce asset. That's the real story"", reports @DylanLeClair_.

 https://t.co/CeEAwGAUmd",197,1072,39
2023-10-23,DocumentingBTC,"#Bitcoin means hope and opportunity for this small community in South Africa.

https://t.co/V40utJjZdF",48,181,15
2023-10-23,DocumentingBTC,"The Entire Price History of #Bitcoin 
https://t.co/7qtKLHRCnz",144,500,31
2023-10-22,DocumentingBTC,Blockchain data shows a record 76% of #bitcoin is owned by ‘long-term hodlers’ who have not moved their coins in +155 days. https://t.co/r3T9hmdUBz,312,1459,112
2023-10-21,DocumentingBTC,"""AI can not crack bitcoin"", says @ElonMusk. https://t.co/6ITy4KNSc8",505,2343,121
2023-10-20,DocumentingBTC,"Fidelity Digital Asset Director of Research @ChrisJKuiper has found #bitcoin to be the “only neutral digital asset”

“All throughout history, money has come from the top down institutions. #Bitcoin came organically from the bottom up and neutral”

https://t.co/wsi2TR9P4L",89,402,26
2023-10-20,DocumentingBTC,"U.S. Senator Cynthia Lummis explains, “#Bitcoin is a commodity, unique and different than other digital assets. This is now more understood by the CFTC, SEC, White House, Federal Reserve, and the largest institutional financial services companies”

https://t.co/142CnAyYUR",167,720,47
2023-10-18,DocumentingBTC,"Everyone asks ""What is Bitcoin?""

Nobody asks ""How is Bitcoin?""

https://t.co/6haCUViNh3",72,269,58
2023-10-18,DocumentingBTC,"Progress of the next bitcoin halving: 87%
 ——  189 days and 27,256 blocks  —— https://t.co/Trhy3peGGl",254,979,75
2023-10-18,DocumentingBTC,@Support @elonmusk Will you accept #bitcoin payments?,5,164,7
2023-10-18,DocumentingBTC,"If you search “what percentage of #bitcoin mining is sustainable”, Google says 52.6%. https://t.co/sK75xpGlwu",140,579,55
2023-10-18,DocumentingBTC,"Labor unions are defending #bitcoin mining.

In the state of Pennsylvania, lawmakers proposed a bill to stop new #bitcoin mining but reportedly failed because of pressure by ""the will of the unions"". https://t.co/E35cTCrfel",96,480,29
2023-10-17,DocumentingBTC,"Inside look at @Jack Dorsey's new circuit board for their #bitcoin mining computers.

The open-source 'hashboard' uses 100x Intel Blockscale 1000 Series ASICs in a gridlike array and is designed to allow easy use of aftermarket components.  

Expected to launch next year. https://t.co/JPn32wFTGq",324,1433,92
2023-10-17,DocumentingBTC,"Most #bitcoin price charts show growth or volatility. This chart below is special because it lets us see both growth and volatility together.

https://t.co/fpxGsix8It",302,932,70
2023-10-17,DocumentingBTC,"Argentina is gripped by an endless economic crisis with a history of hyperinflation that has destroyed confidence in the Argentine peso.

Listening to these stories of struggle is the best way to understand the inflation problem and the #bitcoin solution.

https://t.co/3xLNlkerr1",181,704,60
