Timestamp,Username,Tweet Content,Retweets,Likes,Replies
2023-11-07,bitcoinlfgo,"RT @bitcoinlfgo: 🚀 Breaking News: 
On November 4, more than 700,000 fresh #Bitcoin addresses came into existence 🙌. 📊🪙 https://t.co/Py0QQeT…",237,0,0
2023-11-07,bitcoinlfgo,"🚀 JUST IN : 🚀
The count of addresses possessing a minimum of $1,000 worth of #Bitcoin  (equivalent to 0.028 #BTC ) has reached a record-breaking 8 million. 🙌📊🪙 https://t.co/y14zcALDZA",150,654,49
2023-11-07,bitcoinlfgo,Michael Saylor predicts a 10x increase in #Bitcoin's price. https://t.co/r6yrdMUIOC,133,793,58
2023-11-07,bitcoinlfgo,"🚀 Breaking News: 
On November 4, more than 700,000 fresh #Bitcoin addresses came into existence 🙌. 📊🪙 https://t.co/Py0QQeTIrO",237,963,43
2023-11-07,bitcoinlfgo,"🚀 Breaking Update: 
Michael Saylor shares on Fox Business, ""Following the halving, the supply is halved, and with the arrival of spot ETFs, demand is poised to surge significantly"" 🐂 #Bitcoin . 📈📊 https://t.co/giCmkevQmd",103,448,24
2023-11-07,bitcoinlfgo,RT @bitcoinlfgo: 🚀 Fresh Update: The Securities and Futures Commission in Hong Kong is exploring the potential launch of a #Bitcoin spot ET…,367,0,0
2023-11-06,bitcoinlfgo,"BIG BREAKING 🚨

WorldBank publishes report acknowledging the beneficial environmental impact of #Bitcoin mining in relation to gas flaring . https://t.co/LoMi6pCZPi",251,1192,66
2023-11-06,bitcoinlfgo,"An anonymous trailblazer is operating a full node within mainland China 🇨🇳

No prohibition can hinder the unstoppable force of #Bitcoin . 💪🚀 https://t.co/WLwJp62r1v",69,406,30
2023-11-06,bitcoinlfgo,"When asked if she prefers holding #Bitcoin or gold, Ark Invest CEO Cathie Wood unequivocally stated, ""#Bitcoin, without a doubt. Gold has experienced its demand. It's in the past."" 💡🪙 https://t.co/w6EH8H8u7S",115,646,52
2023-11-06,bitcoinlfgo,🚀 Fresh Update: The Securities and Futures Commission in Hong Kong is exploring the potential launch of a #Bitcoin spot ETF 🙌🇭🇰📊 https://t.co/fZ5C5jSExu,367,1693,54
2023-11-06,bitcoinlfgo,"🚨 Another crucial verdict on the Spot #Bitcoin ETF expected this week!

Will all ETFs receive the green light, or are we in for another postponement? 📅🤔📈 https://t.co/EdMEO0ejQz",153,847,35
2023-11-06,bitcoinlfgo,RT @bitcoinlfgo: JPMorgan anticipates the approval of a spot #Bitcoin ETF 'by December.' 📅🚀 https://t.co/oo4MxZZMyJ,448,0,0
2023-11-06,bitcoinlfgo,"RT @bitcoinlfgo: BREAKING 🚨

Hong Kong to launch #Bitcoin ETF https://t.co/xYBNvmSzh7",1354,0,0
2023-11-06,bitcoinlfgo,"BREAKING 🚨

Hong Kong to launch #Bitcoin ETF https://t.co/xYBNvmSzh7",1354,6905,206
2023-11-06,bitcoinlfgo,JPMorgan anticipates the approval of a spot #Bitcoin ETF 'by December.' 📅🚀 https://t.co/oo4MxZZMyJ,448,2580,98
2023-11-06,bitcoinlfgo,"#Bitcoin now boasts an equivalent user base to what the Internet had back in 1997.

This is just the beginning of an incredible journey. 🌐🚀 https://t.co/UWPK7sY0qs",197,1136,45
2023-11-06,bitcoinlfgo,"RT @bitcoinlfgo: BREAKING 🚨 CHINA #BITCOIN 

Hong Kong to allow regular investors buy #Bitcoin and crypto ETF https://t.co/TXOr16H7dc",1243,0,0
2023-11-06,bitcoinlfgo,"BREAKING 🚨 CHINA #BITCOIN 

Hong Kong to allow regular investors buy #Bitcoin and crypto ETF https://t.co/TXOr16H7dc",1243,5815,251
2023-11-06,bitcoinlfgo,"RT @bitcoinlfgo: 🚀 Breaking Update: Hong Kong is currently evaluating the possibility of permitting spot #Bitcoin  and cryptocurrency ETFs,…",544,0,0
2023-11-06,bitcoinlfgo,"The SEC's basis for rejecting any #Bitcoin Spot ETF has become significantly weakened.

Approval for these ETFs appears imminent and may well occur prior to January 10, 2024. 📆🚀 https://t.co/Zywpw78skC",242,1264,49
2023-11-06,bitcoinlfgo,"🚀 Breaking Update: Hong Kong is currently evaluating the possibility of permitting spot #Bitcoin  and cryptocurrency ETFs, reports Bloomberg. 🇭🇰📊 https://t.co/N1YMidarF5",544,2327,55
2023-11-06,bitcoinlfgo,"#Bitcoin is surging, with gains of more than 111% year-to-date! 📈🚀 https://t.co/5p8kNehSu3",266,1454,58
2023-11-04,bitcoinlfgo,"Michael Saylor on Bloomberg : Spot #Bitcoin ETFs Approval to ""Open Floodgates for Mainstream Retail and Institutional Capital. "" https://t.co/tkg7XSkof7",497,2438,124
2023-11-04,bitcoinlfgo,BREAKING 🚨 : US Fed Threatens to Sue #Bitcoin Magazine in Attempt to Silence FedNow Criticism. 🤯 https://t.co/GF1tw5ITjm,276,1464,105
2023-11-04,bitcoinlfgo,"🚀 Latest News Flash:

Valkyrie's Chief Investment Officer Foresees Possible Approval of Bitcoin ETF by the End of November 📅

Exciting developments on the horizon! 🚀📈 https://t.co/okL3aj32s7",320,1436,66
2023-11-04,bitcoinlfgo,"RT @bitcoinlfgo: 🚀 Fresh Update: An astounding 88.5% of the entire #Bitcoin supply has remained dormant for the past 3 months 📊

Looks like…",422,0,0
2023-11-04,bitcoinlfgo,"🚀 Fresh Update: An astounding 88.5% of the entire #Bitcoin supply has remained dormant for the past 3 months 📊

Looks like the bulls 🐂 are ready to charge! 🚀💥 https://t.co/V0j0iQSBcH",422,1879,133
2023-11-03,bitcoinlfgo,"RT @bitcoinlfgo: 🚨🚨 Breaking News: 
The SEC Set to Greenlight Spot #Bitcoin Applications by Month's End, according to Valkyrie's Senior Exe…",604,0,0
2023-11-03,bitcoinlfgo,"RT @bitcoinlfgo: SEC to approve Spot #Bitcoin ETFs by end of this month, Valkyrie top manager predicts. https://t.co/RtqbsICtRa",532,0,0
2023-11-03,bitcoinlfgo,26 DAYS LEFT FOR #BITCOIN ETF APPROVAL: Valkyrie top manager predicts. https://t.co/1eqwY2dqsH,489,2795,126
2023-11-03,bitcoinlfgo,"Block sells $2.42 billion worth of #Bitcoin to customers through Cash App in Q3, accounting for 40% of total revenue!! https://t.co/mbX6DwjWSq",193,1025,55
2023-11-03,bitcoinlfgo,"SEC to approve Spot #Bitcoin ETFs by end of this month, Valkyrie top manager predicts. https://t.co/RtqbsICtRa",532,2836,116
2023-11-03,bitcoinlfgo,"🚨🚨 Breaking News: 
The SEC Set to Greenlight Spot #Bitcoin Applications by Month's End, according to Valkyrie's Senior Executive. https://t.co/IrVfJ7qLIu",604,2694,111
2023-11-03,bitcoinlfgo,"RT @bitcoinlfgo: 🚨 #BLACROCK CEO 🚨

#BITCOIN IS SET TO RESHAPE THE FINANCIAL LANDSCAPE https://t.co/WdvjtLTvTG",889,0,0
2023-11-03,bitcoinlfgo,"🚨 #BLACROCK CEO 🚨

#BITCOIN IS SET TO RESHAPE THE FINANCIAL LANDSCAPE https://t.co/WdvjtLTvTG",889,4180,193
2023-11-03,bitcoinlfgo,"RT @bitcoinlfgo: SEC holds closed meeting today, with another scheduled for November 9th. #Bitcoin spot ETF approval rumors swirl! https://…",533,0,0
2023-11-03,bitcoinlfgo,"Michael Saylor predicts that ""Unprecedented"" demand is poised to increase #Bitcoin's value tenfold. https://t.co/euKnpSw0Z6",154,902,86
2023-11-03,bitcoinlfgo,"🚀 BREAKING NEWS 🚀

Michael Saylor's MicroStrategy has seen an astonishing nearly $1 BILLION increase in its #Bitcoin investment, proving there's no rival in sight! 👏 https://t.co/mC58LEpt5u",183,1003,58
2023-11-03,bitcoinlfgo,"Michael Saylor, in a live television appearance, points out that the halving event will reduce selling pressure by 50% while the emergence of spot #Bitcoin ETFs will boost the demand for #BTC. https://t.co/u7ho2Zt2Ca",248,1276,47
2023-11-03,bitcoinlfgo,"SEC holds closed meeting today, with another scheduled for November 9th. #Bitcoin spot ETF approval rumors swirl! https://t.co/aE7TBTE5AZ",533,2586,89
2023-11-02,bitcoinlfgo,".........................................
BREAKING NEWS 🚨
.........................................
$4.5 trillion Fidelity Director of Global Macro says #Bitcoin   is ""exponential gold."" 🐂 https://t.co/NW4jrYBhv7",437,2199,69
2023-11-02,bitcoinlfgo,"BIG BREAKING 🚨🚨 : #Bitcoin hits 1 million Turkish lira milestone!

#Bitcoin hit a new all-time high in Turkey on Thursday, breaking the 1 million Turkish lira barrier. https://t.co/dWX4DI6oPl",167,948,73
2023-11-02,bitcoinlfgo,"🚨MAJOR UPDATE🚨

St. Galler Kantonalbank, a Swiss financial institution, announces the launch of #Bitcoin and Ethereum custody services. https://t.co/UDUsXghAhK",107,583,38
2023-11-02,bitcoinlfgo,#BLACROCK SAID CRYPTO &amp; #BITCOIN WILL REPLACE INTERNATIONAL CURRENCIES . https://t.co/mi3eJO1cFf,768,3820,156
2023-11-02,bitcoinlfgo,"BREAKING 🚨

Argentina’s E-Commerce Giant, MercadoLibre, Increases #Bitcoin Holdings https://t.co/RVOWd9h9y3",210,1352,56
2023-11-02,bitcoinlfgo,"As per Mike Novogratz, CEO of Galaxy Digital, a #Bitcoin Spot ETF is expected to receive approval this year. https://t.co/UNwl3cu6Pv",242,1167,102
2023-11-02,bitcoinlfgo,"Exciting Update: 🚨🚨🚨
Swiss bank SGKB has extended the opportunity to all of its retail customers to purchase and trade #Bitcoin and cryptocurrencies. 🙌 https://t.co/1iXFwDqhNU",95,596,50
2023-11-02,bitcoinlfgo,"BREAKING 🚨

Fifth-largest 🇨🇭 Swiss cantonal bank St. Galler Kantonalbank to partner with SEBA Bank for #Bitcoin trading services . https://t.co/fBn3jXtLyd",220,1050,41
2023-11-02,bitcoinlfgo,"BREAKING 🚨
German asset manager DWS plans to launch #Bitcoin and crypto ETFs for retail investors https://t.co/rvag60Nimy",526,2068,74
2023-11-02,bitcoinlfgo,"The countdown begins! 
In a mere 69 days, the highly anticipated launch of the first #Bitcoin Spot ETF is expected, coinciding with the final deadline for Ark Invest's proposal.🤯🔥 https://t.co/dYIhyJ9KST",292,1081,65
2023-11-02,bitcoinlfgo,"In a stunning development, MicroStrategy's #Bitcoin holdings have reached an astonishing 158,400 #Bitcoin, now valued at over a staggering $5.6 BILLION! 🔥🤯 https://t.co/aAt6HkOhdV",82,490,64
2023-11-02,bitcoinlfgo,"#Bitcoin has surged back to $35,000, catching the attention of investors and enthusiasts alike. 👀 https://t.co/PZIBZjzLCz",216,948,77
2023-11-02,bitcoinlfgo,"🚨 Breaking News 

MicroStrategy, led by Michael Saylor, has recently acquired 155 #BTC at a cost of $5.3 million, increasing their total #Bitcoin holdings to an impressive 158,400 #BTC.

This strategic move further strengthens their #Bitcoin holdings!! https://t.co/qUnwBL1QUY",245,1217,68
2023-11-01,bitcoinlfgo,"BIG BREAKING 🚨

#Taiwan🇹🇼 is working on a Bill that may lead to the recognition of #Bitcoin as legal tender https://t.co/kbBaJ8lWgA",652,3219,105
2023-11-01,bitcoinlfgo,RT @bitcoinlfgo: Fresh Update: The Invesco/Galaxy #Bitcoin spot ETF has been assigned the ticker $BTCO and is now officially listed by the…,590,0,0
2023-11-01,bitcoinlfgo,"🚨🚨 Just 16 days left until the upcoming deadline for the next #Bitcoin spot ETF, which marks the debut deadline for Franklin and Hashdex. https://t.co/UfXFfwFD1D",258,1369,76
2023-11-01,bitcoinlfgo,"🚨 BREAKING NEWS 🚨
The ticker for Invesco and Galaxy's #Bitcoin spot ETF, $BTCO, has made its debut on the Depository Trust &amp; Clearing Corporation's website.

Get ready, because several #Bitcoin spot ETFs are on the horizon sooner than you might expect! 🔥 https://t.co/dxX9mgt7ul",426,1642,80
2023-11-01,bitcoinlfgo,Fresh Update: The Invesco/Galaxy #Bitcoin spot ETF has been assigned the ticker $BTCO and is now officially listed by the DTCC. 🚀👀 https://t.co/LVXEsuFGJk,590,2511,84
2023-11-01,bitcoinlfgo,"RT @bitcoinlfgo: BREAKING 🚨

RUMOR 🚨

SEC WILL POTENTIALLY GREENLIGHT 
A #BITCOIN SPOT ETF ON NOV 2ND. https://t.co/JUzplbk0df",865,0,0
2023-11-01,bitcoinlfgo,"RT @bitcoinlfgo: BREAKING 🚨

$700 billion AB Bernstein analyst says the approval of spot #Bitcoin   ETFs “seems imminent.” https://t.co/Ro0…",332,0,0
2023-11-01,bitcoinlfgo,"RT @bitcoinlfgo: Announcement: 
The ticket for Invesco and Galaxy's spot #Bitcoin ETF, $BTCO, is now listed on the DTCC website. 📰📊🪙 https:…",313,0,0
2023-11-01,bitcoinlfgo,"The October closing price of #Bitcoin was $34,661, and it is expected to experience a halving event in six months. https://t.co/3dhfavj1Wd",291,1410,106
2023-11-01,bitcoinlfgo,"RT @bitcoinlfgo: Urgent Update:🚨
Insider sources at the SEC indicate that the approval of the spot #Bitcoin ETF is nearly guaranteed, pendi…",410,0,0
2023-11-01,bitcoinlfgo,"Urgent Update:🚨
Insider sources at the SEC indicate that the approval of the spot #Bitcoin ETF is nearly guaranteed, pending final authorization from President Biden, Treasury Secretary Yellen, and informal rulemaker Jamie Dimon. 📰🔒🚀 https://t.co/n24z7tcdSJ",410,1515,86
2023-11-01,bitcoinlfgo,"Announcement: 
The ticket for Invesco and Galaxy's spot #Bitcoin ETF, $BTCO, is now listed on the DTCC website. 📰📊🪙 https://t.co/VMBO2iEuWl",313,1529,43
2023-11-01,bitcoinlfgo,"Breaking News: 
If approved, some of the globe's largest market-making firms are considering offering liquidity for BlackRock's proposed #Bitcoin ETF. 📊🪙 https://t.co/jd0TtwoQ2r",177,980,45
2023-11-01,bitcoinlfgo,"BREAKING NEWS 🚨

Billionaire Stan Druckenmiller says never owning #Bitcoin may have been a mistake 👌 https://t.co/SQ25CeMGra",286,1677,54
2023-11-01,bitcoinlfgo,"Recent Update: A staggering 40 million #Bitcoin addresses, constituting 80% of the total, are currently in a profitable state! 📈💰🎉 https://t.co/d59FR7c0vW",146,699,68
2023-11-01,bitcoinlfgo,"Breaking News:
AB Bernstein analyst predicts that the value of #Bitcoin might potentially surge to $150,000 by 2025. 📈🚀💰 https://t.co/XldiR0oAiJ",119,758,41
2023-10-31,bitcoinlfgo,"BREAKING 🚨

$700 billion AB Bernstein analyst says the approval of spot #Bitcoin   ETFs “seems imminent.” https://t.co/Ro0DD4cDcb",332,1683,87
2023-10-31,bitcoinlfgo,"RT @bitcoinlfgo: BIG BREAKING 🚨

🇺🇸 SEC Chair Gary Gensler says ""Happy 15th anniversary to Satoshi’s #Bitcoin White Paper UB https://t.co/n…",370,0,0
2023-10-31,bitcoinlfgo,"BIG BREAKING 🚨

🇺🇸 SEC Chair Gary Gensler says ""Happy 15th anniversary to Satoshi’s #Bitcoin White Paper UB https://t.co/nho78mk2tg",370,2097,88
2023-10-31,bitcoinlfgo,"BREAKING 🚨

RUMOR 🚨

SEC WILL POTENTIALLY GREENLIGHT 
A #BITCOIN SPOT ETF ON NOV 2ND. https://t.co/JUzplbk0df",865,4483,330
2023-10-31,bitcoinlfgo,"Interesting Fact: In the United States, the City of Miami proudly features the #Bitcoin white paper on its official website. 👏🌴📄 https://t.co/kJ8Hke5qEW",94,576,55
2023-10-31,bitcoinlfgo,"BREAKING 🚨

Glassnode Co-Founder Projects $15 Trillion #bitcoin ETF Tsunami https://t.co/lHNQHjgzA4",606,2877,156
