Timestamp,Username,Tweet Content,Retweets,Likes,Replies
2023-11-23,maxkeiser,Only #Bitcoin can save us! https://t.co/bTsBvB2g8a,34,237,28
2023-11-23,maxkeiser,"RT @maxkeiser: FACT: CZ never made it off the ‘Naughty list’ (We checked it TWICE) in #ElSalvador

Now that he’s pled guilty for his crimes…",41,0,0
2023-11-23,maxkeiser,"RT @CryptoNewsYes: 💥""FACT: CZ never made it off the ‘Naughty list’ in #ElSalvador. Now that he’s pled guilty for his crimes, Salvadorans ca…",4,0,0
2023-11-22,maxkeiser,"RT @Volcano_Energy: La Queen of Bitcoin, @stacyherbert, habló sobre los esfuerzos de @bitcoinofficesv y todos los Bitcoiners en El Salvador…",4,0,0
2023-11-22,maxkeiser,"RT @Volcano_Energy: The Queen of Bitcoin, @stacyherbert, discussed the efforts of @bitcoinofficesv and all Bitcoiners in El Salvador to bui…",16,0,0
2023-11-22,maxkeiser,"RT @elbrandonmartin: “Money existed before the state. Bitcoin separates money from state. Bitcoin will kill the state”
 
                 …",9,0,0
2023-11-22,maxkeiser,"RT @Bitcoin_Xoe: Digest this!

""The reason governments don’t end crime is because they are colluded with it, or because they benefit from i…",147,0,0
2023-11-22,maxkeiser,RT @BTC_Archive: BREAKING: The Kingdom of Bhutan has secretly spent millions building a national #Bitcoin mining operation to avert “econom…,812,0,0
2023-11-22,maxkeiser,"RT @PupusasG: I can't wait to go back to Berlin, the #bitcoin city of El Salvador 🇸🇻
I'm already counting down the days
@DecouvreBitcoin te…",9,0,0
2023-11-22,maxkeiser,RT @BeetleHodl: Hopefully @maxkeiser and @stacyherbert get through to him first! #Bitcoin,23,0,0
2023-11-22,maxkeiser,"RT @geekboyireland: #Bitcoin You always know what you're gonna get

- spotted in Rochester, New York 🇺🇸 https://t.co/RluIv3Y33U",64,0,0
2023-11-22,maxkeiser,"RT @CryptoNewsYes: ➡️""FACT: CZ never made it off the ‘Naughty list’ in #ElSalvador Now that he’s pled guilty for his crimes, Salvadorans ca…",6,0,0
2023-11-22,maxkeiser,"RT @Volcanoenergies: 🌎 #maxkeiser &amp; #stacyherbert see Bitcoin's bull run drawing more to El Salvador. Beyond the surge, they stress adoptio…",2,0,0
2023-11-22,maxkeiser,"Yanis Varoufakis is based AF 

(He missed #Bitcoin, but he’s worth listening to) https://t.co/Ir7H7xhNot",25,148,39
2023-11-22,maxkeiser,"I pitched Yanis Varoufakis to buy #Bitcoin at $50 

He wasn’t interested. https://t.co/cxKvcdmsjk",81,914,104
2023-11-22,maxkeiser,"RT @bitcoinofficesv: El Salvador is the headquarters for the most important bitcoin companies helping to fix the world

🇸🇻🚀",51,0,0
2023-11-22,maxkeiser,"Be a builder, not a bomber. 

The fiat money cucks can’t stop bombing &amp; killing. Now they’re bombing Demascus. 

The builders in #ElSalvador answer to a higher power - #Bitcoin 

Be a builder. Dream big. 

Don’t let fiat money printers destroy your reputation FOREVER!",41,241,26
2023-11-22,maxkeiser,"RT @ShannenPill: Why should people move to El Salvador @DrJackKruse?

“Bukele has returned freedom back to the people with Bitcoin. Once yo…",957,0,0
2023-11-22,maxkeiser,"FACT: CZ never made it off the ‘Naughty list’ (We checked it TWICE) in #ElSalvador

Now that he’s pled guilty for his crimes, Salvadorans can breathe easier this shitcoiner won’t be menacing them. 

Thanks to the heroic work of #Bitcoin Maximalists and economic freedom fighters… https://t.co/ziTB3hIUKS https://t.co/fiThv6mIJd",41,378,43
2023-11-22,maxkeiser,"FACT: CZ never made it off the ‘Naughty list’ in #ElSalvador

Now that he’s pled guilty for his crimes, Salvadorans can breathe easier this shitcoiner won’t be menacing them. 

Thanks to the heroic work of #Bitcoin Maximalists and economic freedom fighters in 🇸🇻 

From Berlin,… https://t.co/xX1ki8Zobz https://t.co/fiThv6mIJd",5,42,9
2023-11-22,maxkeiser,"RT @BitcoinPierre: Argentina 🇦🇷  has abundant shale reserves, could be used to generate electricity for #bitcoin mining and offer an econom…",47,0,0
2023-11-22,maxkeiser,RT @BitcoinAsHope: The best thing about @maxkeiser is he sees beyond the event horizon. He sees the future before it manifests in reality.…,6,0,0
2023-11-21,maxkeiser,"RT @SimplyBitcoinTV: THROWBACK (6/10/23) - “You were warned 💩coiners”

“cRyPtO” is Dead, Long Live #Bitcoin",13,0,0
2023-11-21,maxkeiser,"The AI industry is dying as #Bitcoin ‘s hash rate explodes higher. 

It’s a death match between these two for energy. 

AI will get starved of energy. 

#Bitcoin fights for humanity. 

AI fights for the devil. https://t.co/rRxOayZs6j",77,507,51
2023-11-21,maxkeiser,RT @coryklippsten: Reminder that Binance is bad for Bitcoin,33,0,0
2023-11-21,maxkeiser,"RT @Volcano_Energy: Now is a good time to remember when Argentinians formed the Bitcoin 'B', standing against the inflation of the Argentin…",8,0,0
2023-11-21,maxkeiser,RT @corybates1895: Presidential @nayibbukele &amp; @maxkeiser told CZ to pack sand.  Shitcoins are cancer.  #Bitcoin is freedom.🇸🇻🧡,27,0,0
2023-11-21,maxkeiser,"Yep! 

CZ is just one of many high profile shitcoiners that got tossed out of the country. 

#ElSalvador is #BITCOIN COUNTRY https://t.co/UpHqEEZwwj",132,1120,118
2023-11-21,maxkeiser,RT @CraigShipp: Folks should always listen to what Max has to say. @maxkeiser #Bitcoin  https://t.co/3N1HOLkvEI,13,0,0
2023-11-21,maxkeiser,"RT @Volcano_Energy: No room for shitcoiners in Bitcoin Country! 🚫 If you're a true orange pill believer, come and contribute to the Bitcoin…",4,0,0
2023-11-21,maxkeiser,"RT @CryptoNewsYes: ""The first major stop (for #Bitcoin) will be at $100,000 per coin""-@MaxKeiser [2018] 🚀🌓 https://t.co/Y3yJaslXQr",95,0,0
2023-11-21,maxkeiser,"RT @CryptoNewsYes: ""#Bitcoin will eat into global finance until it's $1M per coin""-@MaxKeiser &amp; @StacyHerbert 🇸🇻🌋 https://t.co/IiT3kT5eWF",100,0,0
2023-11-21,maxkeiser,"RT @CryptoNewsYes: 💥💥💥 @MaxKeiser in a recent interview with Swan revealed, ""Just 1% Will Cause The Price Of #Bitcoin To SKYROCKET"" 🚀

“Wit…",202,0,0
2023-11-21,maxkeiser,Scotland can break from the UK via #Bitcoin https://t.co/Erd9KyPlcQ,37,377,39
2023-11-21,maxkeiser,@babeswhobitcoin @Bitcoin_CLT @stacyherbert @BitcoinerEvents @orangepillapp https://t.co/KijusLDo72,0,8,3
2023-11-21,maxkeiser,RT @maxkeiser: How Bitcoin turns El Salvador into the next Singapore according to Max Keiser https://t.co/D8zWUZQiaR,28,0,0
2023-11-21,maxkeiser,#Bitcoin fixes this. https://t.co/VxdzXL1VQ0,5,88,19
2023-11-21,maxkeiser,RT @ChrisKnight407: #bitcoin fixes this https://t.co/P26lwjavs7,48,0,0
2023-11-21,maxkeiser,"False: 
Properly secured #Bitcoin has never been confiscated. https://t.co/eXRyi1FMPI",44,609,53
2023-11-21,maxkeiser,RT @CryptoNewsYes: 🔥🔥🔥 NEW @MaxKeiser on InfoWars with @GeraldCelente: Three nations in LATAM to make #Bitcoin legal tender in early 2024!🌋…,152,0,0
2023-11-21,maxkeiser,".@CynthiaMLummis, 

Look to #ElSalvador for leadership on #Bitcoin regulation. 

Our new Digital Asset Securities law is clear: 

If it’s not #Bitcoin, it’s an unregistered security (including ETH) 

Gary Gensler &amp; the SEC will eventually come around to #ElSalvador’s position.… https://t.co/7o4lMXHn44 https://t.co/UO8g7tuUqs",19,136,16
2023-11-21,maxkeiser,".@CynthiaMLummis, 

Look to #ElSalvador for leadership on #Bitcoin regulation. 

Our new Digital Asset Securities is clear: 

If it’s not #Bitcoin, it’s an unregistered security (including ETH) 

Gary Gensler &amp; the SEC will eventually come around to #ElSalvador’s position. 

It’s… https://t.co/KOTVdG4cCR https://t.co/UO8g7tuUqs",5,21,5
2023-11-21,maxkeiser,"RT @bitcoinofficesv: ""Building Bitcoin Country"" with @stacyherbert and @maxkeiser at the 2023 Plan ₿ Forum in Lugano. 

🇸🇻🚀",5,0,0
2023-11-21,maxkeiser,"Great for #Bitcoin &amp; Great for “BITCOIN COUNTRY” #ElSalvador 

We already treat everything NOT #Bitcoin as an unregistered security. 

And our economy and security and wellbeing is BOOMING!!! 

Once you let shitcoins in, you can expect open-defecation ( DeFe) on streets — like… https://t.co/jw0uGaxkKs https://t.co/V6ZdpidJzd",14,119,19
2023-11-20,maxkeiser,"RT @Day_trading247: RT @BTC_Archive: JUST IN: Three nations in LATAM to make #Bitcoin legal tender in early 2024 - Max Keiser

Which? 🤔 htt…",13,0,0
2023-11-20,maxkeiser,"RT @asobitcoin: We're a Bitcoin-friendly nation! 🙌Join us in embracing financial freedom and security with #Bitcoin. 

Ready to jump on boa…",7,0,0
2023-11-20,maxkeiser,RT @Volcano_Energy: Get an inside look at a Bitcoin mining machine. Share your thoughts on the video and let us know if you'd like to explo…,3,0,0
2023-11-20,maxkeiser,RT @TheBTCTherapist: #Bitcoin is freedom https://t.co/wCu40fc4MB,431,0,0
2023-11-20,maxkeiser,"RT @adam3us: @JMilei won the Argentina 🇦🇷 presidential election. Game on for austrian economics driven reform, and maybe some sovereign #bi…",49,0,0
2023-11-20,maxkeiser,RT @BitcoinNewsCom: NEW: 🇸🇻 El Salvador President Nayib Bukele authorizes 'Team #Bitcoin  El Salvador' to visit 🇦🇷 Argentina on a #Bitcoin…,192,0,0
2023-11-20,maxkeiser,"RT @maxkeiser: Everyone pointing a gun at someone right now in this instant, is doing Jamie Dimon’s work. 

Wake up, my dudes. 

Opt out.…",40,0,0
2023-11-20,maxkeiser,RT @Real_cesch: There is no second best #Bitcoin congrats to @JMilei for the election. Lets see if you will go into history. #Bitcoin will…,1,0,0
2023-11-20,maxkeiser,RT @Volcano_Energy: Meet some of our pleb miners who mine from home or their garage. These individuals believe in Bitcoin's mission and wan…,3,0,0
2023-11-20,maxkeiser,RT @geraldcelente: SPECIAL! I'll be on with the Bitcoin King of Kings and insightful economic analyst Max Keiser... Tune in at 3 PM ET to f…,22,0,0
2023-11-20,maxkeiser,"Study #Bitcoin
You’ll understand. https://t.co/crlJynBZW8",44,533,53
2023-11-20,maxkeiser,How Bitcoin turns El Salvador into the next Singapore according to Max Keiser https://t.co/D8zWUZQiaR,28,133,16
2023-11-20,maxkeiser,"RT @BTC_Archive: ""If printing money would end poverty, printing diplomas would end stupidity""

-Javier Milei
Argentina’s newly elected pro…",872,0,0
2023-11-20,maxkeiser,.@Volcano_Energy is proud to be a part of the President’s vision for “Bitcoin City” https://t.co/J6nsRhYGc9,7,55,6
2023-11-20,maxkeiser,"RT @OrangePillJam: The @Bitcoin_Mermaid is still in 🇸🇻 #ElZonte. Wanna hang out and build Hyperbitcoinization?

@nayibbukele 
@maxkeiser &amp;…",4,0,0
2023-11-20,maxkeiser,"RT @CryptoNewsYes: ➡️Nayib Bukele Clears ‘Team #Bitcoin El Salvador’ To Visit Argentina: @MaxKeiser🇦🇷

➡️Bitcoin-friendly Javier Milei wins…",16,0,0
2023-11-20,maxkeiser,"RT @LuganoPlanB: ""Building Bitcoin Country"" with @stacyherbert and @maxkeiser, moderated by @jimmysong from the Plan ₿ Forum 2023. 🇸🇻🇸🇻

Ge…",7,0,0
2023-11-20,maxkeiser,"RT @babeswhobitcoin: Next Sunday! Come join the @Bitcoin_CLT crew and @maxkeiser @stacyherbert #bitcoin

@BitcoinerEvents @orangepillapp

C…",14,0,0
2023-11-20,maxkeiser,"RT @maxkeiser: June 2021, #ElSalvador 🇸🇻 will make #Bitcoin legal tender. 

It was instantly clear to me that this opened a path to Volcano…",27,0,0
2023-11-20,maxkeiser,"RT @beatonpar: “Only Bitcoin has the prerequisites to be made legal tender by a country. No shitcoin qualifies.”
— Max Keiser
#Bitcoin",29,0,0
2023-11-20,maxkeiser,"RT @maxkeiser: Max Keiser’s #Bitcoin book; 

“The Book of Max - Relentless Optimism in the Age Of Bitcoin” 

Wanna understand the philosoph…",37,0,0
2023-11-20,maxkeiser,"RT @CryptoNewsYes: ➡️""It’s not enough for a country to make #Bitcoin legal tender. It must also do what #ElSalvador has done, erect impenet…",16,0,0
2023-11-20,maxkeiser,Watch my @TuckerCarlson interview: We talk about the blueprint #ElSalvador uses to become #BITCOIN COUNTRY that #Argentina can use to truly separate money from state. To truly kill off the central banks. https://t.co/taXvvNkbP7,13,116,20
2023-11-20,maxkeiser,"RT @maxkeiser: Tucker Carlson Interviews Max Keiser: 

- Sam Bankman-Fried’s crimes 
- Legal Wall St. racketeering &amp; frauds 
- How ‘Bitcoin…",68,0,0
2023-11-20,maxkeiser,RT @Bitcoin_CNN: ⚡Three nations in LATAM to make #Bitcoin legal tender in early 2024 - Max Keiser https://t.co/MNTVPHOWDH,7,0,0
2023-11-20,maxkeiser,Nayib Bukele Clears 'Team Bitcoin El Salvador' To Visit Argentina: Max Keiser https://t.co/Z6uOd1g6YV,290,2177,67
2023-11-20,maxkeiser,Correction: #Bitcoin replaces politics with perfect money https://t.co/nFCVOCfOhx,0,64,10
2023-11-20,maxkeiser,"RT @BTC_Archive: JUST IN: Three nations in LATAM to make #Bitcoin legal tender in early 2024 - Max Keiser

Which? 🤔 https://t.co/2Sc8mRyGXk",338,0,0
2023-11-20,maxkeiser,RT @BitPaine: We are at the “second crazy guy joins first crazy guy dancing in the field” stage of nation state #bitcoin adoption. https://…,119,0,0
2023-11-20,maxkeiser,"RT @AlexOttaBTC: The funniest fact of the Bitcoin story is that Bitcoiners, who have spent hundreds of hours to understand Bitcoin, in the…",100,0,0
2023-11-20,maxkeiser,"RT @SimplyBitcoinTV: “With legal tender, they scam you with the inflationary tax… #Bitcoin  is the natural reaction against central bank sc…",186,0,0
2023-11-20,maxkeiser,"YOU REALLY SHOULD MIGRATE! 

Phase 1 of my 10,000 begins 11/29

@nayibbukele⁩ &amp; @JMilei⁩ are reinventing the social contract, governance, and the nation state per the principles of Austrian Economics and the inherit governance and incentive model of #Bitcoin 

FREEDOM!!!!! https://t.co/TvMmx7rO0y",102,555,33
2023-11-20,maxkeiser,RT @saylor: No force on earth can stop an idea whose time has come. #Bitcoin https://t.co/WebSakMidR,3758,0,0
2023-11-20,maxkeiser,"RT @BTC_Archive: .@MaxKeiser, a key member of President Bukele’s team of Bitcoin advisors, says President Bukele has given the green light…",18,0,0
2023-11-20,maxkeiser,RT @saylor: #Bitcoin is hope for Argentina. Congratulations @JMilei.,2494,0,0
2023-11-20,maxkeiser,"WATCH: “Do you know how many seats in Congress Bukele had when he took office . . .  “

ALSO: The Pres. 🧢 says ‘Team #Bitcoin #El Salvador’ is cleared to visit 🇦🇷 on a Bitcoin diplomatic mission of peace &amp; economic freedom. 

ALSO: Nov 29, We Are Raising The Stakes! https://t.co/OqqnyO02b9",284,1685,57
2023-11-20,maxkeiser,"The #Bitcoin Global Revolution Rolls Into Argentina. 

Central bankers looking for new work. https://t.co/LOhnRW6LOE",398,3260,182
2023-11-20,maxkeiser,"RT @VandelayBTC: ""The central bank is a scam. With legal tender, they can scam you with the inflation tax. #Bitcoin is the natural reaction…",61,0,0
2023-11-20,maxkeiser,“It’s all going to zero against #Bitcoin” https://t.co/T3t4VL61iq,257,1812,51
2023-11-20,maxkeiser,"From 2012: 

“Max Keiser speaks with Tuur Demeester @TuurDemeester about Bitcoin, central banking and Argentina https://t.co/lD09hwkPFW",3,55,14
2023-11-20,maxkeiser,From 2012: I interview people using #Bitcoin in Argentina. https://t.co/hj0IOzb6KF,5,83,15
2023-11-20,maxkeiser,"RT @CryptoNewsYes: ""Fiat money breeds war. #Bitcoin monetizes peace &amp; love.""-@MaxKeiser https://t.co/nlOJ78hKP6",28,0,0
2023-11-20,maxkeiser,"Pres @nayibbukele has a #Bitcoin vision. 

@JMilei is turning that vision into a political movement. 

The global #Bitcoin movement will see the end of central banks and nation states as we’ve experienced them for 300 years. https://t.co/b71dZvp0Hv",264,1268,73
2023-11-20,maxkeiser,"Pres @nayibbukele had a #Bitcoin vision. 

@JMilei is turning that vision into a political movement. 

The global #Bitcoin movement will see the end of central banks and nation states as we’ve experienced them for 300 years. https://t.co/BooGZ2X0l9",4,18,7
2023-11-20,maxkeiser,RT @BitcoinNewsCom: 🇦🇷 JAVIER MILEI: #Bitcoin represents a return of money to its original creator - the private sector 🙌 https://t.co/c9J6…,553,0,0
2023-11-20,maxkeiser,"RT @DylanLeClair_: “With legal tender, they scam you with the inflationary tax… #Bitcoin is the natural reaction against central bank scamm…",956,0,0
2023-11-20,maxkeiser,"RT @stacyherbert: The Bukele Model is sweeping Latin America 

Economic liberty + #Bitcoin + security + vision = renaissance

🗽⚖️🚀

Only in…",161,0,0
2023-11-19,maxkeiser,"RT @CryptoNewsYes: 💥""BREAKING; El Salvador Will Have The Highest Bitcoin-Per-Capita Net Worth of Any Nation on Earth""-@MaxKeiser🇸🇻

💥“One #…",24,0,0
2023-11-19,maxkeiser,"RT @BigSeanHarris: Milei getting elected is better than any etf. #Bitcoin to catch on throughout Central and South America.

Latin America…",72,0,0
2023-11-19,maxkeiser,"RT @PrestonPysh: The IMF and World Bank right now...
Congrats #Argentina!
#Bitcoin https://t.co/Oi1n2z0y3Y",303,0,0
2023-11-19,maxkeiser,RT @BitcoinMagazine: BREAKING: Pro-#Bitcoin Argentine presidential candidate Javier Milei has WON the presidential election! 🇦🇷 https://t.c…,4152,0,0
2023-11-19,maxkeiser,"Mr President, @nayibbukele 

Do we have your Ok — for the #Bitcoin team to fly to Argentina, representing #ElSalvador, and invite Javier Milei to dine at the Presidential Palace here in 🇸🇻 and talk BITCOIN with you and the team. https://t.co/EcocFdIqdx",773,6137,345
2023-11-19,maxkeiser,I’m hearing 3 more countries in the region gonna make #Bitcoin legal tender early 2024.,599,4868,230
2023-11-19,maxkeiser,"#Bitcoin will cross $40,000 on the Javier Milei win in Argentina! https://t.co/3RBeNsQ3uK",428,3229,150
2023-11-19,maxkeiser,"#Bitcoin will cross $40,000 on the Javier Miele win in Argentina! https://t.co/3F6hkmARN5",2,9,5
2023-11-19,maxkeiser,"RT @BTC_Archive: 🇦🇷 Argentina’s pro-#Bitcoin Presidential candidate 

- Central Banks are a scam. 
- Bitcoin returns money to the private s…",940,0,0
