Timestamp,Username,Tweet Content,Retweets,Likes,Replies
2023-12-05,binance,"#Bitcoin has re-entered the top 10 assets globally.

$848.9 billion in market cap versus gold's $13.66 trillion 👀 https://t.co/34GiXFkJ89",348,1425,202
2023-12-05,binance,"Win up to 1 #Bitcoin with our $500,000 token airdrop!

Exclusive to the #Binance Web3 Wallet.

All the details below 👇

https://t.co/gBd9J6YNW6",83,321,61
2023-12-04,binance,"You've probably heard about #Bitcoin Spot ETFs by now.

But how might they impact the wider crypto industry?

Time to find out ⤵️

https://t.co/tFEcvliijq",312,1199,238
2023-12-04,binance,"The $42k effect

#Bitcoin https://t.co/OZ1iY4mi2A",816,4561,565
2023-12-03,binance,"$40,000 #Bitcoin on #Binance https://t.co/7L382u16MV",1265,6529,590
2023-12-03,binance,"93% of all #Bitcoin has now been mined.

21 million and never more. https://t.co/1rRFvsb2pZ",710,3050,372
2023-12-02,binance,"The #Bitcoin halving.

If you’re not sure what it is, you’re running out of time to find out.

Start here 👇

https://t.co/Xi8GSaGPnz",355,1396,254
2023-12-02,binance,"One Satoshi - named after you know who.

The smallest unit of #Bitcoin https://t.co/Vgy62UfvuS",1022,4201,1443
2023-12-01,binance,"RT @BinanceResearch: Time to look at this month's market insights!

Our research team analysed the state of the crypto market and provided…",527,0,0
2023-12-01,binance,"Le #Bitcoin est-il une valeur refuge pour les investisseurs et investisseuses ?

De plus en plus de personnes se posent la question. Le temps est donc venu d’examiner les faits.

En savoir plus 👇",0,0,0
2023-12-01,binance,"#Bitcoin có thật sự là tài sản trú an toàn tuyệt đối cho các nhà đầu tư không? 🧐

Nhiều người hỏi, nhưng câu trả lời xác đáng vẫn chưa có 😤

Anh em tò mò? Tìm đáp án cùng chúng tôi dưới đây👇",0,4,0
2023-12-01,binance,"Đã hơn một thập kỷ kể từ khi #Bitcoin ra đời

Bạn có thể đã nghe nói về việc Bitcoin tăng giá trong những năm qua nhưng vẫn còn rất nhiều dữ liệu để chúng ta phân tích ngoài giá của nó.

Cùng Binance nắm bắt #BTC rõ hơn qua bài viết dưới đây 👇",0,12,0
2023-12-01,binance,"O #Bitcoin é um ativo seguro para os investidores?

No blog, exploramos os fatos desta pergunta, que é cada vez mais vista pela internet.

Saiba mais 👇",0,0,0
2023-12-01,binance,"O tempo voa e já se passou mais de uma década desde a criação do #Bitcoin. 

Provavelmente, você já deve ter ouvido falar sobre o crescimento de preço do ativo ao longo dos anos, mas existe muita coisa para analisar, quando se trata da evolução da cripto mais popular do mercado.",0,0,0
2023-12-01,binance,"¿Es #bitcoin un activo refugio seguro para los inversores?

Ya que cada vez más personas se hacen esta pregunta, es hora de analizar los hechos.

Más información 👇",0,0,0
2023-12-01,binance,"¿Es #bitcoin un activo refugio seguro para los inversores?

Ya que cada vez más personas se hacen esta pregunta, es hora de analizar los hechos.

Más información 👇",0,0,0
2023-12-01,binance,"Ha pasado más de una década desde la creación de #bitcoin

Probablemente habrás oído hablar de las subidas de precio a lo largo de los años, pero hay mucho más que analizar en lo que respecta a la evolución de bitcoin.

Más información 👇",0,0,0
2023-12-01,binance,"Czy #Bitcoin to bezpieczna przystań dla inwestorów?

Ponieważ coraz więcej osób zadaje to pytanie, czas sprawdzić fakty.

Więcej informacji 👇",0,0,0
2023-12-01,binance,"Le #Bitcoin est-il une valeur refuge pour les investisseurs et investisseuses ?

De plus en plus de personnes se posent la question. Le temps est donc venu d’examiner les faits.

En savoir plus 👇",0,0,0
2023-12-01,binance,"Le #Bitcoin est-il une valeur refuge pour les investisseurs et investisseuses&amp;nbsp;?

De plus en plus de personnes se posent la question. Le temps est donc venu d’examiner les faits.

En savoir plus 👇",0,0,0
2023-12-01,binance,"Plus d’une décennie s’est écoulée depuis la création du #Bitcoin

Vous avez probablement entendu parler des augmentations de prix au fil des ans, mais l’analyse ne doit pas s’arrêter là en ce qui concerne l’évolution du Bitcoin.

En savoir plus 👇",0,0,0
