Timestamp,Username,Tweet Content,Retweets,Likes,Replies
2023-12-05,BTC_Archive,"I write a FREE #Bitcoin Newsletter so you don't miss any news  

https://t.co/HHqduAhZjf     

💥TAP here👇",14,102,26
2023-12-05,BTC_Archive,JUST IN: 🇨🇭City of Lugano now accepts #Bitcoin for payment of municipal taxes and services. https://t.co/oS0UcO2iVJ,386,2126,83
2023-12-05,BTC_Archive,#Bitcoin is up 180% since November 2022! 🚀 https://t.co/leaAM1Jl4t,152,1212,59
2023-12-05,BTC_Archive,"JUST IN: #Bitcoin smashed $43,000! https://t.co/9AzpDfnUaK",417,2360,113
2023-12-05,BTC_Archive,"JUST IN: #Bitcoin just smashed $43,000! https://t.co/6d4cdbCatt",51,283,24
2023-12-05,BTC_Archive,"JUST IN: Grayscale CEO on CNBC says he is “optimistic"" that a spot #Bitcoin ETF will be approved.  

“It remains a matter of when, not a matter of if.” https://t.co/y54pct3Pez https://t.co/FqdEqpaiZl",139,897,49
2023-12-05,BTC_Archive,NEW: For the first time in history we have an asset that's more scarce than gold - CNBC discussing #Bitcoin https://t.co/CI98L6WzuC,300,1445,58
2023-12-05,BTC_Archive,"BREAKING: 🇨🇭Swiss Fund manager Pando Asset officially files a spot #Bitcoin ETF application.

13 Bitcoin ETF applications in total now.

🌊🌊🌊

h/t: @JSeyff https://t.co/1diTUmc7me",483,2275,79
2023-12-05,BTC_Archive,"RT @BTC_Archive: 🔸Bitcoin hits $42,000! https://t.co/qxH6XHR22y",516,0,0
2023-12-05,BTC_Archive,"BREAKING: BlackRock sold $100,000 of its #Bitcoin ETF shares to a seed investor in October.   

A flood of money will pour in... 🌊🌊🌊 https://t.co/Z0kQaflUTX",667,3522,162
2023-12-05,BTC_Archive,"BREAKING: BlackRock seed investor bought $100,000 of its #Bitcoin ETF shares in October.   

A flood of money will pour in... 🌊🌊🌊 https://t.co/qdOSJgPsjS",75,487,39
2023-12-05,BTC_Archive,#Bitcoin is ready to fly... 🛩️ https://t.co/aHBPjDy2uY,143,1082,99
2023-12-05,BTC_Archive,NEW: #Bitcoin is on the way to 8 green weekly candles in a row for the first time since 2017. https://t.co/jeB1wcnJDv,326,1853,97
2023-12-04,BTC_Archive,"The SEC is actively working with #Bitcoin ETF applicants to get them over the line, as they are all filing updates after each round of discussions.  

Most applicants have filed multiple updates so far.

Approval seems inevitable now... 🚀",319,1795,74
2023-12-04,BTC_Archive,"BREAKING: BlackRock has updated its spot #Bitcoin ETF S-1 (prospectus)  after more feedback from the SEC. 👀   

h/t: @JSeyff https://t.co/f9KYW1SOfo",332,1948,64
2023-12-04,BTC_Archive,"🔸Bitcoin hits $42,000! https://t.co/qxH6XHR22y",516,3086,178
2023-12-04,BTC_Archive,NEW: 🇺🇸 Bitwise just updated its spot #Bitcoin ETF application after discussions with the SEC - @JSeyff https://t.co/oEqsrM3WvR,262,1631,69
2023-12-04,BTC_Archive,"RT @BTC_Archive: $41,800 #Bitcoin 
The Bull is back baby!

gm plebs! :) https://t.co/TEMFBxNc7Z",326,0,0
2023-12-04,BTC_Archive,RT @BTC_Archive: Bears waiting for $10k #Bitcoin 😂 https://t.co/XsfTO047Qf,291,0,0
2023-12-04,BTC_Archive,RT @BTC_Archive: 🔸 #Bitcoin Market Cap is now higher than Tesla and Berkshire Hathaway. 🚀 https://t.co/B256z9sZX9,713,0,0
2023-12-04,BTC_Archive,"NEW: Coinbase CEO says ""#Bitcoin may be the key to extending western civilisation."" https://t.co/MmlYCKaq2Q",340,2745,161
2023-12-04,BTC_Archive,JUST IN: 🇧🇷 Brazil's biggest bank Itau Unibanco launches #Bitcoin and crypto trading - Reuters https://t.co/2SXDmIuQ2U,789,3975,134
2023-12-04,BTC_Archive,"JUST IN - 🇸🇻 President Bukele: 
El Salvador's #Bitcoin  investments are in the black!  Of course, we have no intention of selling. 

✋💎🤚 https://t.co/JsTXhcmvcF",131,991,83
2023-12-04,BTC_Archive,"Bitcoin is coming for you, Silver.  

#Bitcoin            vs            Silver
🟧🟧🟧🟧🟧🟧⬜️⬜️⬜️⬜️$1.4T
$0.8T                 57%

🚀",148,985,68
2023-12-04,BTC_Archive,JUST IN: 🇶🇦 Qatar Sovereign Wealth Fund is looking to buy #Bitcoin. The rumours are getting very loud on this - @MaxKeiser https://t.co/n4aBIfUXiD,941,5243,173
2023-12-04,BTC_Archive,JUST IN: $100m leveraged #Bitcoin positions liquidated in last 24hrs https://t.co/cMEkSINRLQ,193,1734,112
2023-12-04,BTC_Archive,"NEW: #Bitcoin smashed $42,000 and there's ZERO hype. 

Just getting started...🚀 https://t.co/8xbyvUfhb1",243,1831,82
2023-12-04,BTC_Archive,"2023 gains:
- Bitcoin +150%
- Gold +18%

There is no second best... https://t.co/XlP8J6gfB4",182,1044,66
2023-12-04,BTC_Archive,"JUST IN: #Bitcoin hits $42,000 🚀 https://t.co/88qUQJeeKA",655,3550,172
2023-12-04,BTC_Archive,Bears waiting for $10k #Bitcoin 😂 https://t.co/XsfTO047Qf,291,2586,186
2023-12-04,BTC_Archive,"Bitcoin smashed $40,000 yesterday for the first time in 19 months and now racing to +$42K

#Bitcoin is up 153% in 2023.

We're just getting started... 🚀",129,909,73
2023-12-04,BTC_Archive,🔸 #Bitcoin Market Cap is now higher than Tesla and Berkshire Hathaway. 🚀 https://t.co/B256z9sZX9,713,3304,193
2023-12-04,BTC_Archive,"$41,800 #Bitcoin 
The Bull is back baby!

gm plebs! :) https://t.co/TEMFBxNc7Z",326,2115,154
2023-12-03,BTC_Archive,"🟠 $40,000 #Bitcoin https://t.co/lRQJOjaM9n",1946,9940,361
2023-12-03,BTC_Archive,"🇸🇻 You should visit El Salvador. 

On the ground report covering:
- Safety
- Economy
- Culture
- Investment opportunities
… and #Bitcoin 😎 🏄‍♂️ 

👇 https://t.co/7MR5mkuQyI",97,579,76
2023-12-03,BTC_Archive,"RT @MacroScope17: Last week, I flew from New York's JFK Airport to El Salvador. Here's what happened during my trip.

Because of Bitcoin, I…",1383,0,0
2023-12-02,BTC_Archive,🇺🇸 Major Jason Lowery writes to the US Defence Innovation Board advocating for #Bitcoin 🫡 https://t.co/pv8j5HvKOp,398,1815,99
2023-12-02,BTC_Archive,"RT @BTC_Archive: Step by step, #Bitcoin approaches $40K
Santa rally is here... 🎄🎅🎄 https://t.co/LOfFRwiwA5",280,0,0
2023-12-02,BTC_Archive,RT @BTC_Archive: NEW: 🟠 Jack Dorsey’s Block just launched its Decentralised #Bitcoin Exchange in Africa! https://t.co/PxzogblaEp,692,0,0
2023-12-02,BTC_Archive,"Step by step, #Bitcoin approaches $40K
Santa rally is here... 🎄🎅🎄 https://t.co/LOfFRwiwA5",280,1901,117
2023-12-02,BTC_Archive,RT @BTC_Archive: JUST IN: 🟠 Grayscale is preparing for its #Bitcoin ETF launch with the hiring of Invesco ETF executive as the managing dir…,994,0,0
2023-12-02,BTC_Archive,RT @BTC_Archive: 🟠 SEC most likely to approve a #Bitcoin ETF on either January 8 or 9 - Bloomberg's ETF analyst @JSeyff https://t.co/VH3G5e…,597,0,0
2023-12-01,BTC_Archive,"@robert_spalding @dCliffb @stackhodler @CalebFranzen Bitcoin is scarce (finite), but not exclusive. 

Divisibility ensures access for all who want it, no matter the price.",0,2,0
2023-12-01,BTC_Archive,RT @BTC_Archive: BREAKING: 🟠 SEC just confirmed it met with Grayscale for the second time yesterday to discuss converting the Grayscale Tru…,1799,0,0
2023-12-01,BTC_Archive,NEW: 🟠 Jack Dorsey’s Block just launched its Decentralised #Bitcoin Exchange in Africa! https://t.co/PxzogblaEp,692,4201,148
2023-12-01,BTC_Archive,"1 US Dollar = 2,578 SATS

#Bitcoin is cheap 😋",142,1047,83
2023-12-01,BTC_Archive,RT @BTC_Archive: 🟠 Bitcoin just hit the highest price in 574 days! https://t.co/GWdGFlGbC6,397,0,0
2023-12-01,BTC_Archive,"RT @BTC_Archive: JUST IN: MicroStrategy to raise up to $750m to buy MORE #Bitcoin  
👊😎👊 https://t.co/6JkylHddsr",460,0,0
2023-12-01,BTC_Archive,🟠 SEC most likely to approve a #Bitcoin ETF on either January 8 or 9 - Bloomberg's ETF analyst @JSeyff https://t.co/VH3G5euoZZ,597,3401,147
2023-12-01,BTC_Archive,"RT @BTC_Archive: Grayscale Bitcoin Trust holds +636K Bitcoin valued at $24 Billion.

When it converts into a Bitcoin ETF it will have an im…",219,0,0
2023-12-01,BTC_Archive,🟠NEW: Billions of dollars will pour into #Bitcoin ETFs and then it will break new All-Time Highs - Galaxy Digital's Mike Novogratz  🤝 https://t.co/fMEDMXMK43,390,2274,128
2023-12-01,BTC_Archive,RT @Eric_BIGfund: Exciting times as substantial investments flow into #Bitcoin from my family office clients this week. The momentum in Bit…,80,0,0
2023-12-01,BTC_Archive,"JUST IN: 🟠 Grayscale is preparing for its #Bitcoin ETF launch with the hiring of Invesco ETF executive as the managing director to head distribution and strategic partnerships.

It's all set for 🚀 https://t.co/9lIN5bfvB8",994,4505,167
2023-12-01,BTC_Archive,"RT @BTC_Archive: Few understand… 
#Bitcoin https://t.co/0nMUWIVIwr",462,0,0
2023-12-01,BTC_Archive,@MCHammer Yo Hammer - do you hold Bitcoin?,0,0,0
2023-12-01,BTC_Archive,"BREAKING: 🟠 SEC just confirmed it met with Grayscale for the second time yesterday to discuss converting the Grayscale Trust into a #Bitcoin ETF.

SEC also met with BlackRock on Wednesday regarding their Bitcoin ETF application.

Inevitable... https://t.co/yrSJPvp1rR",1799,7528,269
2023-12-01,BTC_Archive,"🟠 Founder of $240 billion asset manager, Ric Edelman, says financial advisors are waiting for #Bitcoin ETF before recommending Bitcoin to clients. https://t.co/641Z6TGhAe",270,1472,91
2023-12-01,BTC_Archive,🟠 Bitcoin just hit the highest price in 574 days! https://t.co/GWdGFlGbC6,397,2275,109
2023-12-01,BTC_Archive,"gm gm :))
Nice to wake up to Bitcoin over 38K and PUMPING!

LFG! 🚀",84,831,114
2023-11-30,BTC_Archive,RT @BTC_Archive: NEW: MicroStrategy is now $1.29 BILLION in profit on its #Bitcoin holdings. https://t.co/HLwX2JdTiZ,860,0,0
2023-11-30,BTC_Archive,"RT @BTC_Archive: BREAKING: BlackRock met with the SEC's Trading &amp; Markets division yesterday regarding their #Bitcoin ETF application. 

Bl…",704,0,0
2023-11-30,BTC_Archive,"RT @BTC_Archive: BREAKING: 🇨🇭Swiss Fund manager Pando Asset just filed a spot #Bitcoin ETF application with the SEC. 

🌊 🌊🌊 https://t.co/nE…",948,0,0
2023-11-30,BTC_Archive,"JUST IN: MicroStrategy to raise up to $750m to buy MORE #Bitcoin  
👊😎👊 https://t.co/6JkylHddsr",460,2887,162
2023-11-30,BTC_Archive,JUST IN: MicroStrategy to raise up to $750m to buy MORE #Bitcoin  👊😎👊 https://t.co/CenJRjiBUj,3,21,10
2023-11-30,BTC_Archive,"Grayscale Bitcoin Trust holds +636K Bitcoin valued at $24 Billion.

When it converts into a Bitcoin ETF it will have an immediate advantage over other ETFs that will be hard to displace.

BlackRock, Fidelity, Franklin Templeton will have to do a lot of marketing to compete.",219,1308,114
2023-11-30,BTC_Archive,NEW: MicroStrategy is now $1.29 BILLION in profit on its #Bitcoin holdings. https://t.co/HLwX2JdTiZ,860,4851,216
2023-11-30,BTC_Archive,"NEW: MicroStrategy now holds 174,530 #Bitcoin at an average price $30,252 https://t.co/Cv9OzoNIFE",428,2925,114
2023-11-30,BTC_Archive,BREAKING: MicroStrategy just bought $593 million #Bitcoin,354,2469,135
2023-11-30,BTC_Archive,"JUST : Grayscale Trust becomes ‘Live Betting Line’ for Spot #Bitcoin ETF - Bloomberg

The GBTC discount vs Bitcoin price continues to contract and reflects confidence that an ETF will be approved. https://t.co/mmqrOufqM8",267,1407,59
2023-11-30,BTC_Archive,"Few understand… 
#Bitcoin https://t.co/0nMUWIVIwr",462,2550,162
2023-11-29,BTC_Archive,"RT @BTC_Archive: JUST IN: 🇺🇸 Bloomberg confirms  Bitcoin ETF approval a 90% chance by January 10. 

Updated filings have only added further…",459,0,0
2023-11-29,BTC_Archive,RT @BTC_Archive: NEW: 🇺🇸 Global banking giant Standard Chartered says spot #Bitcoin ETF approvals “are likely to come sooner than expected.…,301,0,0
2023-11-29,BTC_Archive,"RT @BTC_Archive: 🟢 #Bitcoin is green for the 7th week in a row.

The last 2 times this happened:
- Covid crash bounce-back
- Start of bull…",413,0,0
2023-11-29,BTC_Archive,"RT @DSBatten: Why the @BBCNews article on Bitcoin and Water is a monument to journalistic laziness
https://t.co/BRGRXzAeBW

The day after t…",359,0,0
2023-11-29,BTC_Archive,"BREAKING: 🇨🇭Swiss Fund manager Pando Asset just filed a spot #Bitcoin ETF application with the SEC. 

🌊 🌊🌊 https://t.co/nEICNS3wYY",948,4564,125
2023-11-29,BTC_Archive,"BREAKING: 🇺🇸 Pando Asset just filed a spot #Bitcoin ETF application. 

🌊 🌊🌊 https://t.co/2pN86uiJS8",14,68,17
2023-11-29,BTC_Archive,"BREAKING: BlackRock met with the SEC's Trading &amp; Markets division yesterday regarding their #Bitcoin ETF application. 

BlackRock presented a ""revised"" in-kind model based on previous feedback from the SEC - Bloomberg’s @EricBalchunas 

Inevitable… 😎 https://t.co/qzqxW833bT",704,2877,129
2023-11-29,BTC_Archive,"RT @BTC_Archive: JUST IN: #Bitcoin on track to hit $100,000 in 2024, says global bank Standard Chartered https://t.co/IjHJUELVyi",748,0,0
2023-11-29,BTC_Archive,"RT @BTC_Archive: JUST IN: Multiple spot #Bitcoin ETFs will be approved in Q1 2024 ""paving the way for institutional investment"" says $840B…",504,0,0
2023-11-29,BTC_Archive,"RT @BTC_Archive: 🇺🇸 $1.5 trillion Franklin Templeton filed an update to its #Bitcoin ETF application.

All the Bitcoin ETFs are now aligned…",591,0,0
2023-11-29,BTC_Archive,"What? 😂 
Yo @BBCNews 

That’s not how Bitcoin works… 🤦🏻‍♂️ https://t.co/BBn9Mp5AM2",143,1213,245
2023-11-29,BTC_Archive,RT @BTC_Archive: BREAKING: 🇸🇷 South American nation of Suriname is exploring adopting #Bitcoin as part of its energy and economic developme…,327,0,0
2023-11-29,BTC_Archive,"JUST IN: 🇺🇸 Bloomberg confirms  Bitcoin ETF approval a 90% chance by January 10. 

Updated filings have only added further clarity for SEC after discussions - Senior ETF analyst @EricBalchunas",459,2177,148
2023-11-29,BTC_Archive,"RT @BTC_Archive: #Bitcoin $38,000! 

LFG! 🔥 https://t.co/qPubcjvP5C",758,0,0
2023-11-29,BTC_Archive,RT @BTC_Archive: JUST IN: 🇺🇸 Today’s SEC decision to delay two #Bitcoin ETF applications is “likely a move to line every applicant up for p…,603,0,0
2023-11-29,BTC_Archive,"JUST IN: #Bitcoin on track to hit $100,000 in 2024, says global bank Standard Chartered https://t.co/IjHJUELVyi",748,3457,274
2023-11-29,BTC_Archive,"NEW: 🇺🇸 Global banking giant Standard Chartered says spot #Bitcoin ETF approvals “are likely to come sooner than expected."" 

Inevitable... 😉 https://t.co/CkzxQ0NUG5",301,1638,129
2023-11-29,BTC_Archive,"JUST IN: Multiple spot #Bitcoin ETFs will be approved in Q1 2024 ""paving the way for institutional investment"" says $840B global bank Standard Chartered in research note to investors. 

It's coming...👀 https://t.co/BRpmCXHZ0Y",504,2462,121
2023-11-29,BTC_Archive,NEW: Jack Dorsey leads $6.2m funding round for a globally decentralised #Bitcoin mining pool developed by OCEAN. https://t.co/yexhUzOaDl,244,1628,90
2023-11-29,BTC_Archive,"🇺🇸 $1.5 trillion Franklin Templeton filed an update to its #Bitcoin ETF application.

All the Bitcoin ETFs are now aligned for an approval by the 10th of January. 👀 https://t.co/4xetRZd9SW",591,2873,125
2023-11-29,BTC_Archive,"🟢 #Bitcoin is green for the 7th week in a row.

The last 2 times this happened:
- Covid crash bounce-back
- Start of bull run 🤔 https://t.co/DynvUqkcHe",413,2168,124
2023-11-29,BTC_Archive,"It's the #Bitcoin you stack when nobody's watching that makes all the difference.

gm plebs :) https://t.co/vaWPbM8FQA",91,607,87
2023-11-28,BTC_Archive,"RT @BTC_Archive: ° Jim Cramer, the entertainer, sold his #Bitcoin 
° Paul Tudor Jones, legendary investor, increased his allocation from 1%…",393,0,0
2023-11-28,BTC_Archive,"RT @JSeyff: UPDATE: Franklin has submitted an updated prospectus for their spot #Bitcoin ETF

Earlier today (tweet below) i said that Frank…",166,0,0
2023-11-28,BTC_Archive,BREAKING: 🇸🇷 South American nation of Suriname is exploring adopting #Bitcoin as part of its energy and economic development strategy @Excellion https://t.co/SObaSJFb08,327,1860,104
2023-11-28,BTC_Archive,"JUST IN: 🇺🇸 Today’s SEC decision to delay two #Bitcoin ETF applications is “likely a move to line every applicant up for potential approval by Jan 10, 2024” - Bloomberg ETF analyst @JSeyff 

LFG! 🔥",603,3444,134
