Timestamp,Username,Tweet Content,Retweets,Likes,Replies
2023-11-23,binance,"There's just 2 weeks left to catch the #Bitcoin wave on #Binance with our special promotion.

Trade eligible Spot BTC pairs to win your share of $10,000 in #BTC!

Go 👉 https://t.co/QeYBOPZjVF https://t.co/2xz9XVsWkk",118,648,214
2023-11-22,binance,"Looking to create your own #Bitcoin ordinals?

Then look no further, we've covered all you need to know.

Click here to get started ⤵️

https://t.co/Xn1IiKTBRp",359,973,359
2023-11-21,binance,"#Bitcoin paved the way for crypto as we now know it.

But how has its dominance changed over the years?

Find out ⤵️

https://t.co/zrrDVv7ODg",235,989,295
2023-11-19,binance,"What do Bitcoin, Ethereum and BNB Chain have in common?

They're all layer-1 blockchains.

Here are the key features of L1s 👇",293,1204,421
2023-11-19,binance,"It’s 14 years today since Satoshi first registered on BitcoinTalk.

One of many historic days for #Bitcoin https://t.co/7fcb5PpCK9",835,3494,563
2023-11-17,binance,"Is #Bitcoin a safe-haven asset for investors?

With more and more people asking the question, it’s time to explore the facts.

Find out more 👇",0,1,0
2023-11-17,binance,"Is #Bitcoin a safe-haven asset for investors?

With more and more people asking the question, it’s time to explore the facts.

Find out more 👇",0,0,0
