Timestamp,Username,Tweet Content,Retweets,Likes,Replies,scores
2023-10-16 21:02:37,APompliano,"The critics must be in disbelief hearing Blackrock CEO Larry Fink call bitcoin a ""flight to quality.""

This will make many people wonder what they have missed in their analysis.

Eventually everyone understands.",217,1861,152,-0.3805921
2023-10-16 13:50:31,APompliano,One thing is obvious — the market wants the bitcoin ETF so badly.,176,2426,171,-0.29628477
2023-10-16 13:44:02,APompliano,"The Blackrock bitcoin ETF news appears to be fake.

I have deleted the previous tweet until we get better confirmation.",158,1620,206,-0.70172745
2023-10-12 02:01:13,APompliano,@bitcoin_eagle They have added more than $500 billion in less than a month…,0,1,1,0.3879059
2023-10-11 14:43:34,APompliano,"@JedoBak The US dollar and bitcoin will both strengthen together and the weak fiat currencies will be the ones to suffer. 

You can see this with the rise of dollar backed stablecoins as an example.",0,2,6,0.1565471
