Timestamp,Username,Tweet Content,Retweets,Likes,Replies
2023-10-17 07:00:02,kucoincom,"Grayscale’s GBTC and spot Bitcoin ETF are all the rage in the crypto market! GBTC vs Bitcoin - which is the better investment? 🤔

Our latest article dives deep into the pros, cons, and key differences. 💼📈 👉 
 
#Bitcoin #GBTC #Grayscale #BitcoinETF",19,101,59
2023-10-17 04:00:30,kucoincom,"🚀 Today's top #crypto highlights on #KuCoinMarketWatch ⤵️

🟢 False #SEC approval report boosts $BTC above $30,000

🟢 $TIA surges 2,700% in #KuCoin's Pre-Market Trading debut

🟢 US government's #Bitcoin sales uninfluenced by market

Swipe right for more news ➡️",17,102,84
2023-10-12 06:00:01,kucoincom,"🚀 Stay tuned for #crypto updates - join #KuCoinMarketWatch today ⤵️

🟢 Fear &amp; Greed Index plunges to ""Fear"" territory

🟢 #Bitcoin Lightning Network grows 1,212% in 2 years

🟢 #BigTime game launches with 90% rebound, gaming tokens $BNX &amp; $YGG also gain

Swipe right for more ➡️",16,103,35
2023-10-11 13:00:01,kucoincom,"🚀 Crypto enthusiasts, the countdown is on! #BitcoinHalving 2024 is less than 200 days away.

What does it mean for you and the #crypto market? Dive into our latest article for insights and #Bitcoin price prediction! 👇",21,115,46
