Timestamp,Username,Tweet Content,Retweets,Likes,Replies
2023-10-31,bitcoinlfgo,"BREAKING 🚨

RUMOR 🚨

SEC WILL POTENTIALLY GREENLIGHT 
A #BITCOIN SPOT ETF ON NOV 2ND. https://t.co/JUzplbk0df",113,506,47
2023-10-31,bitcoinlfgo,"Interesting Fact: In the United States, the City of Miami proudly features the #Bitcoin white paper on its official website. 👏🌴📄 https://t.co/kJ8Hke5qEW",22,142,26
2023-10-31,bitcoinlfgo,"BREAKING 🚨

Glassnode Co-Founder Projects $15 Trillion #bitcoin ETF Tsunami https://t.co/lHNQHjgzA4",230,1030,86
2023-10-31,bitcoinlfgo,🚀 Breaking News: Valkyrie has recently revised their spot #Bitcoin ETF application!🤯 https://t.co/b8zLFjKNhT,164,896,58
2023-10-31,bitcoinlfgo,"RT @bitcoinlfgo: BREAKING NEWS 🚨

REPORTS OF SEC WORKING WITH COMPANIES IN #BITCOIN SPOT ETF APPROVAL 💥 https://t.co/7dwZJtCInT",437,0,0
2023-10-31,bitcoinlfgo,"BREAKING NEWS 🚨

REPORTS OF SEC WORKING WITH COMPANIES IN #BITCOIN SPOT ETF APPROVAL 💥 https://t.co/7dwZJtCInT",437,2173,114
2023-10-31,bitcoinlfgo,"Exactly 15 years ago, Satoshi Nakamoto introduced the whitepaper for #Bitcoin 
🪙🎉 https://t.co/syChGYtEcC",133,703,65
2023-10-31,bitcoinlfgo,"BIG BREAKING 🚨

Valkyrie has updated its application for the spot #Bitcoin -ETF.",116,820,62
2023-10-31,bitcoinlfgo,"Exactly 15 years ago, Satoshi Nakamoto introduced the whitepaper for #Bitcoin 
🪙🎉 https://t.co/OWX6R7VV9O",2,11,3
2023-10-31,bitcoinlfgo,"RT @bitcoinlfgo: Breaking News: Valkyrie revises its spot #Bitcoin ETF, following similar updates by BlackRock, Ark, and VanEck. 👀📰 https:/…",331,0,0
2023-10-31,bitcoinlfgo,"Fresh Update: Galaxy Digital CEO anticipates that the SEC will grant approval for spot #Bitcoin ETFs ""within this year,"" as reported by Bloomberg. 🚀📰 https://t.co/lKdr3Guuhd",115,613,42
2023-10-31,bitcoinlfgo,"Breaking News: Valkyrie revises its spot #Bitcoin ETF, following similar updates by BlackRock, Ark, and VanEck. 👀📰 https://t.co/Ro67jTwwGu",331,1686,82
2023-10-31,bitcoinlfgo,"Breaking Update:

Analyst Jim Cramer predicts a decline in #Bitcoin's price. 📉🤔 https://t.co/MTJnQN9E8c",141,1202,257
2023-10-30,bitcoinlfgo,"BREAKING NEWS 🚨

Galaxy Digital CEO expects the SEC will approve spot #Bitcoin ETFs ""this year"" — Bloomberg https://t.co/z5skblwPfU",299,1444,64
2023-10-30,bitcoinlfgo,"Breaking News:🚨🚨
The United Kingdom is set to introduce its initial regulations for #Bitcoin and cryptocurrencies, mandating that market participants obtain authorization before providing services to consumers, reports Reuters. 📊🇬🇧 https://t.co/6DIOEEJDnh",70,404,74
2023-10-30,bitcoinlfgo,"#Bitcoin is on the verge of breaking out to new all-time highs! The bulls are in charge, and momentum is building! 💪🔥🤯 https://t.co/ZhCzgqKfle",158,993,116
2023-10-30,bitcoinlfgo,"RT @bitcoinlfgo: 🚨
BlackRock is going to start buying #Bitcoin https://t.co/UxeO7h17IE",834,0,0
2023-10-30,bitcoinlfgo,"🚨
BlackRock is going to start buying #Bitcoin https://t.co/UxeO7h17IE",834,4680,305
2023-10-30,bitcoinlfgo,"RT @bitcoinlfgo: 🚨
$4.5 TRILLION Fidelity Digital Assets says ""#Bitcoin price is heavily discounted"" https://t.co/UXsFb3E2Ks",445,0,0
2023-10-30,bitcoinlfgo,"🚨
$4.5 TRILLION Fidelity Digital Assets says ""#Bitcoin price is heavily discounted"" https://t.co/UXsFb3E2Ks",445,2422,108
2023-10-30,bitcoinlfgo,"BREAKING 🚨

#BITCOIN ON A BULL RUN 🐂 https://t.co/iXXbaR6WLd",295,1898,145
2023-10-30,bitcoinlfgo,"Breaking Update: VanEck's updated spot #Bitcoin ETF prospectus mirrors BlackRock's seed funding approach. 

Distinctively, VanEck suggests using real #Bitcoin for seed funding, granting the ETF instant, direct exposure to #Bitcoin. 🚀🪙📰 https://t.co/wfQcvIZOlk",230,959,55
2023-10-30,bitcoinlfgo,Breaking News: Thailand's second-largest bank is purchasing a 97% share in a local #Bitcoin and cryptocurrency exchange. 🇹🇭🪙📰 https://t.co/8drb6AbwKD,129,734,55
2023-10-30,bitcoinlfgo,"JUST IN : Zodia, a #Bitcoin and crypto enterprise owned by banking giant Standard Chartered, is commencing operations in Hong Kong.

Hong Kong recognizes the potential of digital assets in shaping the future. 🇭🇰🚀🪙 https://t.co/jcJxnop0pv",137,672,52
2023-10-30,bitcoinlfgo,"BREAKING NEWS 🚨

Thailand's 2nd largest bank is acquiring a 97% stake in a local #Bitcoin and crypto exchange 🇹🇭 https://t.co/TI8C2TWQc2",494,2310,133
2023-10-30,bitcoinlfgo,RT @bitcoinlfgo: Fresh Update: VanEck has resubmitted a spot #Bitcoin ETF request to the U.S. SEC for consideration. 📊🚀 https://t.co/T7L8Xr…,427,0,0
2023-10-30,bitcoinlfgo,"BIG BREAKING NEWS 🚨

VanEck has resubmitted a spot #Bitcoin ETF request to the U.S. SEC for consideration. 📊🚀 https://t.co/QIizHV5sbj",515,2323,152
2023-10-30,bitcoinlfgo,Fresh Update: VanEck has resubmitted a spot #Bitcoin ETF request to the U.S. SEC for consideration. 📊🚀 https://t.co/T7L8Xredhq,427,1896,131
2023-10-30,bitcoinlfgo,"The #Bitcoin halving is rapidly approaching, less than half a year to go!

Bullish sentiments on the rise! 🚀🐂 https://t.co/lDhvADBVBl",231,1128,104
2023-10-29,bitcoinlfgo,"RT @bitcoinlfgo: BREAKING NEWS 🚨
----------------------------------
10 #Bitcoin  ETF filings under consideration to be approved : SEC 🇺🇲 Ch…",670,0,0
2023-10-29,bitcoinlfgo,"BREAKING NEWS 🚨
----------------------------------
10 #Bitcoin  ETF filings under consideration to be approved : SEC 🇺🇲 Chairman Gary Gensler . https://t.co/K6CI5CWEpf",670,3148,233
2023-10-28,bitcoinlfgo,"RT @bitcoinlfgo: VALUE OF $10,000 INVESTED IN #BTC, APPLE OR TESLA 10 YEARS AGO

Amazon : $93,940
#Bitcoin : $2,854,446
Meta : $81,000
Alph…",431,0,0
2023-10-28,bitcoinlfgo,"VALUE OF $10,000 INVESTED IN #BTC, APPLE OR TESLA 10 YEARS AGO

Amazon : $93,940
#Bitcoin : $2,854,446
Meta : $81,000
Alphabet : $57,577
Netflix: $121 ,321
Tesla : $275,280
Apple : $107,879 https://t.co/wReGfzi10M",431,1873,193
2023-10-28,bitcoinlfgo,"RT @bitcoinlfgo: BREAKING NEWS 🚨

$300 billion could flow into #Bitcoin after a spot ETF is approved by the SEC; says the CEO of Morgan Cre…",594,0,0
2023-10-28,bitcoinlfgo,"BREAKING NEWS 🚨

$300 billion could flow into #Bitcoin after a spot ETF is approved by the SEC; says the CEO of Morgan Creek Capital. https://t.co/v2LnZwtTAx",594,2686,199
2023-10-28,bitcoinlfgo,"BREAKING 🚨

Former SEC insider says spot #Bitcoin ETF is ‘a matter of months’ . https://t.co/EHP5lgNHZn",416,2402,198
2023-10-28,bitcoinlfgo,"RT @bitcoinlfgo: BREAKING 🚨 NEWS 
The U.S. #SEC 🇺🇲 is currently considering between eight and 10 #Bitcoin #ETF applications, said Chair #Ga…",449,0,0
2023-10-28,bitcoinlfgo,"BREAKING 🚨 NEWS 
The U.S. #SEC 🇺🇲 is currently considering between eight and 10 #Bitcoin #ETF applications, said Chair #GaryGensler. $BTC https://t.co/RVsfJXsW5y",449,1837,178
2023-10-28,bitcoinlfgo,"ARK Invest CEO Cathie Wood is bullish on #Bitcoin ETFs, saying there is a 99% chance a spot #Bitcoin ETF will be approved in 2024. https://t.co/OGbQhxSxHw",272,1574,136
2023-10-28,bitcoinlfgo,"RT @bitcoinlfgo: BREAKING 🚨

‘We are 99% sure a #Bitcoin Spot ETF is coming in 2024.’

- Cathie Wood https://t.co/t27lHVuCBv",1123,0,0
2023-10-28,bitcoinlfgo,"BREAKING 🚨

‘We are 99% sure a #Bitcoin Spot ETF is coming in 2024.’

- Cathie Wood https://t.co/t27lHVuCBv",1123,5007,296
2023-10-28,bitcoinlfgo,"BREAKING 🚨

The former director of BlackRock said that the SEC will approve spot #Bitcoin   ETFs within 2 to 3 months.

also said there could be capital inflows of up to $200 billion. https://t.co/owJgorqz4y",426,1926,173
2023-10-28,bitcoinlfgo,"Matrixport predicts that #Bitcoin's fifth bull market has begun and could send #BTC prices to $125,000 by 2024.🤯🚀 https://t.co/HjLliK6OR6",201,1078,108
2023-10-28,bitcoinlfgo,"RT @bitcoinlfgo: El Salvador has attracted over 80 #Bitcoin companies, making it a global hub for #Bitcoin innovation. 🔥🚀🇸🇻 https://t.co/2T…",520,0,0
2023-10-28,bitcoinlfgo,"El Salvador has attracted over 80 #Bitcoin companies, making it a global hub for #Bitcoin innovation. 🔥🚀🇸🇻 https://t.co/2Tl1oAiDR9",520,2709,117
2023-10-28,bitcoinlfgo,Uber CEO Dara Khosrowshahi has confirmed that Uber will absolutely accept #Bitcoin and other cryptocurrencies as payment in the future.🤯🔥🔥 https://t.co/fO4cNk8xwL,172,996,57
2023-10-28,bitcoinlfgo,"#Bitcoin exchange supply reaches a 6-year low, signaling strong bullish sentiment. 🚀🐂 https://t.co/2qyHmvzSqa",205,1229,76
2023-10-28,bitcoinlfgo,"Ex-SEC Chair Jay Clayton says a spot #Bitcoin ETF is ""inevitable"" and that he would have approved one if he was still in charge.

The arrival of a #Bitcoin ETF seems certain; the only uncertainty is when!! 🔥🚀 https://t.co/bcnDDypZoR",234,1161,95
2023-10-28,bitcoinlfgo,"RT @bitcoinlfgo: BREAKING NEWS 🚨
Uber CEO has said that Uber will 100% definitely accept #Bitcoin    &amp; crypto payments in the future! https…",1025,0,0
2023-10-28,bitcoinlfgo,"RT @bitcoinlfgo: BREAKING BIG 🚨
Bloomberg Senior ETF Analyst: We think a spot #Bitcoin ETF will be approved ""within 2 months."" https://t.co…",317,0,0
2023-10-27,bitcoinlfgo,"BREAKING BIG 🚨
Bloomberg Senior ETF Analyst: We think a spot #Bitcoin ETF will be approved ""within 2 months."" https://t.co/rej10rK4dI",317,1748,153
2023-10-27,bitcoinlfgo,"BREAKING NEWS 🚨
Uber CEO has said that Uber will 100% definitely accept #Bitcoin    &amp; crypto payments in the future! https://t.co/r7Xsfjm8BN",1025,5148,155
2023-10-27,bitcoinlfgo,"BREAKING 🚨 BULL MARKET STARTED 🚨

 $670 billion asset manager AllianceBernstein calls  #Bitcoin  a “safe haven asset” that consistently outperforms gold. https://t.co/D0ppUXesl1",542,2208,145
2023-10-27,bitcoinlfgo,DON'T SELL YOUR #BITCOIN TO BLACKROCK. https://t.co/go9elr7TzL,182,1115,124
2023-10-27,bitcoinlfgo,"BREAKING NEWS 🚨

#Bitcoin to hit 💵 $125K by the end of 2024, per Matrixport https://t.co/wZ8IuwVq3g",357,1920,167
2023-10-27,bitcoinlfgo,RT @bitcoinlfgo: BREAKING: rumors are circulating that approval of a #Bitcoin ETF is expected within 24 hours.,715,0,0
2023-10-27,bitcoinlfgo,BREAKING: rumors are circulating that approval of a #Bitcoin ETF is expected within 24 hours.,715,4061,539
2023-10-27,bitcoinlfgo,"RT @bitcoinlfgo: BIG BREAKING 🚨

BlackRock, the world's largest asset manager, has informed the SEC that it will purchase #Bitcoin    to fu…",1031,0,0
2023-10-27,bitcoinlfgo,"BIG BREAKING 🚨

BlackRock, the world's largest asset manager, has informed the SEC that it will purchase #Bitcoin    to fund its #BitcoinETF in October, in preparation for its approval. https://t.co/zTOOuDHB6x",1031,4516,249
2023-10-27,bitcoinlfgo,"RT @bitcoinlfgo: BREAKING 🚨

#BITCOIN CREATED NEW ALL TIME HIGH IN TURKEY 🇹🇷 https://t.co/edkQKPFYK6",257,0,0
2023-10-27,bitcoinlfgo,"BREAKING 🚨

#BITCOIN CREATED NEW ALL TIME HIGH IN TURKEY 🇹🇷 https://t.co/edkQKPFYK6",257,1574,153
2023-10-27,bitcoinlfgo,RT @bitcoinlfgo: #BLACKROCK IS BULLISH ON #BITCOIN IT'S WORTH $10 TRILLION . https://t.co/oCZMpNt9jd,346,0,0
2023-10-27,bitcoinlfgo,#BLACKROCK IS BULLISH ON #BITCOIN IT'S WORTH $10 TRILLION . https://t.co/oCZMpNt9jd,346,1967,108
2023-10-27,bitcoinlfgo,"RT @bitcoinlfgo: JP Morgan anticipates SEC approval of #Bitcoin Spot ETFs by January 10, 2024.

What's your take on this? 🚀🤔 https://t.co/6…",328,0,0
2023-10-27,bitcoinlfgo,RT @bitcoinlfgo: #BITCOIN ETF IS COMING... https://t.co/Gn82ozUdEu,565,0,0
2023-10-27,bitcoinlfgo,"The #Bitcoin bear market is over!

Now Get ready for the bull market! 🚀🐂 https://t.co/C5Qmtbycjh",286,1327,210
2023-10-27,bitcoinlfgo,#BITCOIN ETF IS COMING... https://t.co/Gn82ozUdEu,565,2933,269
2023-10-27,bitcoinlfgo,"JP Morgan anticipates SEC approval of #Bitcoin Spot ETFs by January 10, 2024.

What's your take on this? 🚀🤔 https://t.co/6aCvhHOugh",328,1593,176
2023-10-27,bitcoinlfgo,"The Bitcoin bear market appears to be over!

Get ready for the upcoming bull market! 🚀🐂 https://t.co/9WmbtnfrXU",191,828,100
2023-10-26,bitcoinlfgo,"RT @bitcoinlfgo: Breaking News:

Chairman Gary Gensler says that the SEC has approximately 10 #Bitcoin ETF filings under consideration for…",503,0,0
2023-10-26,bitcoinlfgo,"RT @bitcoinlfgo: BREAKING 🚨

RECENT REPORT SUGGEST BLACKROCK CAN BUY #BITCOIN BY MONTH END . https://t.co/nIGSnWgxCI",648,0,0
2023-10-26,bitcoinlfgo,"BREAKING 🚨

RECENT REPORT SUGGEST BLACKROCK CAN BUY #BITCOIN BY MONTH END . https://t.co/nIGSnWgxCI",648,3679,232
2023-10-26,bitcoinlfgo,RT @bitcoinlfgo: 🚨JPMorgan warns that the SEC's rejection of spot #Bitcoin ETFs could face legal challenges. https://t.co/KJ46pWc29O,257,0,0
2023-10-26,bitcoinlfgo,"A mysterious whale has just transferred 2,000 (worth over $68 million)  #Bitcoin to Coinbase! 🤯🤯🚀 https://t.co/f4dI1PRGeL",210,983,148
2023-10-26,bitcoinlfgo,🚨JPMorgan warns that the SEC's rejection of spot #Bitcoin ETFs could face legal challenges. https://t.co/KJ46pWc29O,257,1689,145
2023-10-26,bitcoinlfgo,"Breaking News:

Chairman Gary Gensler says that the SEC has approximately 10 #Bitcoin ETF filings under consideration for approval. 🔥📊 https://t.co/NMDraJk5FC",503,2216,169
2023-10-26,bitcoinlfgo,RT @bitcoinlfgo: #Bitcoin: The uncensored and unstoppable currency of the digital age! 🤯🔥 https://t.co/lzcJy31yy9,316,0,0
2023-10-26,bitcoinlfgo,RT @bitcoinlfgo: GET READY FOR #BITCOIN ETF APPROVAL ANYTIME IN NEXT 90 DAYS . https://t.co/ugIocMa9Zw,507,0,0
2023-10-26,bitcoinlfgo,"RT @bitcoinlfgo: BREAKING 🚨
JPMorgan says an SEC rejection of spot #Bitcoin ETFs could lead to lawsuits https://t.co/qmE8YrBRZQ",785,0,0
2023-10-26,bitcoinlfgo,"BREAKING 🚨
JPMorgan says an SEC rejection of spot #Bitcoin ETFs could lead to lawsuits https://t.co/qmE8YrBRZQ",785,4495,245
2023-10-26,bitcoinlfgo,"BitMEX founder: 🤯
The #Bitcoin surge following a sharp Treasuries sell-off signals an upcoming ""highly inflationary"" era. 
It's the catalyst to shift from short-term US Treasury bills to crypto. 👏📈 https://t.co/4qk1b1G1gr",52,288,51
2023-10-26,bitcoinlfgo,"Breaking News: 🚨🚨
Argentina's third-place presidential candidate withdraws and supports Javier Milei. 
Progressing towards the next president who supports #Bitcoin! 🇦🇷 https://t.co/rOyxuXiRPr",88,546,55
2023-10-26,bitcoinlfgo,"RT @bitcoinlfgo: The SEC no longer has reasons to deny any #Bitcoin Spot ETF. They're collaborating with issuers on filings, and acceptance…",470,0,0
2023-10-26,bitcoinlfgo,"Recent update:
Bloomberg's Senior Macro Strategist anticipates the ""inevitable green light for U.S. spot #Bitcoin ETFs,"" paving the way for its further integration into the mainstream. 🔥🚀 https://t.co/Vxt6rrgSCX",109,531,65
2023-10-26,bitcoinlfgo,"RT @bitcoinlfgo: BlackRock's announcement:
They're allocating funds to initiate ETFs this month, signaling their intent to purchase #Bitcoi…",527,0,0
2023-10-26,bitcoinlfgo,"BlackRock's announcement:
They're allocating funds to initiate ETFs this month, signaling their intent to purchase #Bitcoin from the market! 
Bearish sentiment seems less likely now. 📈🐾 https://t.co/8qsBuqHYHr",527,2379,150
2023-10-26,bitcoinlfgo,"🚀 Breaking News: 
Bitwise has resubmitted their #Bitcoin Spot ETF application in response to SEC feedback. Positive progress is being made, and the ETF launch is on the horizon! 💥 https://t.co/xBSM4bHwSQ",177,954,81
2023-10-26,bitcoinlfgo,"The SEC no longer has reasons to deny any #Bitcoin Spot ETF. They're collaborating with issuers on filings, and acceptance is imminent! https://t.co/AyF1gU75KL",470,2536,153
2023-10-26,bitcoinlfgo,"RT @bitcoinlfgo: BREAKING 🚨 #BITCOIN 

Billionaire Ricardo Salinas suggests to sell bonds and buy #Bitcoin https://t.co/pJQfJbCndS",315,0,0
2023-10-26,bitcoinlfgo,"BREAKING 🚨 #BITCOIN 

Billionaire Ricardo Salinas suggests to sell bonds and buy #Bitcoin https://t.co/pJQfJbCndS",315,1614,119
2023-10-26,bitcoinlfgo,GET READY FOR #BITCOIN ETF APPROVAL ANYTIME IN NEXT 90 DAYS . https://t.co/ugIocMa9Zw,507,2426,192
2023-10-26,bitcoinlfgo,RT @bitcoinlfgo: BREAKING: Bitwise just refilled their #Bitcoin Spot ETF Filling! https://t.co/aQPbkucTTI,361,0,0
2023-10-26,bitcoinlfgo,BREAKING: Bitwise just refilled their #Bitcoin Spot ETF Filling! https://t.co/aQPbkucTTI,361,1961,139
2023-10-26,bitcoinlfgo,#Bitcoin: The uncensored and unstoppable currency of the digital age! 🤯🔥 https://t.co/lzcJy31yy9,316,1603,213
2023-10-25,bitcoinlfgo,"RT @bitcoinlfgo: BREAKING NEWS 🚨

Bloomberg Senior Macro Strategist: ""The inevitable approval of US spot #Bitcoin ETFs"" will help it contin…",371,0,0
2023-10-25,bitcoinlfgo,"BREAKING NEWS 🚨

Bloomberg Senior Macro Strategist: ""The inevitable approval of US spot #Bitcoin ETFs"" will help it continue ""to migrate into the mainstream."" 🇺🇸 https://t.co/Acs40s6PxU",371,1899,123
2023-10-25,bitcoinlfgo,"RT @bitcoinlfgo: BREAKING 🚨

#BITCOIN OUT-PERFORMED EVER MAJOR ASSET THIS YEAR https://t.co/u84VfKkCpF",268,0,0
2023-10-25,bitcoinlfgo,"BREAKING 🚨

#BITCOIN OUT-PERFORMED EVER MAJOR ASSET THIS YEAR https://t.co/u84VfKkCpF",268,1404,119
2023-10-25,bitcoinlfgo,"RT @bitcoinlfgo: BREAKING 🚨

#BITCOIN BULLRUN ! https://t.co/oUMZKS7vpm",313,0,0
2023-10-25,bitcoinlfgo,"BREAKING 🚨

#BITCOIN BULLRUN ! https://t.co/oUMZKS7vpm",313,2039,147
