Timestamp,Username,Tweet Content,Retweets,Likes,Replies
2023-10-24,bitcoinlfgo,"RT @bitcoinlfgo: BlackRock, the world's largest asset manager, has informed the SEC that it will purchase #Bitcoin to fund its #BitcoinETF…",230,0,0
2023-10-24,bitcoinlfgo,"BlackRock, the world's largest asset manager, has informed the SEC that it will purchase #Bitcoin to fund its #BitcoinETF in October, in preparation for its approval. https://t.co/hIcqaetbqX",230,864,50
2023-10-24,bitcoinlfgo,"MicroStrategy is now again in a profit on its #Bitcoin investment, following today's price surge. https://t.co/qJ9QVB7xnz",46,251,35
2023-10-24,bitcoinlfgo,"RT @bitcoinlfgo: Just in : #Bitcoin above $34,000.🤯

Next Victim: $40,000🔥🚀 https://t.co/SfSCoyUCGn",255,0,0
2023-10-24,bitcoinlfgo,"RT @bitcoinlfgo: BREAKING 🚨 #BITCOIN 

BlackRock's spot #Bitcoin ETF is now listed on Nasdaq trade clearing firm . https://t.co/mpVXc2BLVo",545,0,0
2023-10-24,bitcoinlfgo,"BREAKING 🚨 #BITCOIN 

BlackRock's spot #Bitcoin ETF is now listed on Nasdaq trade clearing firm . https://t.co/mpVXc2BLVo",545,2439,123
2023-10-24,bitcoinlfgo,"RT @bitcoinlfgo: BREAKING 🚨

#BITCOIN BULLRUN HAS STARTED LET'S GOOOOOOO https://t.co/dLGmxsH8bL",266,0,0
2023-10-24,bitcoinlfgo,"BREAKING 🚨

#BITCOIN BULLRUN HAS STARTED LET'S GOOOOOOO https://t.co/dLGmxsH8bL",266,1317,90
2023-10-24,bitcoinlfgo,US Court of Appeals orders SEC to re-review Grayscale's spot #Bitcoin ETF application. https://t.co/m1T78FizC1,81,413,17
2023-10-24,bitcoinlfgo,"#Bitcoin has more than doubled in price so far this year, up over 102!! 🤯🤯 https://t.co/7Q5f7GVky7",55,380,37
2023-10-24,bitcoinlfgo,Fidelity Digital Assets: #Bitcoin is heavily discounted! 🤯🔥 https://t.co/klzFG9VaCv,84,375,18
2023-10-24,bitcoinlfgo,"Just in : #Bitcoin above $34,000.🤯

Next Victim: $40,000🔥🚀 https://t.co/SfSCoyUCGn",255,1306,70
2023-10-23,bitcoinlfgo,"RT @bitcoinlfgo: BREAKING BIG 🚨 #BTC 

BlackRock's spot #Bitcoin ETF is now listed on Nasdaq trade clearing firm https://t.co/NHCj9FWKIO",1585,0,0
2023-10-23,bitcoinlfgo,"BREAKING BIG 🚨 #BTC 

BlackRock's spot #Bitcoin ETF is now listed on Nasdaq trade clearing firm https://t.co/NHCj9FWKIO",1585,7526,221
2023-10-23,bitcoinlfgo,"RT @bitcoinlfgo: $5000 PROFIT TILL NOW 
WILL GIVEAWAY IF THIS POST HITS 10K LIKES 

#BITCOIN $SHIB https://t.co/WHKGkgzbJa",58,0,0
2023-10-23,bitcoinlfgo,"$5000 PROFIT TILL NOW 
WILL GIVEAWAY IF THIS POST HITS 10K LIKES 

#BITCOIN $SHIB https://t.co/WHKGkgzbJa",58,398,43
2023-10-23,bitcoinlfgo,"RT @bitcoinlfgo: BIG BREAKING 🚨

$5 TRILLION Fidelity Digital Assets says ""#Bitcoin 's price is heavily discounted"" 🚀 https://t.co/7mdvsaJu…",542,0,0
2023-10-23,bitcoinlfgo,"BIG BREAKING 🚨

$5 TRILLION Fidelity Digital Assets says ""#Bitcoin 's price is heavily discounted"" 🚀 https://t.co/7mdvsaJuSG",542,2806,100
2023-10-23,bitcoinlfgo,"RT @bitcoinlfgo: BREAKING 🚨

#BITCOIN CREATED NEW 2023 HIGH BULL MARKET JUST STARTED https://t.co/TajyfkLcF6",156,0,0
2023-10-23,bitcoinlfgo,"BREAKING 🚨

#BITCOIN CREATED NEW 2023 HIGH BULL MARKET JUST STARTED https://t.co/TajyfkLcF6",156,801,45
2023-10-23,bitcoinlfgo,"RT @bitcoinlfgo: BREAKING 🚨 
WE ARE PREDICTING 
1 #BITCOIN = $150,000 
BEFORE 2025 . https://t.co/OxZ4eGeX2u",302,0,0
2023-10-23,bitcoinlfgo,"BREAKING 🚨 
WE ARE PREDICTING 
1 #BITCOIN = $150,000 
BEFORE 2025 . https://t.co/OxZ4eGeX2u",302,1805,103
2023-10-23,bitcoinlfgo,"RT @bitcoinlfgo: 🚨 BIG BREAKING IN CRYPTO SPACE 🚨

@EricBalchunas reports BlackRock's spot #Bitcoin ETF has been listed on the Depository T…",506,0,0
2023-10-23,bitcoinlfgo,"🚨 BIG BREAKING IN CRYPTO SPACE 🚨

@EricBalchunas reports BlackRock's spot #Bitcoin ETF has been listed on the Depository Trust &amp; Clearing Corporation - which handles NASDAQ trades. 

$IBTC will be the ticker symbol . https://t.co/hMJQ6WiLMg",506,1765,60
2023-10-23,bitcoinlfgo,"RT @bitcoinlfgo: BREAKING NEWS 🚨

US Court confirms Grayscale ruling, says SEC must re-review bid for spot #Bitcoin ETF . https://t.co/51ke…",229,0,0
2023-10-23,bitcoinlfgo,"BREAKING NEWS 🚨

US Court confirms Grayscale ruling, says SEC must re-review bid for spot #Bitcoin ETF . https://t.co/51keoZxb4g",229,1281,45
2023-10-23,bitcoinlfgo,RT @bitcoinlfgo: GET READY FOR BLACKROCK #BITCOIN ETF APPROVAL https://t.co/Mw7nukgpRR,328,0,0
2023-10-23,bitcoinlfgo,GET READY FOR BLACKROCK #BITCOIN ETF APPROVAL https://t.co/Mw7nukgpRR,328,1881,49
2023-10-23,bitcoinlfgo,"RT @bitcoinlfgo: 🚨 RUMOUR 🚨

#BITCOIN PUMPED FROM $26,000 TO $31,000 BECAUSE SOME BIG PLAYERS &amp; INSIDERS KNOW THAT #BITCOIN SPOT ETF IS ABO…",310,0,0
2023-10-23,bitcoinlfgo,"🚨 RUMOUR 🚨

#BITCOIN PUMPED FROM $26,000 TO $31,000 BECAUSE SOME BIG PLAYERS &amp; INSIDERS KNOW THAT #BITCOIN SPOT ETF IS ABOUT TO GET APPROVED . https://t.co/Jjd0lMpKOz",310,1688,69
2023-10-23,bitcoinlfgo,"RT @bitcoinlfgo: BREAKING 🚨 NEWS 

BlackRock is going to start buying 
#Bitcoin 😮 https://t.co/5WQW0hIAkX",1016,0,0
2023-10-23,bitcoinlfgo,"BREAKING 🚨 NEWS 

BlackRock is going to start buying 
#Bitcoin 😮 https://t.co/5WQW0hIAkX",1016,5430,333
2023-10-23,bitcoinlfgo,"BREAKING 🚨 BLACKROCK #BITCOIN ETF 

iShares Spot Bitcoin ETF gets a CUSIP number 👀

@BlackRock iShares Spot Bitcoin ETF is 46438F101 https://t.co/Ix53JwdMG1",611,2672,85
2023-10-23,bitcoinlfgo,"RT @bitcoinlfgo: BREAKING 🚨 BLACKROCK ON #BITCOIN 

According to @SGJohnsson the amended BlackRock spot #Bitcoin ETF filing says they may b…",222,0,0
2023-10-23,bitcoinlfgo,"BREAKING 🚨 BLACKROCK ON #BITCOIN 

According to @SGJohnsson the amended BlackRock spot #Bitcoin ETF filing says they may be looking to seed the ETF with cash this month 👀 https://t.co/6BEi3udryc",222,997,39
2023-10-23,bitcoinlfgo,"BREAKING 🚨
#BITCOIN HITS $31,000 https://t.co/9hq10fIU9n",103,633,52
2023-10-23,bitcoinlfgo,"RT @bitcoinlfgo: BREAKING NEWS 🚨
CATHIE WOOD: ""SEC is engaging with us on the #Bitcoin ETF application. It shows a change in SEC's behaviou…",625,0,0
2023-10-23,bitcoinlfgo,"BREAKING NEWS 🚨
CATHIE WOOD: ""SEC is engaging with us on the #Bitcoin ETF application. It shows a change in SEC's behaviour https://t.co/ZSekZJTMJJ",625,3517,113
2023-10-23,bitcoinlfgo,"BREAKING #BITCOIN 🚨

575 MILLION  #USDT (574,393,141 USD) transferred from unknown wallet to #Binance https://t.co/vqwvIC8jSS",181,852,61
2023-10-23,bitcoinlfgo,"BREAKING #BITCOIN 🚨

575 MILLION  #USDT (574,393,141 USD) transferred from unknown wallet to #Binance https://t.co/lBiB3vj3Ey",172,686,40
2023-10-23,bitcoinlfgo,"BREAKING NEWS 🚨

BLACKROCK CEO : #BITCOIN EQUALS HUMAN FREEDOM https://t.co/GPTG7o67Tu",468,2443,147
2023-10-23,bitcoinlfgo,Morgan Stanley : #Bitcoin halving to spark next bull run! https://t.co/s9CaNtKYLP,187,1074,76
2023-10-23,bitcoinlfgo,"Javier Milei, a pro-#Bitcoin candidate, won 30% of the national vote in the first round of the Argentinian presidential election, forcing a run-off election in November! https://t.co/aU3Jq8KSQB",90,563,64
2023-10-23,bitcoinlfgo,"BlockOne, the company behind the EOS network, holds 164,000 #BTC, which is more than Michael Saylor's MicroStrategy (158,245 BTC). 
This makes BlockOne the second-largest private holder of #Bitcoin in the world, after MicroStrategy!! https://t.co/KsEvK7vuUv",213,1042,89
2023-10-23,bitcoinlfgo,RT @bitcoinlfgo: MicroStrategy is now in a total profit of over $130 million on its #Bitcoin holdings! https://t.co/sftAD2EBZp,501,0,0
2023-10-23,bitcoinlfgo,MicroStrategy is now in a total profit of over $130 million on its #Bitcoin holdings! https://t.co/sftAD2EBZp,501,2876,268
2023-10-23,bitcoinlfgo,"RT @bitcoinlfgo: #Bitcoin halving in 180 days!

Get ready for a potential price bump! 🤑🚀 https://t.co/MHotRY6eox",379,0,0
2023-10-23,bitcoinlfgo,"RT @bitcoinlfgo: BREAKING 🚨

BULL RUN BULL RUN #BITCOIN 
I REPEAT BEARS ARE BLEEDING https://t.co/JIR4KePpYQ",556,0,0
2023-10-23,bitcoinlfgo,"BREAKING 🚨

BULL RUN BULL RUN #BITCOIN 
I REPEAT BEARS ARE BLEEDING https://t.co/JIR4KePpYQ",556,2862,185
2023-10-23,bitcoinlfgo,"Over 76% of #Bitcoin is owned by long-term holders, who are sitting on their coins and not selling! https://t.co/ty631uKvRZ",178,1009,73
2023-10-23,bitcoinlfgo,"#Bitcoin halving in 180 days!

Get ready for a potential price bump! 🤑🚀 https://t.co/MHotRY6eox",379,1958,164
2023-10-22,bitcoinlfgo,"RT @bitcoinlfgo: If #Bitcoin hits $32,000 .
I will give $1,000 Bitcoin to 10 people in next 48hrs. Just retweet and make sure you are follo…",2447,0,0
2023-10-22,bitcoinlfgo,"If #Bitcoin hits $32,000 .
I will give $1,000 Bitcoin to 10 people in next 48hrs. Just retweet and make sure you are following me.",2447,3193,587
2023-10-22,bitcoinlfgo,"RT @bitcoinlfgo: BREAKING NEWS 🚨

Coinbase Chief Legal Officer is confident on #Bitcoin Spot ETF approval . https://t.co/yvgazbPk1B",566,0,0
2023-10-22,bitcoinlfgo,"BREAKING NEWS 🚨

Coinbase Chief Legal Officer is confident on #Bitcoin Spot ETF approval . https://t.co/yvgazbPk1B",566,3425,137
2023-10-22,bitcoinlfgo,"RT @bitcoinlfgo: BREAKING #BTC 🚨

#BITCOIN ETF APPROVAL IN NEXT 88 DAYS WITH 90% CHANCES OF APPROVAL : BITCOINLFG CEO https://t.co/WO1nwHWI…",290,0,0
2023-10-22,bitcoinlfgo,"BREAKING #BTC 🚨

#BITCOIN ETF APPROVAL IN NEXT 88 DAYS WITH 90% CHANCES OF APPROVAL : BITCOINLFG CEO https://t.co/WO1nwHWIwG",290,1483,88
2023-10-22,bitcoinlfgo,"BREAKING 🚨

1 #BITCOIN = $135,000 SOON
Rich Dad Poor Dad Author Robert KIYOSAKI . https://t.co/mxCCuYP2JF",424,2259,128
2023-10-22,bitcoinlfgo,"RT @bitcoinlfgo: BREAKING NEWS🚨
$1000 IN #BITCOIN TO 10 PEOPLE 
If this post Hits 10k likes and Follows. https://t.co/4PGcSAR22R",485,0,0
2023-10-22,bitcoinlfgo,"BREAKING NEWS🚨
$1000 IN #BITCOIN TO 10 PEOPLE 
If this post Hits 10k likes and Follows. https://t.co/4PGcSAR22R",485,2355,270
2023-10-22,bitcoinlfgo,"BREAKING 🚨: 
#BITCOIN BULL RUN 🚀 https://t.co/oxB6YimX6E",494,2717,239
2023-10-22,bitcoinlfgo,"RT @bitcoinlfgo: BREAKING 🚨

#BITCOIN IS GOING TO $135,000 : ROBERT KIYOSAKI https://t.co/NLwNhUJnXr",1276,0,0
2023-10-22,bitcoinlfgo,"BREAKING 🚨

#BITCOIN IS GOING TO $135,000 : ROBERT KIYOSAKI https://t.co/NLwNhUJnXr",1276,6234,581
2023-10-22,bitcoinlfgo,"RT @bitcoinlfgo: JUST IN 🚨🚨
Gary Gensler is now actively collaborating with #Bitcoin spot ETF issuers to finalize their filings. https://t.…",643,0,0
2023-10-22,bitcoinlfgo,"JUST IN 🚨🚨
Gary Gensler is now actively collaborating with #Bitcoin spot ETF issuers to finalize their filings. https://t.co/hGpdHZcMjo",643,4050,235
2023-10-21,bitcoinlfgo,"RT @bitcoinlfgo: BREAKING 🚨: 
#BITCOIN BULL RUN 🚀 https://t.co/erU0oeBaZN",672,0,0
2023-10-21,bitcoinlfgo,"BREAKING 🚨: 
#BITCOIN BULL RUN 🚀 https://t.co/erU0oeBaZN",672,3627,271
2023-10-21,bitcoinlfgo,"RT @bitcoinlfgo: Bloomberg Intelligence has estimated that there is a 90% chance of the SEC approving a #Bitcoin ETF by January 10, 2024!!…",310,0,0
2023-10-21,bitcoinlfgo,"RT @bitcoinlfgo: JUST IN 🚨🚨
Gary Gensler is now actively collaborating with Bitcoin spot ETF issuers to finalize their filings. https://t.c…",1087,0,0
2023-10-21,bitcoinlfgo,"JUST IN 🚨🚨
Gary Gensler is now actively collaborating with Bitcoin spot ETF issuers to finalize their filings. https://t.co/jlIppUgDMI",1087,6057,384
2023-10-21,bitcoinlfgo,"#Bitcoin has surged over 10% since Jim Cramer's bearish prediction that ""#Bitcoin is about to go down big.""
Bitcoin's price has continued to rise in the days since! https://t.co/qlY6VO90OC",249,1338,123
2023-10-21,bitcoinlfgo,"RT @bitcoinlfgo: Grayscale, the world's largest Bitcoin asset manager, has filed with the SEC to convert its Grayscale Bitcoin Trust (GBTC)…",518,0,0
2023-10-21,bitcoinlfgo,"Bloomberg Intelligence has estimated that there is a 90% chance of the SEC approving a #Bitcoin ETF by January 10, 2024!! https://t.co/NH2m4TW9R3",310,1591,141
2023-10-21,bitcoinlfgo,"Grayscale, the world's largest Bitcoin asset manager, has filed with the SEC to convert its Grayscale Bitcoin Trust (GBTC) into a spot #Bitcoin ETF! https://t.co/6qaOh0zv5f",518,2344,156
2023-10-20,bitcoinlfgo,"RT @bitcoinlfgo: BREAKING 🚨 #BITCOIN  
BULL RUN INDICATOR 🐂
30,000 $BTC Leaves Exchanges https://t.co/Hlp1MDC3fF",388,0,0
2023-10-20,bitcoinlfgo,"BREAKING 🚨 #BITCOIN  
BULL RUN INDICATOR 🐂
30,000 $BTC Leaves Exchanges https://t.co/Hlp1MDC3fF",388,1962,126
2023-10-20,bitcoinlfgo,"RT @bitcoinlfgo: BREAKING 🚨
BlackRock ETF insider Scaramucci says approval will drive $31 million #Bitcoin price https://t.co/5HQQjypsml",536,0,0
2023-10-20,bitcoinlfgo,"BREAKING 🚨
BlackRock ETF insider Scaramucci says approval will drive $31 million #Bitcoin price https://t.co/5HQQjypsml",536,2995,405
2023-10-20,bitcoinlfgo,"RT @bitcoinlfgo: BREAKING #BTC  ETF 🚨

RUMOURS NEW REPORTS SUGGEST GRAYSCALE #BITCOIN ETF EXPECTED APPROVAL WITHIN 1 WEEK https://t.co/OVOn…",1008,0,0
2023-10-20,bitcoinlfgo,"RT @bitcoinlfgo: BREAKING 🚨
 🇺🇸 Coinbase is ""confident"" the SEC will approve a spot #Bitcoin ETF - CNBC 🚀 https://t.co/Hnv0BTktrl",450,0,0
2023-10-20,bitcoinlfgo,"BREAKING 🚨
 🇺🇸 Coinbase is ""confident"" the SEC will approve a spot #Bitcoin ETF - CNBC 🚀 https://t.co/Hnv0BTktrl",450,2291,115
2023-10-20,bitcoinlfgo,"BREAKING 🚨
Bloomberg Senior ETF Analyst: We think a spot #Bitcoin ETF will be approved ""within 3 months."" https://t.co/29NWt820sW",198,1076,86
2023-10-20,bitcoinlfgo,"RT @bitcoinlfgo: BREAKING 🚨
MORGAN STANLEY SAID #BITCOIN BEAR MARKET IS ALMOST OVER . https://t.co/2ykcMIotTj",546,0,0
2023-10-20,bitcoinlfgo,"BREAKING 🚨
MORGAN STANLEY SAID #BITCOIN BEAR MARKET IS ALMOST OVER . https://t.co/2ykcMIotTj",546,2940,193
2023-10-20,bitcoinlfgo,"RT @bitcoinlfgo: #Bitcoin  price surpasses $30,000! 🤯🤯🔥 https://t.co/kwO1kSft0J",338,0,0
2023-10-20,bitcoinlfgo,"#Bitcoin  price surpasses $30,000! 🤯🤯🔥 https://t.co/kwO1kSft0J",338,1511,119
2023-10-20,bitcoinlfgo,RT @bitcoinlfgo: BlackRock has filed an updated spot #Bitcoin ETF application with the SEC after receiving feedback from the regulator. htt…,439,0,0
2023-10-20,bitcoinlfgo,Bloomberg Intelligence estimates 90% chance of #Bitcoin ETF approval by January 10. https://t.co/1V0DNFdoMk,276,1458,101
2023-10-20,bitcoinlfgo,#Bitcoin nears all-time highs in Argentina! https://t.co/J01ius2Y1R,187,1108,123
2023-10-20,bitcoinlfgo,BlackRock has filed an updated spot #Bitcoin ETF application with the SEC after receiving feedback from the regulator. https://t.co/jGgx4QgXqt,439,2337,114
2023-10-20,bitcoinlfgo,"JUST IN - 
JPMorgan expects spot #Bitcoin ETF approval within months! https://t.co/RiBDELh2Vl",141,903,55
2023-10-20,bitcoinlfgo,"RT @bitcoinlfgo: BREAKING NEWS 🚨
Bloomberg Intelligence estimates a 90% chance #Bitcoin Spot ETF approval by Jan 10 https://t.co/cYfWk3P2jI",285,0,0
2023-10-19,bitcoinlfgo,"BREAKING NEWS 🚨
Bloomberg Intelligence estimates a 90% chance #Bitcoin Spot ETF approval by Jan 10 https://t.co/cYfWk3P2jI",285,1503,62
2023-10-19,bitcoinlfgo,"RT @bitcoinlfgo: BIG BREAKING NEWS 🚨 
JPMorgan expects SEC to approve spot #Bitcoin ETFs within several months. https://t.co/pqOP8g59A2",591,0,0
2023-10-19,bitcoinlfgo,"BIG BREAKING NEWS 🚨 
JPMorgan expects SEC to approve spot #Bitcoin ETFs within several months. https://t.co/pqOP8g59A2",591,2899,196
2023-10-19,bitcoinlfgo,BREAKING: Stripe users can now buy everyday products and services with #Bitcoin in-app 🙌 https://t.co/mveasDf1F3,135,761,36
2023-10-19,bitcoinlfgo,"RT @bitcoinlfgo: BREAKING 🚨

#BLACKROCK CEO IS BULLISH ON #BITCOIN &amp; CRYPTO https://t.co/tFVisjvAr0",224,0,0
2023-10-19,bitcoinlfgo,"BREAKING 🚨

#BLACKROCK CEO IS BULLISH ON #BITCOIN &amp; CRYPTO https://t.co/tFVisjvAr0",224,1121,69
2023-10-19,bitcoinlfgo,"Standard Chartered, a global bank with $800 billion in assets, to offer #Bitcoin custody for institutional clients in Dubai in Q1 2024. https://t.co/0dVo3gWgE2",160,686,40
2023-10-19,bitcoinlfgo,"RT @bitcoinlfgo: Breaking 🚨
BlackRock has updated its spot #Bitcoin ETF application with the SEC! https://t.co/Dx2e7Yh8Po",502,0,0
