Timestamp,Username,Tweet Content,Retweets,Likes,Replies
2023-12-14,kucoincom,Is it too late to buy #Bitcoin now?,42,398,372
2023-12-14,kucoincom,"🔍 December's crypto market tells a dynamic story, highlighting the robust bullish momentum of digital assets with #Bitcoin at the helm.
 
Dive into KuCoin Research's latest market insights report for an in-depth look into new trends, market moods, regulatory shifts, and more! 🔗",15,129,43
2023-12-14,kucoincom,"RT @KuCoinFutures: #KuCoinMacro While the market is cooling down from the lasting optimism around BTC spot ETF approval, traders are busy w…",23,0,0
2023-12-14,kucoincom,"🚀 Explore the latest #crypto happenings on #KuCoinMarketWatch ⤵️

🟢 #Bitcoin network tops #NFT sales

🟢 Euro stablecoin ""#AllUnity"" launch

🟢 $RATS surges 4x, #Inscription-related tokens #AUCTION and $MUBI hit new highs.

Swipe right for more news ➡️",54,224,107
2023-12-12,kucoincom,"On this day in 2010, #SatoshiNakamoto left his last public message on https://t.co/669bF3rO4P regarding #Bitcoin's Daniel-of-Service (DoS) protection.

The original message can still be found here:
https://t.co/pjpZAyrZrs https://t.co/x77PeXYkqM",18,143,37
2023-12-11,kucoincom,"🚀 Begin your week in #crypto with today's #KuCoinMarketWatch ⤵️

🟢 #Bitcoin #Ordinals added to US National Vulnerability Database

🟢 #NFT sales in first week of December up 57%

🟢 $APT, $APE, $CYBER worth $230 million to unlock this week

Swipe right for more news ➡️",33,206,90
2023-12-10,kucoincom,"Bitcoin #Ordinals and #BRC20 have been the talk of the #crypto space lately. 🔥

Explore the ins and outs of these trending topics with this #KuCoin Learn article to unravel the buzz and enhance your crypto knowledge. 📚⤵️",61,327,163
