Timestamp,Username,Tweet Content,Retweets,Likes,Replies
2023-11-02,krakenfx,@saylor @21JCLP We've been championing Bitcoin for 12 years and counting 💪 🧡,0,36,7
2023-11-02,krakenfx,The bitcoin whitepaper's foundational ideas still resonate today. Here's why 👇 https://t.co/LA3fW6zRax,14,87,25
2023-11-01,krakenfx,@BitcoinMagazine @saylor @MicroStrategy Taking Bitcoin conviction to new levels! 😅,0,30,3
2023-11-01,krakenfx,"🤣🤣🤣

In his latest video, @Kitboga wastes 100's of hours of scammers time in search of free #Bitcoin 🪤

Check out the full video here: https://t.co/SLH5TDdoGf https://t.co/akszjG1VGC",24,114,32
2023-11-01,krakenfx,Who's bullish on #Bitcoin?,40,434,122
2023-11-01,krakenfx,"RT @DavidLRipley: Today marks the 15th anniversary of the #Bitcoin white paper and the spark that lit the crypto revolution

Truly one of t…",14,0,0
2023-10-31,krakenfx,Remember when we put the Bitcoin Whitepaper on the @WilliamsRacing car 👀 #BitcoinWhitepaperDay https://t.co/Fj9g4kC3wS,15,126,23
2023-10-31,krakenfx,@WatcherGuru Something we can all agree on. Happy 15th Birthday to the Bitcoin White Paper! 🧡 https://t.co/aBkPpjcD4H,10,65,3
2023-10-31,krakenfx,"Over the past 15 years the initial idea outlined in the Bitcoin White Paper has taken on a life of its own, possibly above even what its creator could have envisioned.

At Kraken, we’re ready to see what crypto can be over the next 15 years! 🐙💜",3,27,2
2023-10-31,krakenfx,"In addition to an ever diminishing supply of newly minted Bitcoin, an estimated 6M BTC, or roughly 1/3 of all bitcoins have been irretrievably lost. Have you properly secured your Bitcoin? 😬",3,28,4
2023-10-31,krakenfx,"Over 19.5M of the total 21M Bitcoin have been mined to date. With each halving, fewer &amp; fewer newly minted Bitcoin will become available. Do you have enough?",1,15,1
2023-10-31,krakenfx,"Bitcoin mining consumes an enormous amount of energy, and rightfully so. In simple terms, more power = more security. 🔐

Today, roughly over 50% of all Bitcoin mining relies on renewable energy for its power consumption. 🌳",1,11,1
2023-10-31,krakenfx,"There are currently 100+ different active hard forks of Bitcoin attempting to iterate on Satoshi’s invention. Despite this, the original Bitcoin continues to reign supreme (depending on who you ask).",1,11,1
2023-10-31,krakenfx,"The thing is, people are beginning to understand this… 

The Bitcoin network handled an average of 392k transactions per day in 2023 and has facilitated a cumulative total of over 909M transactions since its inception.",1,10,1
2023-10-31,krakenfx,"At the time of writing, the Bitcoin network is decentralized globally over 16712 separate nodes and is currently running a hashrate of around 485 Exahashes.

Those 485 quintillion calculations running per second are what help to make it the most secure network in existence.",2,13,2
2023-10-31,krakenfx,"Roughly 2.75% of the world's population is estimated to hold Bitcoin, an estimated 219 million people and climbing! 🌎 

Over 1.1 billion Bitcoin addresses have been opened, of which 67M are funded with at least 1$USD equivalent in BTC.",2,11,1
2023-10-31,krakenfx,"Did you know?

Bitcoin has been adopted as legal tender in one country and is being explored and experimented with by many other nations worldwide.

El Salvador, thanks for leading the way! 🫡 🇸🇻",2,13,1
2023-10-31,krakenfx,"15 years ago today Satoshi Nakamoto released the #Bitcoin White Paper. The rest is history.

How far has Bitcoin come since its inception? Delve into this 🧵 to find out! https://t.co/rmKB1ZXC2I",98,322,28
2023-10-31,krakenfx,@Bitcoin 15 years and counting. The vision is truly coming to life!,4,36,1
2023-10-31,krakenfx,@pete_rizzo_ Happy 15th Bitcoin White Paper day! 💜 🐙,0,5,1
