Timestamp,Username,Tweet Content,Retweets,Likes,Replies
2023-11-14,maxkeiser,"RT @LuxorTechnology: A #Bitcoin ⛏️ mining farm running on geothermal energy in El Salvador🇸🇻 

https://t.co/SdvAK4jSpS",34,0,0
2023-11-14,maxkeiser,"RT @JosueLopezGal: Come mine in Bitcoin Country. Be creative and it can be done, we're proving it.",4,0,0
2023-11-14,maxkeiser,"“I just discovered #Bitcoin and I’m here to fix it” 

- Larry Fink

Everyone makes this same mistake. 

Remarker, you don’t change #Bitcoin, Bitcoin changes you” 

“The Book of Max” 

The Book of Max https://t.co/irrvP7lDuT https://t.co/lX0UHCtbgI https://t.co/HWmCbXBADh",19,131,15
2023-11-14,maxkeiser,"#Bitcoin’s protocol &amp; aesthetic is beautiful on a visceral level. 

Study harder. https://t.co/3CDyQ7zOuD",6,89,14
2023-11-14,maxkeiser,"Central banks have lost control, thanks to #Bitcoin 

Traditional nation states have lost control, thanks to #Bitcoin 

The 1/2 second pre-consciousness where reality is formed is obliterating our collective consciousness

The #Bitcoin Singularity is upon us. https://t.co/WmnwBQZFpr",46,324,32
2023-11-14,maxkeiser,"#Bitcoin is crucifixion-proof. 

We can’t crucify it. 

It’s God’s only money. 

It’s Perfect Money. https://t.co/MyZg6bRzhH",77,527,43
2023-11-14,maxkeiser,RT @BTC_Archive: NEW: 🇭🇰 Hong Kong gaming company Boyaa to buy $45m #Bitcoin for its corporate treasury. https://t.co/SBL1Uwn0Vx,801,0,0
2023-11-14,maxkeiser,"I am the Bishop of #Bitcoin 

Satoshi’s representative on Earth. 

“Max is the high priest of #Bitcoin 
      - @saylor https://t.co/4yRXrR1reY",18,239,63
2023-11-14,maxkeiser,"Young Salvadoran #Bitcoin Maximslists are chick magnets. 

🐥 🧲 https://t.co/5UwCqTp4xv",23,331,15
2023-11-14,maxkeiser,"Everyone pointing a gun at someone right now in this instant, is doing Jamie Dimon’s work. 

Wake up, my dudes. 

Opt out. 

Find ☮️ &amp; ❤️ 

#Bitcoin https://t.co/oTA9rJ7ytp",29,412,27
2023-11-14,maxkeiser,"5 years from now everyone on all sides, including the media, and all the politicians will kick themselves for wasting time &amp; resources on this
meaningless nonsense when they could have found peace &amp; love by simply defunding wretched, war loving fiat, and bought #Bitcoin https://t.co/wiCBsw7Yug",26,260,24
2023-11-14,maxkeiser,RT @CryptoNewsYes: 🔥🔥🔥 @MaxKeiser: #Bitcoin Investor vs Gambler! https://t.co/APK9He1hsY,7,0,0
2023-11-13,maxkeiser,"RT @CryptoNewsYes: 💥💥💥 11 months ago when #Bitcoin was trading at $17K and experts were calling for a $10K crash, @MaxKeiser said, ""The cur…",7,0,0
2023-11-13,maxkeiser,"RT @Volcano_Energy: 🌋🚀 At Lava Pool, we love seeing all your mines up and running. Thank you for sharing this mining experience with our po…",9,0,0
2023-11-13,maxkeiser,RT @Volcano_Energy: @JosueLopezGal 🌐🔍 Muchas personas nos preguntan cómo podemos minar en Bitcoin Country? Nuestro CEO @JosueLopezGal comen…,4,0,0
2023-11-13,maxkeiser,RT @Volcano_Energy: 🌐🔍 Many people ask us how we can mine in Bitcoin Country? Our CEO @JosueLopezGal discusses all the challenges we faced…,13,0,0
2023-11-13,maxkeiser,"RT @Volcano_Energy: 🎙️🌐 Our chairman @maxkeiser commented in the Adopting Bitcoin conference titled: ""The greatest rebrand in History"". 
""S…",9,0,0
2023-11-13,maxkeiser,RT @grahamelwood: I had a great time in #ElSalvador Thank you @AdoptingBTC @filmfestbtc and @maxkeiser! Also great meeting all the hodlers…,5,0,0
2023-11-13,maxkeiser,#Bitcoin is demonetizing US treasury debt in the global south. https://t.co/tjIhw4f1xr,61,334,25
2023-11-13,maxkeiser,"Volcano Bonds became Volcano Equity, ie @Volcano_Energy 

Read the history and thinking 
👉 @Volcano_Press 

The highways to #Bitcoin City are being built now. 

That entire region of the country will skyrocket in value. https://t.co/mcgQjUyudh",0,26,11
2023-11-13,maxkeiser,#Bitcoin is the currency of the global unconscious. It allows us to mine that 1/2 second of pre-consciousness and be closer to the Creator. https://t.co/DQ8oZlvOsO,15,78,16
2023-11-13,maxkeiser,#Bitcoin is the currency of the global unconscious. It allows us to mine that 1/2 second pre-conscious and be closer to the Creator. https://t.co/DQ8oZlvOsO,3,11,8
2023-11-13,maxkeiser,"RT @elbrandonmartin: “Money existed before the state. Bitcoin separates money from state. Bitcoin will kill the state”
 
                 …",5,0,0
2023-11-13,maxkeiser,"RT @st4rnold: I bought my groceries in El Salvador yesterday with #bitcoin at Super Selectos 🇸🇻⚡️

💲 More than $100
⚡️ Paid over lightning…",173,0,0
2023-11-13,maxkeiser,"RT @CryptoNewsYes: ""You cannot censor or confiscate #Bitcoin.""-@MaxKeiser https://t.co/19AFKk5R5B",6,0,0
2023-11-13,maxkeiser,"Hey Fortune 500 companies!

Send your cash to #LavaPool at @Volcano_Energy 

We’ll turn that ‘Melting Ice Cube’ into #Bitcoin https://t.co/LMOBtE2pi8 https://t.co/T78uZAEzt3",20,100,11
2023-11-13,maxkeiser,"#ElSalvador is WINNING the Global Hash War. 

Instead of getting bogged down in stupid, pointless, violent, regional bullshit, fiat money wars; Ukraine-Russia, Israel-Palestine, etc. 

El Salvador is laser focused on #Bitcoin Maximalism, Bitcoin geothermal mining, and WINNING the… https://t.co/57NmWNeox7 https://t.co/8lXcbQmYz7",86,477,33
2023-11-13,maxkeiser,"#RlSalvador is WINNING the Global Hash War. 

Instead of getting bogged down in stupid, pointless, violent, regional bullshit, fiat money wars; Ukraine-Russia, Israel-Palestine, etc. 

El Salvador is laser focused on #Bitcoin Maximalism, Bitcoin geothermal mining, and WINNING the… https://t.co/wl2vhUJURX https://t.co/8lXcbQmYz7",0,18,6
2023-11-13,maxkeiser,"RT @maxkeiser: If @saylor moved $MSTR to #ElSalvador the tax breaks would allow him to buy MOAR! #Bitcoin 

MUCH MOAR!!! https://t.co/Zww7u…",154,0,0
2023-11-12,maxkeiser,"If @saylor moved $MSTR to #ElSalvador the tax breaks would allow him to buy MOAR! #Bitcoin 

MUCH MOAR!!! https://t.co/Zww7uJ2z6i",154,1405,81
2023-11-12,maxkeiser,#Bitcoin = mass pronoia https://t.co/eKSZOBqVA9,13,99,21
2023-11-12,maxkeiser,"RT @bitcoinzay: 🚨 NEW INTERVIEW!! 

How I got started in #Bitcoin learning from @maxkeiser 

How the 2008 Financial crisis changed my world…",9,0,0
2023-11-12,maxkeiser,".@SwanBitcoin is a mission driven company: 

- #Bitcoin only 

- education 

- self custody 

They’ve onboarded 100,000’s of noobs. 

Stick with the mission. 

“Never get off the boat” 

https://t.co/f9kMKWQwh7 https://t.co/pfln7YGICM",24,347,30
2023-11-12,maxkeiser,".@SwanBitcoin is a mission driven company: 

- #Bitcoin only 

- education 

- self custody 

They’ve onboarded 100,000’s of noobs. 

Stick with the mission. 

“Never get off the boat” 

https://t.co/f9kMKWQwh7",0,3,7
2023-11-12,maxkeiser,".@SwanBitcoin is a mission driven company: 

- #Bitcoin only 

- education 

- self custody 

They’ve onboarded 100,000’s of noobs. 

Stick with the mission. 

“Never get off the boat” 

https://t.co/mtfK1Ydona",2,5,5
2023-11-12,maxkeiser,"#Bitcoin is peace. 

All your problems stem from fiat money. When you understand this you will find peace. 

I will pray for you. https://t.co/pWVydaZdCR https://t.co/9ntMCtXsSS",13,149,21
2023-11-11,maxkeiser,The #Bitcoin bull with added horsepower https://t.co/Lhw5o78DGq,155,1062,54
2023-11-11,maxkeiser,"RT @luke_broyles: In the last 72 hours El Salvador bonds were upgraded and America’s bonds were downgraded.

A sign of things to come…

#Bi…",361,0,0
2023-11-11,maxkeiser,RT @saylor: Gold is Dead Money. #Bitcoin https://t.co/MF0IsxqjtN,2513,0,0
2023-11-11,maxkeiser,#Bitcoin turns greed into altruism. https://t.co/HmxwUCX9M2,5,82,26
2023-11-11,maxkeiser,"According to this analysis, #Bitcoin’s Fair Market Value is $44,604 https://t.co/sVrEQhaSUF",43,317,45
2023-11-11,maxkeiser,"RT @CJKonstantinos: @maxkeiser Thank you for sharing 🙏🍻

I did a deeper dive on @SimplyBitcoinTV with @OptimistFields to try to simplify it…",2,0,0
2023-11-11,maxkeiser,"RT @CJKonstantinos: Every time I talk about #Bitcoin with my daughter she says she thinks about this song! Credit:
https://t.co/wWRuiha02C",3,0,0
2023-11-11,maxkeiser,"RT @CJKonstantinos: #Bitcoin is Electric Love

$BTC is the only sustainably incentivized infrastructure of humanity driving energy technolo…",22,0,0
2023-11-11,maxkeiser,"RT @BTC_Archive: 🇩🇪 ""Nobody needs the digital euro,” says Member of Germany’s Parliament while wearing a #Bitcoin T-shirt. 🤝 https://t.co/R…",1428,0,0
2023-11-11,maxkeiser,"RT @CryptoNewsYes: Happy International #Bitcoin Day 11/11. 🥳

Today is a day for us to celebrate PEACE &amp; LOVE which is what Bitcoin represe…",13,0,0
2023-11-11,maxkeiser,"RT @maxkeiser: I pitched @PeterSchiff on buying #Bitcoin at: 

$1

$10 

$100 

$1,000 (at his home in Westport CT) 

$10,000 

I will pitc…",144,0,0
2023-11-10,maxkeiser,"Nobody who spends a few hours studying #Bitcoin is bearish on BTC 

Great example 

This guy says an absurd misstatement regarding #Bitcoin proving he’s not even spent a few hours studying it. 

And so he’s bearish. 

Nobody who has studied Bitcoin is negative on it. 

Nobody. https://t.co/RWOZ2rVmik",43,475,36
2023-11-10,maxkeiser,"I pitched @PeterSchiff on buying #Bitcoin at: 

$1

$10 

$100 

$1,000 (at his home in Westport CT) 

$10,000 

I will pitch him again at: 

$100,000 

&amp; 

$1,000,000 https://t.co/nE17DbC8gn",144,1664,201
2023-11-10,maxkeiser,"I pitched @Timcast hard to buy as much #Bitcoin as possible under $18,000 recently. 

He won’t get serious until we cross $100,000",27,734,77
2023-11-10,maxkeiser,"I pitched @PeterSchiff on buying #Bitcoin at: 

$1

$10 

$100 

$1,000 (at him home in Westport CT) 

$10,000 

I will pitch him again at: 

$100,000 

&amp; 

$1,000,000 https://t.co/nE17DbC8gn",1,25,9
2023-11-10,maxkeiser,#Bitcoin is demonetizing Gold. Get used to it. https://t.co/kd6WosQM8o,49,557,95
2023-11-10,maxkeiser,"Rates going higher. 

You can’t taper a Ponzi 

Then in Feb, 2022 it snapped. 

The 40 bond rally ended 

The secular bull in commodities began. 

The US, UK, EU &amp; Japan are horribly positioned for this. 

$220,000 in play, #Bitcoin https://t.co/pvJYB4Um66",78,557,37
2023-11-10,maxkeiser,RT @nipodl: @maxkeiser Absolutely! Bitcoin's inherent qualities make it a superior choice for self custody. Say goodbye to the hassles and…,4,0,0
2023-11-10,maxkeiser,"Gold is a disaster for self custody: 

With #Bitcoin, you don’t have these problems that Gold has: 

- easily confiscated by state 
- easily stolen by robbers 
- need for verification 
- portability problems 
- storage costs 
- insurance costs 
- transportation costs https://t.co/rC5b8uRpsr",122,846,52
2023-11-10,maxkeiser,"#Bitcoin is up 100% since this interview 11 months ago. $220,000 is in play. 

Gold price is the same price. 

WATCH: And learn! 

#Bitcoin is demonetizing Gold. 

😎 https://t.co/6j8pmldJed https://t.co/40L8SWSReR",152,1108,40
2023-11-10,maxkeiser,"RT @desocializedmed: “Money existed before the state. Bitcoin separates money from state. Bitcoin will kill the state”
- @maxkeiser",3,0,0
2023-11-10,maxkeiser,#Bitcoin is demonetizing Gold. https://t.co/RzpDtqawzf,73,722,43
2023-11-10,maxkeiser,"False. 

Look at the Gold market. 

Coordinated Gold shorts among bullion banks and gold miners have been profitable for 30 years. 

ETH (a nonsensical proof of stake garbage project) can be manipulated accordingly, and will be. 

#Bitcoin’s upside it too powerful and assembling… https://t.co/kJSXpqEK0f https://t.co/H5YlqXt11p",12,82,13
2023-11-10,maxkeiser,"#Bitcoin is up 100% since this interview 11 months ago. $220,000 is in play. 

Gold price is the same. 

WATCH: And learn! 

#Bitcoin is demonetizing Gold. 

😎 https://t.co/6j8pmldJed https://t.co/KXNHIwBTYq",35,222,19
2023-11-10,maxkeiser,RT @CryptoNewsYes: Jamie The Tapeworm Dimon #Bitcoin FUD Exposed https://t.co/yg313tOeBH,9,0,0
2023-11-10,maxkeiser,"RT @geekboyireland: ⚡️High Voltage Financial Revolution through the #Bitcoin and #Lightning networks ⚡️
 
ft. @maxkeiser &amp; @stacyherbert  M…",3,0,0
2023-11-10,maxkeiser,"RT @OrangePillJam: #Bitcoin Music 4 Hyperbitcoinization 
@maxkeiser &amp; @stacyherbert = a better World 
Thank you for the 🍊💊🧡
You are the best",2,0,0
2023-11-10,maxkeiser,"RT @PupusasG: It was 4 months ago, I can't believe how everything has change in my life. Now I know how the fiat money is manipulated, prin…",6,0,0
2023-11-10,maxkeiser,"RT @bitcoinofficesv: Bitcoin policy + regulatory clarity on digital securities = a winning formula for El Salvador

HEADLINE: “El Salvador…",59,0,0
2023-11-10,maxkeiser,"Central banks and nation states are failing. 

#Bitcoin killed them. 

We see a fight for crumbs in Eurasia &amp; the Middle East (violent scum bags killing each other for more worthless paper money in the name of the state or some anarchic religious bullshit 😂😂) 

We see mass… https://t.co/f4nHxdnt4L https://t.co/SzmspdeQMt",50,337,29
2023-11-10,maxkeiser,"RT @maxkeiser: The @Bitcoin_Mermaid was 🔥🔥🔥 last night performing at @Tether_to @bitfinex @AdoptingBTC⁩ party! 

🧜‍♀️ 🧡 🎈 🎉 https://t.co/FC…",26,0,0
2023-11-10,maxkeiser,.@steve_hanke is just more #Bitcoin road kill like @nntaleb @PeterSchiff etc etc https://t.co/nSYL8tShtH https://t.co/djO6o0vdZ2,10,56,9
2023-11-10,maxkeiser,RT @ChrisKnight407: ITS ALL GOING TO ZERO AGAINST #BITCOIN - @maxkeiser https://t.co/0jjnnHaCfa,22,0,0
2023-11-10,maxkeiser,"RT @Bitcoin_Mermaid: Dollar Apocalypse, the first song that was produced specifically for Max &amp; Stacy, my greatest source of inspiration 🍊💊…",10,0,0
2023-11-10,maxkeiser,"False. 

Money existed before the state. 

Bitcoin separates money from state. 

Bitcoin will kill the state https://t.co/1PuYP1uSJQ",48,390,36
2023-11-10,maxkeiser,"False. 

Money exited before the state. 

Bitcoin separates money from state. 

Bitcoin will kill the state https://t.co/1PuYP1uSJQ",1,20,6
2023-11-09,maxkeiser,"RT @robbiep808x: ""it's all going to zero against bitcoin""
@maxkeiser 
Australia's play tokens valued against #Bitcoin 
if you held onto Aus…",9,0,0
2023-11-09,maxkeiser,"False. 

#Bitcoin, like Gold, has no relationship with any fiat money. 

1 Oz of gold = 1 Oz of gold 

1 BTC = 1 BTC https://t.co/b5mLNWjW54",50,371,42
2023-11-09,maxkeiser,"Nope. 

Nothing is *less* speculative than #Bitcoin 

It’s the only money ever that is mathematically guaranteed to increase your purchasing power over time. 

Nothing else comes close. https://t.co/Ijr555ZxIU",21,170,23
2023-11-09,maxkeiser,RT @maxkeiser: I’m showing the lady at the dry cleaners what happens if you short #Bitcoin https://t.co/x3DRzeS8GS,35,0,0
2023-11-09,maxkeiser,"RT @TuurDemeester: Once Central Banks accept that Bitcoin provides near risk-free alpha, it's off to the races. 
This 2015 paper suggested…",60,0,0
2023-11-09,maxkeiser,RT @CryptoNewsYes: 💥💥💥 @MaxKeiser joins The Alex Jones Show to predict the latest #Bitcoin trends and warn of the suicide bankers that will…,203,0,0
2023-11-09,maxkeiser,RT @Volcano_Energy: @paoloardoino mentioned that Bitcoin is a butterfly effect. He considers chaos as a small butterfly moving its wings. 🦋…,10,0,0
2023-11-09,maxkeiser,"RT @Volcano_Energy: One of the most anticipated talks was by @paoloardoino, titled ""Freedom or Control? We are not monsters. We are just ah…",5,0,0
2023-11-09,maxkeiser,"Use derivatives to naked short-sell ETH ETF to zero! 

Use proceeds to buy #Bitcoin https://t.co/k8xgAIcVyy",14,85,10
2023-11-09,maxkeiser,"Use derivatives to naked short-sell ETH ATM to zero! 

Use proceeds to buy #Bitcoin https://t.co/k8xgAIcVyy",1,8,3
2023-11-09,maxkeiser,I’m showing the lady at the dry cleaners what happens if you short #Bitcoin https://t.co/x3DRzeS8GS,35,429,48
2023-11-09,maxkeiser,"Appalling misguided: 

Buffett &amp; Munger have NEVER created or invented anything. 

Their entire model is leeching off the money printers and parasitically destroying the host economy they’ve infected. 

#Bitcoin fixes this. https://t.co/XgQp58pJAh",130,790,34
2023-11-09,maxkeiser,"The @Bitcoin_Mermaid was 🔥🔥🔥 last night performing at @Tether_to @bitfinex @AdoptingBTC⁩ party! 

🧜‍♀️ 🧡 🎈 🎉 https://t.co/FCQkQitri1",26,173,27
2023-11-09,maxkeiser,"RT @bitcoinofficesv: The best bitcoin companies are adopting El Salvador as their headquarters. 

This is how we become the Silicon Valley…",36,0,0
2023-11-09,maxkeiser,RT @alextalkstweets: @Beiwatch1 @maxkeiser @stacyherbert You can’t win the “Max Keiser Best Dressed” award without owning one of these #Bit…,4,0,0
2023-11-09,maxkeiser,"The #HaaS buyers are flinging poop. 

$220,000 in play. 

#Bitcoin https://t.co/DzeBQ1zKxC",15,186,17
2023-11-09,maxkeiser,RT @Vivek4real_: You are not bullish enough on #Bitcoin https://t.co/cMta1t9B9Z,469,0,0
2023-11-09,maxkeiser,"It’s an open secret that Buffett &amp; Munger are crooks. 

They hate #Bitcoin because it makes them look stupid, on top of being crooked. https://t.co/MKz5FCuFLQ",256,1424,67
2023-11-09,maxkeiser,"Fiat money cucks will wipe themselves out. Thank you, shrimp dicks. 

$220,000 in play. 

#Bitcoin https://t.co/rCmfJWcf9V",44,351,19
2023-11-09,maxkeiser,"#ElSalvador is a #Bitcoin Maximalist conference 365, 24/7 https://t.co/DLRRxr9w9T",48,607,23
2023-11-09,maxkeiser,RT @elbrandonmartin: The high priest of #Bitcoin @maxkeiser has an exceptional love of music.🎵🎸🎤,6,0,0
2023-11-09,maxkeiser,"RT @elbrandonmartin: @maxkeiser can guide you though the seas of shitcoins for a bright orange future with #bitcoin💥💥💥

Join SA (shitcoiner…",3,0,0
2023-11-09,maxkeiser,RT @srebrin: The original earliest bitcoin apostols in flesh and blood at @AdoptingBTC- the one and only @maxkeiser  @stacyherbert https://…,29,0,0
2023-11-08,maxkeiser,Best legs in #Bitcoin https://t.co/CVM3bhAeyt,6,108,38
2023-11-08,maxkeiser,RT @michelleweekley: #Bitcoin ‘ers don’t give a f*ck about bear markets.” @stacyherbert 💯🎯,7,0,0
2023-11-08,maxkeiser,"RT @FarooqAhmedX: The US Dollar is backed by men with guns – @paulkrugman  

#Bitcoin is backed by peace – @maxkeiser https://t.co/H6hOGWlX…",31,0,0
2023-11-08,maxkeiser,"RT @elbrandonmartin: Is #Bitcoin a cult?

@maxkeiser🔥

#BTC $34,749💥💥💥 https://t.co/paxLFxztAa",6,0,0
2023-11-08,maxkeiser,"RT @MaxAndStacyFest: The Max &amp; Stacy Tour is coming to @AdoptingBTC 

“BUILDING #BITCOIN  COUNTRY IN #ElSalvador” 🇸🇻 🧢 🌋 🏄‍♀️ 

Sponsored b…",11,0,0
