Timestamp,Username,Tweet Content,Retweets,Likes,Replies
2023-10-30,APompliano,"Bitcoin was built for this moment. 

The best investors in the world are rotating their capital — you better be paying attention. 

READ: https://t.co/Z8XWkmq8JI https://t.co/wlHxyv3IEZ",19,105,22
2023-10-30,APompliano,"People are dropping bonds &amp; buying bitcoin.

""Bitcoin provides predictability regardless of what happens in the world...predictability is foreign to financial markets because the legacy system has become a reactive cesspool of guessing &amp; human error.""

https://t.co/Z8XWkmq8JI",12,70,20
2023-10-27,APompliano,"I spoke with @WClementeIII about bitcoin, spot ETF rumors, interest rates, national debt, supply illiquidity, and the halving. 

He answered it all with clarity.

Apple: https://t.co/yoeMw7luXw
Spotify: https://t.co/TDsYBV4NTz https://t.co/QQGjsHwIzz",77,465,65
2023-10-25,APompliano,"@GhostofWhitman @TheBTCTherapist If this was actually a big deal, then new corporations would have purchased bitcoin after the change in rules.

Not one new public company bought since the rule change so the market is rejecting the idea that the rule was preventing corporations from buying.",0,1,2
2023-10-25,APompliano,"Bitcoin is up more than 100% to start the year.

I joined @SquawkCNBC this morning to discuss why investors are interested in the decentralized currency amid the chaos and uncertainty of the modern world. https://t.co/rUNy9oAT8u",567,3006,235
2023-10-25,APompliano,"Why is bitcoin outperforming bonds?!

Bonds historically have been considered a safe haven asset, but it appears bitcoin is starting to steal the spotlight.

This comes days after BlackRock CEO Larry Fink said allocating to bitcoin was “a flight to quality.”

Capital flows drive… https://t.co/e75XSVfgjl https://t.co/vjLWpHAjnM",189,998,58
2023-10-25,APompliano,"I’ll be on @SquawkCNBC at 8:30am this morning to discuss why bitcoin remains the most important asset in global finance.

People lie, markets don’t.

See you all soon :)",28,424,56
2023-10-24,APompliano,"RT @APompliano: Financial markets are screaming a message long and clear about the current situation.

You can understand a lot by watching…",16,0,0
