Timestamp,Username,Tweet Content,Retweets,Likes,Replies
2023-11-06,DocumentingBTC,"New record #bitcoin hashrate!
460,000,000,000,000,000,000x per second https://t.co/gu31erNQD8",602,2921,127
2023-11-04,DocumentingBTC,"₿𝗥𝗘𝗔𝗞𝗜𝗡𝗚: New record #bitcoin hashrate!
450,000,000,000,000,000,000x per second https://t.co/ynXIaY8WQu",1029,4661,204
2023-11-02,DocumentingBTC,"Michael @Saylor founded the largest independent publicly-traded analytics and business intelligence company. 

His company owns $4 billion of #bitcoin

“You can never have enough #bitcoin”,
says @saylor after buying even more today.

 https://t.co/t9E7R4umxu",305,1170,64
2023-11-02,DocumentingBTC,#Bitcoin was the best asset you could have bought before the global pandemic started. https://t.co/BYi6hLR0l9,188,661,55
2023-11-02,DocumentingBTC,"Warming a building during the winter using smart electric #bitcoin mining heaters.

 https://t.co/HduYkhhijd",264,1329,46
2023-11-02,DocumentingBTC,"Professor @KorokRay teaches accounting at Texas A&amp;M University and was on the White House Council of Economic Advisers during the 2008 financial crisis.

@KorokRay says, “#Bitcoin can easily replace gold. No other crypto coin is competing with #bitcoin.”

https://t.co/hXkAY40M6h",34,139,23
2023-11-02,DocumentingBTC,#Bitcoin is either the best or worst performing asset in the world every year. https://t.co/T9BJMdw47k,277,1000,81
2023-11-01,DocumentingBTC,"Progress of the next bitcoin halving: 88%
           ~175 days and 25,138 blocks https://t.co/89MQ84O6zi",126,508,45
2023-11-01,DocumentingBTC,The iconic orange #bitcoin logo was published on BitcoinTalk 13 years ago today! https://t.co/ma4wDxx8Ua,250,1363,67
2023-11-01,DocumentingBTC,"Environmental scientist @Jyn_urso working on climate change statistical modeling finds, “#bitcoin helps build renewables”

“As you put more solar and wind energy on the grid, it’s more difficult to balance the supply. #Bitcoin mining is a flexible tool.”

https://t.co/hCVXG1a25g",153,574,42
2023-11-01,DocumentingBTC,"“People see #bitcoin as safe haven”, says Queens’ College Cambridge President. 

Dr. @Elerianm was previously chair of President Obama’s Global Development Council and Deputy Director at the International Monetary Fund.

https://t.co/UqcgcmInAo",211,833,27
2023-10-31,DocumentingBTC,Satoshi Nakamoto published the historic #Bitcoin Whitepaper 15 years ago today. https://t.co/ys2VVjEB1o,361,1284,84
