Timestamp,Username,Tweet Content,Retweets,Likes,Replies
2023-10-31,kucoincom,"🇦🇪 #UAE crypto enthusiasts have spoken! 72% choose #Bitcoin. What's driving this trend? 

📊 Uncover the secrets behind this trend with our latest #IntotheCryptoverse UAE report and discover more insights from the country's #crypto landscape. 👇",22,88,37
2023-10-31,kucoincom,"Happy #BitcoinWhitepaperDay, KuCoin fam! 🥳

it's been 15 years since the release of the #Bitcoin whitepaper. Can you summarize Satoshi's idea in 10 words? 📄🤔 https://t.co/x5YYb4a5p0",34,172,76
2023-10-31,kucoincom,"🚀 Today's top #crypto highlights on #KuCoinMarketWatch ⤵️

🟢 #Valkyrie updates spot #BitcoinETF application for #SEC

🟢 #Bitcoin mining difficulty hits historic high, up 2.35% to 62.46T

🟢 $POLYX, $ARK, $GAS surge as Korean investments grow

Swipe right for more news ➡️",19,75,44
2023-10-31,kucoincom,"🚀 Today's top #crypto highlights on #KuCoinMarketWatch ⤵️

🟢 #Valkyrie updates spot #BitcoinETF application for #SEC

🟢 #Bitcoin mining difficulty hits historic high, up 2.35% to 62.46T

🟢 $POLYX, $ARK, $GAS surge as Korean investments grow

Swipe right for more news ➡️",0,0,0
2023-10-26,kucoincom,"🚀 Explore the latest #crypto news on #KuCoinMarketWatch ⤵️

🟢 $BTC dominance hits new high in 30 months

🟢 #Polygon launches $POL contract on #Ethereum mainnet with 10B token supply

🟢 #Memecoins $PEPE, $SHIB, $FLOKI and #BITCOIN see rotation gains

Swipe right for more ➡️",36,169,107
2023-10-25,kucoincom,What #crypto are you most bullish on apart from #Bitcoin rn? 🐂,134,816,1148
