Timestamp,Username,Tweet Content,Retweets,Likes,Replies
2023-10-24,Bitcoin,"#Bitcoin: Defending the future of finance, one block at a time. 🛡 ⚔ https://t.co/QdXpACAkO3",306,1491,171
2023-10-23,Bitcoin,"(BTC-Silver):     💿 1,322.70 oz

#Bitcoin  #BTC  $BTC $SILVER",80,436,62
2023-10-23,Bitcoin,"#Bitcoin is the vault of the future, where we keep our ""crypto-nuggets"" safe from economic pirates and inflationary storms. 🛡 🏴‍☠️ https://t.co/04Vu8XklQv",442,1597,187
2023-10-23,Bitcoin,"Stacking sats, building dreams. #Bitcoin is the ultimate investment. Food for thought.🥞💭 https://t.co/n4Py9Utpfg",776,2975,346
2023-10-22,Bitcoin,"#SatoshiNakamoto, the elusive pioneer, unearthed the digital treasure chest we now call #Bitcoin - an innovation more precious than gold, hidden in the codes of the future. https://t.co/HiRT2BIsNm",542,2016,226
2023-10-22,Bitcoin,"(BTC-Silver):     💿 1,265.16 oz

#Bitcoin  #BTC  $BTC $SILVER",146,640,110
2023-10-22,Bitcoin,#Bitcoin is rewriting the rules and leaving monumental footprints in the sands of finance. 👣 🏜 https://t.co/Md6JzPJx0e,703,2924,321
2023-10-21,Bitcoin,"(BTC-Gold):     📀 15.0872 oz

#Bitcoin  #BTC  $BTC $GOLD",142,693,92
2023-10-21,Bitcoin,"#Bitcoin is etching its code into our thoughts, sparking curiosity, and imprinting on the canvas of our minds. Think big! 🧠💭 https://t.co/0mGEeqt8LD",433,1836,293
2023-10-21,Bitcoin,#Bitcoin is unlocking the gateway to a decentralized dimension of opportunity and empowerment. https://t.co/TNqgKjy8OC,629,2234,283
2023-10-21,Bitcoin,"#Bitcoin: Where vision meets innovation, unlocking a future unseen. A decentralized tapestry woven with the threads of possibility. https://t.co/zpF0l5e8fj",462,1476,148
2023-10-20,Bitcoin,RT @TuurDemeester: This is what an economy with high savings rates produces: beautiful products still used by the buyer’s grandchildren. It…,86,0,0
2023-10-20,Bitcoin,"(BTC-Gold):     📀 14.5364 oz

#Bitcoin  #BTC  $BTC $GOLD",187,810,134
2023-10-19,Bitcoin,"RT @bitcoincoreorg: Bitcoin Core 25.1 was released!
It is available from: https://t.co/PdU8izIuk5
Release annoucement: https://t.co/Iszc8Pm…",141,0,0
2023-10-19,Bitcoin,"The #Bitcoin awakening: Where code meets currency, and the future comes to life. https://t.co/QZPKZOoOB8",703,2582,291
2023-10-19,Bitcoin,"#Bitcoin is shattering old paradigms and exploding into the future. Join the peaceful revolution, embrace the potential! https://t.co/LSxl94fmuK",608,2241,306
2023-10-18,Bitcoin,"$28,408.80

#Bitcoin  #BTC  $BTC $USD",297,1411,203
2023-10-17,Bitcoin,"(BTC-Gold):     📀 14.8387 oz

#Bitcoin  #BTC  $BTC $GOLD",192,623,135
2023-10-17,Bitcoin,Rest easy with #Bitcoin: the future of financial security. https://t.co/tH6J4nxWBb,785,3081,363
2023-10-17,Bitcoin,"(BTC-Gold):     📀 14.7634 oz

#Bitcoin  #BTC  $BTC $GOLD",194,840,147
