Timestamp,Username,Tweet Content,Retweets,Likes,Replies
2023-10-13 16:44:00,krakenfx,"12 years ago today #Litecoin, the silver to Bitcoin's gold was created.

Happy Birthday to one of the first altcoins that changed everything!",41,251,70
2023-10-13 15:52:33,krakenfx,@MMCrypto Bitcoin does it all! 💪,2,18,3
2023-10-13 14:56:39,krakenfx,"@BitcoinMagazine @PrincFilip1 Technology for the future, available now. Don't sleep on Bitcoin! 😉 🧡",0,11,4
2023-10-13 14:42:38,krakenfx,@BitcoinMagazine Welcome to the Bitcoin family president! 🧡,1,26,4
2023-10-13 14:08:06,krakenfx,@WhaleChart Bitcoin 🧡,1,10,4
2023-10-12 20:04:20,krakenfx,@WhaleChart Integrate Bitcoin payments into Meta then 😉,2,20,1
2023-10-12 17:34:11,krakenfx,"@WClementeIII Her: ""I want to feel secure""
Bitcoin: ""Hold my beer""",0,12,3
2023-10-12 17:08:08,krakenfx,"@Bitcoin When the seas are stormy, HODL! 😉",1,15,5
2023-10-11 15:00:10,krakenfx,"@BTCTN That's because Bitcoin is unlike anything else. Many have tried, but none come close!",1,5,3
2023-10-10 21:07:01,krakenfx,JUST IN: We 🧡 #bitcoin,24,320,117
2023-10-10 17:23:32,krakenfx,@saylor Realize that there is an alternative #Bitcoin 🧡,3,51,6
2023-10-10 14:44:16,krakenfx,@Bitcoin Bitcoin rocks 🧡 🙌,2,14,8
