Timestamp,Username,Tweet Content,Retweets,Likes,Replies
2023-12-15,Bitcoin,The Grumpy Crypto Bear No Longer Wants to Play. #Bitcoin Paves the Way To a Healthy Upward Trend. 📈 https://t.co/PmgJ1JXMkm,65,340,70
2023-12-15,Bitcoin,"December 15, 2023 @ 07:20 AM (UTC)
Current Price of Bitcoin

(BTC-USD):        $42,649.60
(BTC-EUR):        €38,827.98",86,375,86
2023-12-15,Bitcoin,Santa is reconsidering his Naughty List with #Bitcoin in the mix! 🎅💰 #CryptoRedemption https://t.co/hkiXuwxl8B,248,845,171
2023-12-15,Bitcoin,"#Bitcoin is the OG of the digital realm, where old school meets blockchain cool. 💻🚀 #BitcoinClassic #DigitalPioneer https://t.co/yQO0sEYnvD",268,974,176
2023-12-14,Bitcoin,"#Bitcoin Explorers are Navigating the Uncharted Territories of Cryptocurrency, Charting a Course to New Frontiers. 🚀🗺 #CryptoAdventures https://t.co/NBKZgi3sjl",366,1227,147
2023-12-14,Bitcoin,"$42,228.20

#Bitcoin  #BTC  $BTC $USD",157,808,129
2023-12-14,Bitcoin,"#Bitcoin: the currency of the future, making every transaction a symphony of financial innovation. 🎵💸 #BitcoinHarmony https://t.co/EEjRnr8Xw5",492,1549,223
2023-12-14,Bitcoin,"Like clay shaped by skilled hands, #Bitcoin undergoes a dynamic process—forged by innovation, molded by consensus, and solidified by time. https://t.co/xTs5BFBKiy",386,1278,228
2023-12-14,Bitcoin,"$42,801.30

#Bitcoin  #BTC  $BTC $USD",177,799,142
2023-12-14,Bitcoin,#Bitcoin forging through the flames of innovation – a digital currency tempered in the fires of progress. 🔥💰 #CryptoForge https://t.co/ifJprOijSb,485,1468,246
2023-12-13,Bitcoin,"New standards from the @BIS_org that central banks can hold up to 2% of their reserves in crypto starting 1 January 2025.

https://t.co/fXwjJtjsda https://t.co/2Zizv94lER",225,666,92
2023-12-13,Bitcoin,#Bitcoin is igniting a spectacular explosion of new beginnings. #BitcoinBoom #NewBeginnings https://t.co/7hCdQAPG1W,549,1713,185
2023-12-13,Bitcoin,"Don't criticize all the #Bitcoin haters like Munger, Dimon, @PeterSchiff, @paulkrugman, etc. until you have walked a mile in their shoes. https://t.co/p2nfxWwLnW",159,603,91
2023-12-13,Bitcoin,"Don't criticize all #Bitcoin haters like Munger, Dimon, @PeterSchiff, @paulkrugman, etc. until you have walked a mile in their shoes. https://t.co/Shm8Q1a6bK",0,5,6
2023-12-13,Bitcoin,"RT @saylor: FASB has officially adopted Fair Value Accounting for #Bitcoin for fiscal years beginning after Dec 15, 2024. This upgrade to a…",4262,0,0
2023-12-13,Bitcoin,Unyielding and Resourceful: The #Bitcoin Community is full of Individuals Navigating Challenges with Ingenuity and Unity. #BitcoinResilience https://t.co/enzfhT49YW,473,1397,221
2023-12-13,Bitcoin,"History assures us of their inevitable return, but their journey back is a long and uncertain trek. #Bitcoin https://t.co/b8496THhaG",484,1704,277
2023-12-13,Bitcoin,Every moment spent studying #Bitcoin is an investment in the future. Knowledge is the key that unlocks the full potential of this transformative digital currency. 📚💡 #BitcoinStudy https://t.co/OaRD8CinGX,585,1793,190
2023-12-12,Bitcoin,"Our #Bitcoin community is working overtime to ensure the ultimate goal: Fix the Money, Fix the World. 🔧💰🔧🌎 #FixMoneyFixWorld https://t.co/j0jE380CLY",509,1639,184
2023-12-12,Bitcoin,Does he understand what he is doing? 😬 https://t.co/BhT0tFe2Bv,118,487,119
2023-12-12,Bitcoin,"£33,361.92

#Bitcoin  #BTC  $BTC $GBP",156,681,114
2023-12-12,Bitcoin,"In the face of indecision, seize the moment with courage. Every choice is a step toward your extraordinary future. 🌟💪 #Bitcoin #ChooseYourPath https://t.co/wP5m1EMbVV",544,1725,260
2023-12-12,Bitcoin,"Market cycles provide us wisdom in the journey. The patient bull returns, not just stronger, but wiser, ready to navigate the next cycle with insight. #Bitcoin #BullishWisdom https://t.co/HnwB8kDbbY",562,1904,273
2023-12-12,Bitcoin,"€38,652.41

#Bitcoin  #BTC  $BTC  $EUR",150,659,103
2023-12-12,Bitcoin,"#Bitcoin is Forging Change on a Path Less Traveled. Embrace the decentralized journey, where innovation meets a revolution. 🛤️🚀 #BitcoinRevolution #PathLessTraveled #DecentralizedFuture https://t.co/S96RmTFRHd",408,1176,163
2023-12-11,Bitcoin,A $1.5B (36.5k $BTC) market sell order and the #Bitcoin price moves 4.7% down and within five minutes recovers to 2.3% down. Liquidity! https://t.co/NhviGQiLQQ,589,2412,261
2023-12-11,Bitcoin,"Every #Bitcoin block marks a cryptographic milestone, a secure link in the chain of transactions that propels the decentralized network forward. https://t.co/DP2LAOINY4",326,914,119
2023-12-11,Bitcoin,"Will you do today what others won’t; so, you can do tomorrow what others can’t?

Stack those #Bitcoin sats. https://t.co/R1Lc6CI155",372,1352,165
2023-12-11,Bitcoin,"RT @adam3us: everything is good for #bitcoin. it’s like the hulk, if you agitate it gets stronger. https://t.co/4xPetlmhtH",119,0,0
2023-12-11,Bitcoin,"#Bitcoin is Paving the Path to Prosperity, Where the Road Meets the Rainbow of Infinite Possibilities. 🌈🚀 #BitcoinJourney https://t.co/cX6isDn1ml",442,1409,245
2023-12-11,Bitcoin,Embrace the beauty of the present and the limitless potential of the future. #Bitcoin https://t.co/Uvo3GN0pd2,884,2987,331
2023-12-10,Bitcoin,The #Crypto planets are aligning and #Bitcoin is at the center of this promising and decentralized universe. https://t.co/KSybQgyuyQ,636,2062,255
2023-12-10,Bitcoin,"Wealth is a lag measure of your habits. Consistent, positive habits are the architects of enduring prosperity. 💪💰 #WealthBuilding #HabitsDefineSuccess https://t.co/sXlZ9I8636",596,1944,280
2023-12-10,Bitcoin,"Little Bull with Big Dreams spreading #Bitcoin Holiday Cheer! 🎄🚀 Wishing you a Crypto Holiday full of growth, joy, and festive gains! https://t.co/yerI4pfms5",792,2707,323
2023-12-09,Bitcoin,Bitcoin is Unlocking Opportunities and Opening Doors to a Borderless Financial Future. Step through the gateway of innovation and embrace the possibilities. 🔓🚪💰 https://t.co/7aTWx2pA2C,571,1999,376
2023-12-09,Bitcoin,"#Bitcoin is The Heartbeat of Innovation, Pulsating at the Core of a Financial Revolution. 💓 #BitcoinRevolution https://t.co/0gsMLUt5O1",696,2109,265
2023-12-09,Bitcoin,"December 09, 2023 @ 03:07 AM (UTC)
Current Price of Bitcoin

(BTC-USD):        $44,163.80
(BTC-EUR):        €40,992.84",262,942,186
2023-12-09,Bitcoin,"#Bitcoin is weaving its magic web in the financial jungle, just like a tech-savvy spider - catching gains instead of flies! https://t.co/iTkhfWkFuz",473,1396,264
2023-12-08,Bitcoin,"£35,303.56

#Bitcoin  #BTC  $BTC $GBP",169,698,96
2023-12-08,Bitcoin,#Bitcoin whales are actively supporting the cause through strategic investments and contributions. https://t.co/KR6Ih3L7wc,684,2291,282
2023-12-08,Bitcoin,"RT @woonomic: It's very likely we are on the eve of a #Bitcoin spot ETF.

The first commodity ETF was SPDR Gold Trust. It provided a simple…",1203,0,0
2023-12-08,Bitcoin,"£34,688.97

#Bitcoin  #BTC  $BTC $GBP",188,884,164
