Timestamp,Username,Tweet Content,Retweets,Likes,Replies
2023-10-23,binance,"Is it Uptober?

Catch the wave on #Binance!

Trade $50 of #Bitcoin or your other favourite coins on spot to win a share of 5,000 $USDT in token vouchers.

Start here ➡️ https://t.co/ZbP5RGFzpA https://t.co/I5x62RRkQC",286,1401,388
2023-10-21,binance,#Bitcoin,435,2677,482
2023-10-21,binance,"Permissionless blockchains like #Bitcoin can be used by anyone.

However, not all chains work like this, with some requiring invitations to join the network.

Find out the reason here ⤵️
https://t.co/4zF57ATqUQ",149,640,183
