Timestamp,Username,Tweet Content,Retweets,Likes,Replies
2023-10-22,APompliano,"The 21st century is going to be defined by a competition between human-led monetary policy (fiat) and algorithm-led monetary policy (bitcoin).

So far, the former has made you lose purchasing power over time, while the latter has helped you gain it.",64,361,61
2023-10-18,APompliano,"My conversation with Sequoia's @shaunmmaguire is live.

- Why DARPA was researching bitcoin
- Investing $1 billion in SpaceX
- Common traits of best founders
- How Sequoia makes decisions

This is full of information.

Apple: https://t.co/ptwm3yRp84 https://t.co/R60Y49Ut4E",14,96,27
