Timestamp,Username,Tweet Content,Retweets,Likes,Replies
2023-11-13,binance,"~155 days to go.

➡️ https://t.co/F7Vt38oehm https://t.co/jsaNA5Ykhb",56,176,28
2023-11-13,binance,"The #Bitcoin halving.

One of the most talked about events in crypto.

Here's what it's about 👇",450,2052,415
2023-11-11,binance,#Bitcoin +125% YTD.,363,2616,456
2023-11-08,binance,"From playing Bitcoin Button to getting a new hairstyle, there's a lot to try at #BinanceBlockchainWeek

Here's a look at some of the activities so far! https://t.co/RmOUGoLNDQ",274,880,212
