Timestamp,Username,Tweet Content,Retweets,Likes,Replies
2023-11-06,binance,"Getting closer by the day.

Find out everything you need to know about the next #Bitcoin halving.

Go 👉 https://t.co/F7Vt38nGrO https://t.co/vLEq5PNEIS",211,959,199
2023-11-04,binance,"Saving up for something?

A lambo? 1 #Bitcoin? 10,000 cheeseburgers?

Well, here are some strategies you can use to help achieve your goal. https://t.co/EKLaifXGCT",330,1181,261
2023-11-03,binance,"RT @BinanceResearch: Time to look at this month's market insights!  

Our research team analysed the state of the crypto market and provide…",86,0,0
2023-11-03,binance,"Reminder - wallet maintenance for the #Bitcoin network has begun.

Please note that all withdrawals on the #BTC network will be suspended for an estimated period of 30-minutes.

Deposits are not impacted and withdrawals will resume once the maintenance is complete. https://t.co/6aoQj3bXf0",298,994,232
2023-11-03,binance,"Upcoming #Binance wallet maintenance for the #Bitcoin Network.

🗓️ Today, November 3 at 02:00am UTC.
⏰ Estimated duration: 30-mins

Withdrawals on the #BTC network will be suspended from 02:00am UTC.

Read more ⤵️ https://t.co/zfFIzY24de",133,672,169
2023-11-02,binance,"Is #Bitcoin a safe-haven asset for investors?

With this question being frequently asked, we thought we’d explore the facts.

Find out more 👇
https://t.co/72odiIegGW",292,828,222
2023-11-02,binance,"#Binance will perform wallet maintenance for the #Bitcoin network (BTC) on 3 November 2023 at 02:00am UTC.

https://t.co/dryr3SOSWB",312,1366,262
2023-11-01,binance,"$35,000 for 1 #Bitcoin",660,3296,591
2023-11-01,binance,"The #Bitcoin halving.

One of the most anticipated events in crypto, but what does it mean for you?

Find out 👇

https://t.co/Xi8GSaGPnz",537,1535,359
2023-11-01,binance,"The last stop on our Halloween celebrations brought us to South Africa! 

150 community members took part in the festivities and we even took the #Bitcoin button out for a spin. https://t.co/MKMTh9KBI2",216,871,219
2023-10-31,binance,"There's a reason why people call it Uptober.

Here's how #Bitcoin has performed in October over the years. https://t.co/yz5MX1NgN3",534,1758,270
