Timestamp,Username,Tweet Content,Retweets,Likes,Replies
2023-12-15,APompliano,"Coinshares Executive Chairman @dannylmasters has been in bitcoin for over a decade.

We sat down to discuss the digital currency, the Fed, interest rates, market structure, his new tattoo, and what he expects in a bull market. 

Listen: https://t.co/7RcKFRGC6K",25,59,16
2023-12-13,APompliano,"The Fed is pushing the stock market to all-time highs.

Bitcoin and crypto assets will be next.",174,1900,79
2023-12-13,APompliano,"The Greatest Marketing Blitz In Finance History Is Coming

We are on the precipice of one of the largest marketing blitzes in the history of financial markets. The bitcoin spot ETF is rumored to gain approval in early January 2024, which will kick off a global competition between… https://t.co/KVkR5EyNQf",338,1903,113
2023-12-12,APompliano,"David Pakman (@pakman) is one of the best venture capitalists in the world. 

We discussed his views on bitcoin, regulation, stablecoins, why prices are going up, and what he is expecting in 2024.

Give it a listen and let me know what you think. 

Apple: https://t.co/CvHneGBnM8 https://t.co/GlibFFE7ys",73,146,21
2023-12-12,APompliano,"Retail Investors Were Unfazed By The Crash In Asset Prices

There was peak hysteria at the top of the market in 2021. Most people were convinced that stocks, real estate, bitcoin, and other assets could only go up. Amid that chaotic environment, there were a few sane voices that… https://t.co/QyFvavIJCq https://t.co/zB1F5ONzB5",12,52,14
2023-12-12,APompliano,"The bitcoin bull market has begun.

I sat down with CNBC's @TaliaKaplan to discuss financial markets, the Fed, interest rates, bitcoin, and why I expect more capital to flow into the asset class. 

We tried to cover as much as possible. Let me know what you think. https://t.co/ZkoAgfneyD https://t.co/4os5iPmEYx",109,657,68
2023-12-11,APompliano,"There are 689 open roles in the bitcoin and crypto industry.

Companies pushing forward technology adoption and helping to onboard billions of users.

Great pay, flexible locations, and an important mission.

Apply here for free: https://t.co/qXjRKICpnD",18,126,39
2023-12-11,APompliano,"More than 57% of all bitcoin in circulation has not moved in the last 2 years.

Holders rode the asset from $69,000 down to $16,000 and back up to $44,000.

Incredible. An all-time high amount unmoved. https://t.co/mM3KFdtStc",269,2165,153
2023-12-10,APompliano,"Every morning I write a letter to 265,000+ investors about bitcoin, the economy, and financial markets.

It takes less than 5 minutes to read and you are guaranteed to learn something with each letter.

Subscribe: https://t.co/29uk453dzh",15,62,17
2023-12-09,APompliano,The number of unique wallet addresses with at least $100 of bitcoin has skyrocketed to a new all-time high in the last month. https://t.co/sJnLvRR1Cs,268,2055,161
2023-12-09,APompliano,"RT @APompliano: Here is my segment on Making Money with @cvpayne.

- Banks fear bitcoin as competition
- Stablecoins are saving Treasury ma…",230,0,0
2023-12-09,APompliano,This is such an insane chart showing how outsized the risk-reward for bitcoin is compared to any other asset. https://t.co/QIuPtQAGAa,182,1171,63
2023-12-08,APompliano,"Here is my segment on Making Money with @cvpayne.

- Banks fear bitcoin as competition
- Stablecoins are saving Treasury market
- Bitcoin holders aren't selling
- Retail buys more than 900 BTC/day
- Bull market will bring us higher

Same suit. Same tie. Same message. Enjoy :) https://t.co/5DpbZKMNZB",230,1173,107
2023-12-08,APompliano,"I’ll be on Fox Business with @cvpayne at 2:35pm EST to talk bitcoin, regulation, stablecoins, and saving the Treasury market.

See you there.",20,180,24
2023-12-08,APompliano,"RT @APompliano: Microsoft’s VC arm is one of the best corporate venture capital firms on the planet.

I sat down with @peter to talk about…",19,0,0
